Career Name,A Day in the Life,Real-World Impact,Entry Exams,Top Colleges,"Starting Pay (0-5 yrs, LPA)","Mid-Career Pay (5-15 yrs, LPA)","Senior-Level Pay (15+ yrs, LPA)",Top Recruiters,Stability Outlook,Automation Risk,Where You Can Work,Notable People,Sources,Common Specializations (Optional),Eligible Streams (After Class 12),RIASEC Code,RIASEC Scores (0-100)
Acting and Performing Arts,"An actor spends the day rehearsing lines, attending auditions, and performing in front of a camera or a live audience, often repeating the same scene many times until it feels right. Off days go into training the voice and body, and meeting directors or casting agents for new roles.","Actors bring stories to life in films, web series, and TV shows like those made by Yash Raj Films or Dharma Productions, and on OTT platforms like Netflix India, giving people entertainment, comfort, and new ideas to think about.",,,₹2-6 LPA,Highly variable,"Highly variable (a few lakh a year for most, crores for the few who become stars)","Yash Raj Films, Dharma Productions, Netflix India, Zee Studios, National School of Drama repertory, theatre groups like Prithvi Theatre",Medium,Low,Metro cities mainly,Naseeruddin Shah: veteran stage and film actor | Deepika Padukone: leading Bollywood actor | Irrfan Khan: acclaimed film actor,"AmbitionBox, Glassdoor India, industry placement reports, FICCI-EY media and entertainment report","Film Acting: performing for movies and web series in front of a camera | Theatre Acting: performing live on stage in front of an audience | Voice Acting/Dubbing: lending your voice to characters in animation, dubbed films, or ads",All,ASE,R:43.1 | I:15.6 | A:96.6 | S:48.3 | E:44.2 | C:14.2
Actuarial Science,"An actuary uses maths, statistics, and probability to figure out how likely certain risky events are, like accidents or deaths, and then works out how much an insurance company should charge for policies. Most of the day is spent building number models on a computer and explaining these findings to company leaders.","Actuaries help companies like LIC, HDFC Life, and ICICI Lombard set fair insurance prices, so that when someone's house burns down or a family loses an earning member, there is money set aside to support them.",,,₹6-10 LPA,₹15-35 LPA,₹40-80 LPA,"LIC, HDFC Life, ICICI Lombard, SBI Life, Willis Towers Watson, Milliman",High,Medium,Metro cities mainly,Liyaquat Khan: past IAI president and actuary | K. Subrahmanyam: senior LIC actuary | Rajesh Dalmia: actuarial consultant and author,"Institute of Actuaries of India, AmbitionBox, Glassdoor India, industry placement reports","Life Insurance Actuary: calculates risk and pricing for life insurance policies | Health Insurance Actuary: works out pricing and risk for medical insurance plans | General Insurance Actuary: handles risk for car, home, and property insurance","Science (PCM), Commerce",CIE,R:13.0 | I:57.5 | A:2.2 | S:24.8 | E:38.8 | C:88.2
Public Administration (Civil Services),"A civil servant in an administrative post, such as an IAS officer or a state civil service officer, runs a government office. The day goes in meetings with departments, reviewing schemes like roads, schools or ration distribution, hearing citizens' complaints, and visiting villages or project sites. A district officer may also handle elections, disaster relief, or law and order.","Public administrators decide how government money and schemes reach people. A District Collector can speed up flood relief, get a school or hospital built, or make sure welfare schemes such as PM-KISAN reach the right families.","UPSC Civil Services Examination (a national exam for the IAS, IFS, IRS and other central services) or your state's Public Service Commission exam (for state civil services). Both need a bachelor's degree in any subject, so you take them after college.","1. Lal Bahadur Shastri National Academy of Administration (where IAS officers train)
2. St. Stephen's College, Delhi
3. Hindu College, Delhi
4. Lady Shri Ram College for Women, Delhi
5. Jawaharlal Nehru University","₹7-14 LPA (state civil services to IAS, including allowances)",₹15-25 LPA,"₹25-35 LPA (up to the Cabinet Secretary's ₹2.5 lakh a month, plus official housing, car and staff)","Government of India (IAS, IFS, IRS and other central services), State governments (state civil services through state PSCs), Union Public Service Commission, State Public Service Commissions, Municipal corporations",High,Low,"All over India, including district and block offices in small towns",Armstrong Pame: IAS officer who built a 100 km road in Manipur through crowdfunding | T. N. Seshan: former Chief Election Commissioner who reformed elections | Smita Sabharwal: IAS officer known for development work in Telangana,"UPSC and state PSC notifications, Department of Personnel and Training (7th Pay Commission pay matrix)",Indian Administrative Service (IAS): runs districts and ministries | State Civil Services: state-level officers through state PSC exams | Indian Foreign Service: represents India abroad | Indian Revenue Service: tax administration,All,ECS,R:12.2 | I:15.9 | A:2.2 | S:46.9 | E:96.5 | C:79.5
Aerospace Engineering,"An aerospace engineer designs, tests, and improves parts of aircraft, satellites, or rockets, spending the day on computer simulations, running physical tests in wind tunnels or labs, and checking that designs will survive extreme speeds and pressures. They also work with big teams to review drawings and fix problems before something is built.","Their work puts India's satellites into orbit through ISRO (Indian Space Research Organisation), keeps passenger jets flying safely for airlines like IndiGo and Air India, and builds defence aircraft like the Tejas fighter jet.","JEE (Joint Entrance Examination, the national exam to get into engineering colleges) Main and Advanced (for IITs), or state-level engineering entrance exams; GATE (Graduate Aptitude Test in Engineering, needed for master's or government jobs) later for higher studies.","1. IIT Bombay
2. IIT Kanpur
3. IIT Madras
4. IIST Thiruvananthapuram
5. IISc Bangalore
6. Punjab Engineering College",₹4-8 LPA,₹10-18 LPA,₹20-40 LPA,"ISRO, HAL (Hindustan Aeronautics Limited), DRDO (Defence Research and Development Organisation), Boeing India, Airbus India, Tata Advanced Systems",Medium,Low,Metro cities mainly,"A.P.J. Abdul Kalam: former President, rocket scientist; K. Sivan: former ISRO chairman; Ritu Karidhal: senior ISRO scientist on Mars mission","NIRF rankings, AmbitionBox, Glassdoor India, industry placement reports",Aerodynamics: Studies how air flows around aircraft and rockets to make them faster and more stable. | Propulsion: Designs the engines and rocket motors that generate thrust. | Avionics: Works on the electronic systems that let pilots and computers control the aircraft.,Science (PCM),RIC,R:84.3 | I:76.3 | A:11.2 | S:2.1 | E:16.3 | C:64.6
Agricultural Engineering,"An agricultural engineer designs machines, irrigation systems, and storage methods that help farmers grow and save more crops, spending the day visiting fields, testing equipment like tractors or seed-sowing machines, and planning water supply systems for farms.","Their work helps Indian farmers use less water through drip irrigation, reduces crop loss with better storage silos, and powers companies like Mahindra Agri and John Deere India that build tractors used across the country.","JEE (Joint Entrance Examination, the national exam to get into engineering colleges) Main, or state-level engineering entrance exams; ICAR AIEEA (All India Entrance Examination for admission to agricultural universities) for agriculture-focused colleges.","1. IIT Kharagpur
2. Punjab Agricultural University
3. GB Pant University of Agriculture and Technology
4. Anand Agricultural University
5. CCS Haryana Agricultural University
6. Tamil Nadu Agricultural University",₹3-6 LPA,₹7-12 LPA,₹15-25 LPA,"Mahindra Agri Business, John Deere India, ITC Agri Business, government agriculture departments, National Bank for Agriculture and Rural Development (NABARD), Escorts Kubota",High,Low,Tier-2 cities,M.S. Swaminathan: father of India's Green Revolution; Verghese Kurien: dairy and agri-industry pioneer,"NIRF rankings, AmbitionBox, Glassdoor India, industry placement reports","Farm Machinery Design: Builds tractors, harvesters, and tools that make farm work faster. | Irrigation and Water Management: Plans systems that deliver the right amount of water to crops efficiently. | Food and Storage Engineering: Designs warehouses and processing methods that keep harvested food from spoiling.","Science (PCM), Science (PCB)",RIC,R:94.2 | I:88.2 | A:19.8 | S:12.2 | E:21.8 | C:46.2
Agriculture,"An agriculture professional studies soil, crops, and weather, advises farmers on better farming methods, or works on developing new seeds and farming technology. Some days involve visiting farms, other days are spent in a lab or office analyzing data.","Agricultural scientists at ICAR (Indian Council of Agricultural Research) helped develop high-yield wheat and rice varieties that reduced India's dependence on imported food during the Green Revolution, and companies like ITC Limited work with millions of farmers today to improve crop quality and income.","ICAR AIEEA (a national exam to get into agriculture degree programs at government agricultural universities), or state-level agriculture entrance exams; some private colleges admit based on Class 12 marks.","1. Indian Agricultural Research Institute (IARI) New Delhi
2. Punjab Agricultural University
3. Tamil Nadu Agricultural University
4. G.B. Pant University of Agriculture and Technology
5. Anand Agricultural University",₹3-6 LPA,₹7-14 LPA,₹15-30 LPA,"ICAR, state agriculture departments, ITC Limited, Mahindra Agri, Bayer CropScience, Nabard (National Bank for Agriculture and Rural Development)",High,Medium,"Tier-2 cities, and many roles require working in rural areas near farms","M.S. Swaminathan (father of India's Green Revolution), Verghese Kurien (led India's dairy revolution), Kavitha Mishra (agri-entrepreneur)","ICAR reports, NIRF rankings, AmbitionBox, Glassdoor India, industry placement reports","Agronomy: Studying how to grow crops better using soil and water management. | Agricultural Extension: Teaching farmers new techniques and technology to improve yields. | Agribusiness Management: Running the business side of farming, from supply chains to selling produce.","Science (PCB), Science (PCM)",RIC,R:85.6 | I:61.2 | A:6.5 | S:15.3 | E:34.6 | C:51.1
Air Traffic Control,"An air traffic controller sits in a control room or tower, watching radar screens and talking to pilots on the radio to guide planes safely for takeoff, landing, and flying through the sky without crashing into each other. The job needs constant focus because even a small mistake can be dangerous.","Controllers at airports like Delhi's IGI Airport and Mumbai's Chhatrapati Shivaji Airport keep thousands of flights moving safely every day, making sure families reach weddings, business travelers make meetings, and cargo reaches on time.",,,₹6-10 LPA,₹12-25 LPA,₹28-45 LPA,"Airports Authority of India (AAI), Indian Air Force, private airport operators like GMR and Adani Airports, Indian Navy",High,Low,Metro cities mainly,"AAI senior controllers at Delhi and Mumbai ATC (role recognised through AAI service records, individual controllers rarely public figures)","Airports Authority of India recruitment notices, AmbitionBox, Glassdoor India, industry placement reports",,Science (PCM),CRE,R:59.8 | I:33.2 | A:0.0 | S:26.4 | E:56.3 | C:66.0
Airline Pilot,"A trainee pilot spends the day in ground classes learning how planes and weather work, then practices flying in a simulator or a real small aircraft with an instructor watching closely. Later, as a working pilot, the day includes pre-flight checks, flying passengers or cargo, and talking constantly with air traffic control.","Pilots at airlines like IndiGo, Air India, and Vistara safely fly millions of Indians to weddings, jobs, and family visits every year, connecting small towns and big cities across the country.",,,₹8-15 LPA,₹25-60 LPA,₹70 LPA-1.5 Crore,"IndiGo, Air India, Vistara (now part of Air India), SpiceJet, Akasa Air, Indian Air Force",Medium,Low,Metro cities mainly,"Captain Zoya Agarwal: flew the longest polar flight route | Captain Saurabh Bhatnagar: senior commercial pilot and trainer | Rakesh Sharma: first Indian in space, former Air Force pilot","Directorate General of Civil Aviation (DGCA), AmbitionBox, Glassdoor India, industry placement reports",Commercial Airline Pilot: flies passenger planes for airlines on scheduled routes | Cargo Pilot: flies planes that carry goods instead of passengers | Charter/Private Pilot: flies smaller planes for private clients or companies,Science (PCM),RCE,R:62.8 | I:30.8 | A:4.5 | S:25.6 | E:47.8 | C:62.7
Anesthesiology,"An anesthesiologist is the doctor who makes sure a patient feels no pain and stays safely unconscious or numb during surgery, closely watching their heartbeat, breathing, and blood pressure throughout the operation. This career requires first completing MBBS (the basic medical degree doctors need) and then doing further specialized training in anesthesia.","Anesthesiologists working in hospitals like AIIMS, Apollo, and Fortis make it possible for millions of Indians to safely undergo surgeries, from emergency operations to planned procedures like knee replacements, without feeling pain.",,,₹8-15 LPA,₹18-40 LPA,₹45 LPA-1 Crore,"AIIMS, Apollo Hospitals, Fortis Healthcare, Max Healthcare, Manipal Hospitals, government district hospitals",High,Low,Metro cities mainly,"Dr. Naveen Malhotra: past president, Indian Society of Anaesthesiologists | Dr. Raminder Bindra: senior anesthesiologist and educator","National Medical Commission, AmbitionBox, Glassdoor India, hospital placement reports",,Science (PCB),ISR,R:63.2 | I:69.6 | A:1.4 | S:67.9 | E:19.9 | C:56.6
Anthropology and Archaeology,"An anthropologist studies how different groups of people live, think, and organize their societies, often spending months living among a community to observe their customs, while an archaeologist digs at old sites to find pots, tools, and bones that reveal how people lived long ago. Both jobs involve fieldwork outdoors as well as writing reports and research papers.","Archaeologists working with the Archaeological Survey of India have uncovered and protected sites like the ruins at Hampi and the Indus Valley cities, helping India understand and preserve its own history for future generations.",,,₹3-6 LPA,₹7-15 LPA,₹16-30 LPA,"Archaeological Survey of India, National Museum, universities like JNU and Deccan College, UNESCO projects, research institutes",Medium,Low,Tier-2 cities work well,B. B. Lal: renowned Indian archaeologist | Nayanjot Lahiri: historian and archaeologist | Irawati Karve: pioneering Indian anthropologist,"Archaeological Survey of India, UGC reports, AmbitionBox, university placement records","Cultural Anthropology: studies how communities live, believe, and behave today | Archaeology: digs up and studies physical remains from the past | Biological Anthropology: studies human evolution and physical traits across populations",Arts,IAR,R:49.8 | I:97.3 | A:53.5 | S:44.5 | E:10.5 | C:36.5
Architecture,"An architect designs buildings and spaces, drawing plans on computers, visiting construction sites to check progress, and meeting clients to understand what they want built. A typical day mixes creative design work with practical problem-solving about materials and safety.","Architects designed iconic Indian buildings like the Lotus Temple in Delhi and the Statue of Unity's visitor complex in Gujarat, and every school, hospital, and home you've ever entered was shaped by an architect's plans before it was built.","NATA (National Aptitude Test in Architecture, checks drawing and design skills) or JEE Main Paper 2 (an engineering entrance exam with a special paper for architecture admissions).","1. School of Planning and Architecture Delhi
2. IIT Roorkee
3. Sir J.J. College of Architecture Mumbai
4. CEPT University Ahmedabad
5. Sushant School of Art and Architecture",₹3-6 LPA,₹8-15 LPA,₹18-40 LPA,"L&T Construction, DLF, Hafeez Contractor's firm, government urban development bodies, HCP Design and Project Management, independent architecture firms",Medium,Low,"Metro cities mainly, though Tier-2 cities are growing in demand as real estate expands","Charles Correa (designed many landmark Indian buildings), Hafeez Contractor (well-known commercial architect), B.V. Doshi (Pritzker Prize winning architect)","NIRF rankings, Council of Architecture reports, AmbitionBox, Glassdoor India, industry placement reports",Residential Architecture: Designing homes and housing complexes for individuals or builders. | Urban Planning: Designing how entire neighborhoods or cities are laid out. | Interior Architecture: Focusing on designing the inside spaces of buildings like offices and homes.,Science (PCM),RAC,R:71.6 | I:54.7 | A:57.2 | S:20.8 | E:32.4 | C:55.7
Armed Forces (Military Services),"An officer in the Indian Army, Navy, or Air Force leads a team of soldiers, sailors, or airmen, plans and carries out training or missions, and takes responsibility for their unit's safety and readiness. A typical day could involve physical training, operating equipment, or making quick decisions during an exercise or real operation.","Armed forces officers protect India's borders and respond during disasters, like when the Army carried out flood rescue operations in Kerala or the Air Force airlifted supplies during the COVID-19 pandemic, directly protecting citizens' lives.","NDA (National Defence Academy exam, for students right after Class 12 to join the Army, Navy, or Air Force as officers) or CDS (Combined Defence Services exam, for graduates who want to become officers) both conducted by UPSC (Union Public Service Commission, the body that runs major government exams).","1. National Defence Academy (NDA) Khadakwasla
2. Indian Military Academy (IMA) Dehradun
3. Officers Training Academy (OTA) Chennai
4. Indian Naval Academy Ezhimala
5. Air Force Academy Hyderabad",₹6-10 LPA (including salary and allowances),₹12-20 LPA,"₹25-40+ LPA (for senior ranks like Colonel and above, including allowances and benefits)","Indian Army, Indian Navy, Indian Air Force, Coast Guard, Border Security Force (a separate paramilitary force guarding India's borders)",High,Low,"Requires postings across India, including remote and border areas, not a fixed-location job","Field Marshal Sam Manekshaw (led Indian Army during the 1971 war), Marshal Arjan Singh (only Indian Air Force officer to hold five-star rank), Admiral Sunil Lanba (former Indian Navy chief)","UPSC official website, Indian Army/Navy/Air Force recruitment portals, defence placement reports","Army: Land-based operations, leading infantry, tank, or engineering units on ground missions. | Navy: Sea-based operations, commanding or serving on warships and submarines to protect India's coasts and waters. | Air Force: Air-based operations, flying fighter jets or transport aircraft and managing air defense systems.",All,RCE,R:72.7 | I:29.3 | A:1.2 | S:40.8 | E:51.3 | C:55.8
Artificial Intelligence and Data Science,"A professional in this field writes computer programs that learn patterns from large amounts of data, spending the day cleaning messy data, training models on computers, and checking whether the model's predictions (like recommending a movie or detecting fraud) are actually correct.","This work powers the recommendations you see on Flipkart and Netflix, helps banks like HDFC catch fraudulent transactions, and lets companies like Ola predict the best routes and prices in real time.","JEE (Joint Entrance Examination, the national exam to get into engineering colleges) Main and Advanced, or state-level engineering entrance exams, for BTech programs specifically titled AI and Data Science offered by many colleges.","1. IIT Hyderabad
2. IIIT Hyderabad
3. VIT Vellore
4. SRM Institute of Science and Technology
5. PES University
6. Manipal Institute of Technology",₹5-10 LPA,₹15-25 LPA,₹30-60 LPA,"TCS, Infosys, Google India, Microsoft India, Amazon India, Flipkart",High,Medium,Works from anywhere,Andrew Ng: globally known AI educator; Rajat Monga: co-creator of TensorFlow; Anima Anandkumar: AI researcher at Caltech and Nvidia,"NIRF rankings, AmbitionBox, Glassdoor India, industry placement reports","Machine Learning Engineering: Builds and deploys the models that make predictions inside real apps. | Data Analysis: Studies existing data to find trends and help companies make decisions. | Natural Language Processing: Teaches computers to understand and generate human language, like chatbots.",Science (PCM),ICR,R:32.6 | I:99.8 | A:29.7 | S:13.8 | E:18.3 | C:68.2
Arts,"Someone in the arts might paint, sculpt, write, act, or study human history and culture, spending days practicing their craft, exhibiting or performing work, or researching and discussing ideas in classrooms and libraries. The exact routine depends heavily on which art form or subject they focus on.","Artists like M.F. Husain shaped how the world sees Indian painting, while graphic designers and illustrators working for brands like Amul create the visual ads and mascots millions of Indians recognize every day.","No single fixed entrance exam — many colleges take students based on Class 12 marks, a portfolio of artwork, or their own entrance test; fine arts programs often require a practical drawing or design test.","1. Sir J.J. School of Art Mumbai
2. Faculty of Fine Arts Maharaja Sayajirao University Baroda
3. Delhi College of Art
4. Kala Bhavana Visva-Bharati Santiniketan
5. Lady Shri Ram College for Women
6. National Institute of Design",₹2.5-5 LPA,₹6-12 LPA,₹15-35 LPA,"Advertising agencies like Ogilvy India, art galleries, publishing houses, media houses, universities and colleges (for teaching), self-employment as independent artists",Medium,Medium,"Metro cities mainly for galleries and agencies, but works from anywhere is increasingly possible for freelance artists and writers","M.F. Husain (celebrated modern Indian painter), Amrita Sher-Gil (pioneering Indian painter), Anjolie Ela Menon (contemporary Indian artist)","NIRF rankings, AmbitionBox, Glassdoor India, gallery and industry placement reports","Visual/Fine Arts: Creating paintings, sculptures, or other artwork for galleries and exhibitions. | Graphic and Applied Design: Using art skills commercially for ads, branding, and illustration. | Liberal Arts and Humanities: Studying subjects like literature, philosophy, or culture and often teaching or writing about them.",All,ARE,R:54.9 | I:23.4 | A:94.1 | S:21.3 | E:41.5 | C:31.1
Audiology,"An audiologist tests people's hearing using special machines, helps fit hearing aids, and works with patients (including babies and elderly people) who have hearing or balance problems. Most of the day is spent in a clinic or hospital doing tests and talking with patients about their results.","Audiologists working at hospitals like AIIMS help identify hearing loss in newborns early so they can get treatment before it affects their speech and learning, and companies like Cochlear India provide hearing implants that let deaf children hear sound for the first time.","NEET (National Eligibility cum Entrance Test, mainly for medical courses, though audiology entry is often through this or direct college admission) or state-level entrance exams for Bachelor of Audiology and Speech-Language Pathology (BASLP) programs; some colleges admit based on Class 12 marks.","1. All India Institute of Speech and Hearing Mysore
2. AIIMS New Delhi
3. Ali Yavar Jung National Institute of Speech and Hearing Disabilities Mumbai
4. Christian Medical College Vellore
5. Sri Ramachandra Institute of Higher Education and Research",₹3-5 LPA,₹6-10 LPA,₹12-20 LPA,"AIIMS and other government hospitals, Cochlear India, Starkey Hearing India, Apollo Hospitals, private hearing aid clinics, special schools for hearing-impaired children",High,Low,"Metro cities mainly, though Tier-2 cities work well for clinic-based practice","Dr. S.K. Kacker (pioneer in Indian ENT and hearing sciences), Dr. Vijayalakshmi Basavaraj (founder of speech and hearing research in India)","Rehabilitation Council of India reports, AmbitionBox, Glassdoor India, hospital placement reports",,Science (PCB),ISR,R:49.7 | I:82.2 | A:19.7 | S:82.0 | E:13.5 | C:49.5
Automobile Engineering,"An automobile engineer designs and tests parts of cars, bikes, or trucks, spending the day working on engine or body designs using computer software, running crash and performance tests, and solving problems that come up on the factory floor.","Their work brings new car models from Tata Motors and Mahindra to Indian roads, improves fuel efficiency and safety features, and is behind the shift to electric vehicles being made by companies like Ola Electric and Tata.","JEE (Joint Entrance Examination, the national exam to get into engineering colleges) Main, or state-level engineering entrance exams; GATE (Graduate Aptitude Test in Engineering) later for higher studies or government jobs.","1. VIT Vellore
2. SRM Institute of Science and Technology
3. Madras Institute of Technology
4. PSG College of Technology
5. Vellore Institute of Technology
6. MIT Manipal",₹3-6 LPA,₹8-14 LPA,₹18-30 LPA,"Tata Motors, Mahindra & Mahindra, Maruti Suzuki, Bajaj Auto, Ashok Leyland, Ola Electric",Medium,Medium,Metro cities mainly,Ratan Tata: led Tata Motors and the Tata Nano project; Pawan Goenka: former Mahindra Group executive and auto engineer,"NIRF rankings, AmbitionBox, Glassdoor India, industry placement reports","Vehicle Design: Works on the shape, structure, and comfort of cars and bikes. | Powertrain Engineering: Focuses on engines, motors, and how vehicles convert energy into motion. | Electric Vehicle Engineering: Designs batteries and electric motors for the growing EV industry.",Science (PCM),RIC,R:93.1 | I:75.3 | A:16.3 | S:3.1 | E:11.5 | C:54.2
Aviation Engineering and Maintenance,"An aviation maintenance engineer inspects, repairs, and services aircraft parts like engines and landing gear to make sure planes are completely safe before they fly. The work happens mostly in hangars, checking systems against strict safety checklists.","Engineers working with Air India, IndiGo, and Hindustan Aeronautics Limited (HAL) keep aircraft airworthy and safe, which is why flights carrying millions of Indian passengers each year land safely.",,,₹4-8 LPA,₹10-22 LPA,₹25-45 LPA,"Air India, IndiGo, Hindustan Aeronautics Limited (HAL), GMR Aero Technic, Indian Air Force, Boeing/Airbus India service centers",High,Medium,Metro cities mainly,R. Madhavan (HAL): former HAL chairman and aerospace engineer | engineers certified under DGCA's AME licensing recognized across major Indian airlines,"Directorate General of Civil Aviation (DGCA), AmbitionBox, Glassdoor India, industry placement reports",Airframe Maintenance: repairs and inspects the plane's body and structure | Engine Maintenance: services and fixes aircraft engines | Avionics Maintenance: works on a plane's electronic and navigation systems,Science (PCM),RCI,R:97.5 | I:51.0 | A:1.3 | S:5.8 | E:7.5 | C:59.2
Ayurveda,"An Ayurvedic doctor examines patients, diagnoses illness using traditional methods alongside modern checks, and prescribes herbal medicines, diet changes, and therapies like massage or yoga. A typical day is much like a regular doctor's, but treatments rely on natural remedies rather than only modern pharmaceutical drugs.","Ayurvedic doctors at hospitals run by trusts and government AYUSH (Ayurveda, Yoga, Unani, Siddha, Homeopathy) departments treat chronic conditions like arthritis and digestive disorders, and companies like Patanjali Ayurved and Himalaya Wellness turn traditional remedies into products used by millions of Indian households.","NEET (National Eligibility cum Entrance Test, the same exam used for medical college admissions in India, also required for BAMS - Bachelor of Ayurvedic Medicine and Surgery).","1. Institute of Post Graduate Teaching and Research in Ayurveda Jamnagar
2. Banaras Hindu University Ayurveda Faculty
3. National Institute of Ayurveda Jaipur
4. Government Ayurved College Nagpur
5. Patanjali Bhartiya Ayurvigyan evam Anusandhan Sansthan",₹3-5 LPA,₹6-12 LPA,₹15-30 LPA,"Government AYUSH hospitals, Patanjali Ayurved, Himalaya Wellness, Dabur India, private Ayurvedic clinics and wellness resorts",High,Low,"Tier-2 cities, and many Ayurvedic practitioners work well in smaller towns and wellness retreat locations","Acharya Balkrishna (co-founder of Patanjali Ayurved), Dr. Vasant Lad (globally known Ayurveda educator), Dr. B.N. Gupta (senior Ayurveda physician and researcher)","Ministry of AYUSH reports, NIRF rankings, AmbitionBox, Glassdoor India, industry placement reports",Clinical Ayurveda Practice: Diagnosing and treating patients directly using Ayurvedic medicine. | Panchakarma Therapy: Specializing in detox and wellness treatments like massage and cleansing therapies. | Ayurvedic Pharmaceuticals: Working on formulating and manufacturing herbal medicines for companies.,Science (PCB),IRC,R:54.5 | I:100.0 | A:23.7 | S:38.2 | E:20.3 | C:45.0
Biochemical Engineering,"A biochemical engineer designs the large machines and processes used to grow living cells or convert raw biological material into useful products, spending the day monitoring fermentation tanks, adjusting temperature and chemical levels, and scaling up lab experiments into factory-sized production.","Their work is behind vaccines made by Indian companies like Serum Institute of India and Bharat Biotech, insulin production, and biofuels that reduce dependence on petrol and diesel.","JEE (Joint Entrance Examination, the national exam to get into engineering colleges) Main, or state-level engineering entrance exams; GATE (Graduate Aptitude Test in Engineering) for higher studies or public sector jobs.","1. IIT Delhi
2. IIT Kharagpur
3. ICT Mumbai (Institute of Chemical Technology)
4. Panjab University
5. Jadavpur University
6. BIT Mesra",₹4-7 LPA,₹9-15 LPA,₹18-30 LPA,"Serum Institute of India, Bharat Biotech, Biocon, Dr. Reddy's Laboratories, Cipla, Reliance Life Sciences",High,Low,Metro cities mainly,Kiran Mazumdar-Shaw: founder of Biocon; Cyrus Poonawalla: founder of Serum Institute of India,"NIRF rankings, AmbitionBox, Glassdoor India, industry placement reports",Fermentation Process Engineering: Manages the large-scale growing of microorganisms to make medicines or chemicals. | Bioprocess Design: Designs the equipment and steps used to purify biological products. | Biofuel Engineering: Works on converting plant or waste material into usable fuel.,"Science (PCM), Science (PCB)",IRC,R:76.8 | I:91.7 | A:19.6 | S:14.6 | E:14.0 | C:53.7
Biochemistry,"A biochemist works in a lab studying the chemical processes inside living things — like how cells make energy or how diseases change body chemistry — running experiments and analyzing results to understand health and disease better. Most of the day involves precise lab work with chemicals, samples, and lab equipment.","Biochemists at companies like Biocon and Dr. Reddy's Laboratories help develop new medicines by understanding how drugs interact with the body at a chemical level, which is how India became a major global supplier of affordable generic medicines.","No single fixed entrance exam for a Biochemistry bachelor's degree — most colleges admit based on Class 12 marks (with Biology and Chemistry); for master's or research roles, exams like CSIR-NET or GATE (a national exam for science and engineering postgraduate admissions and research jobs) become relevant.","1. University of Delhi
2. Christ University Bangalore
3. Fergusson College Pune
4. Madras Christian College
5. St. Xavier's College Mumbai
6. Panjab University",₹3-5.5 LPA,₹7-14 LPA,₹16-30 LPA,"Biocon, Dr. Reddy's Laboratories, Sun Pharma, research institutes like the Indian Institute of Science, diagnostic labs like Dr. Lal PathLabs",Medium,Low,"Metro cities mainly, since most pharma and research labs are based in major cities","G.N. Ramachandran (renowned Indian biochemist, known for protein structure research), Obaid Siddiqi (pioneering Indian molecular biologist), Kiran Mazumdar-Shaw (Biocon founder, biotech-biochemistry entrepreneur)","NIRF rankings, UGC reports, AmbitionBox, Glassdoor India, pharma industry placement reports",Clinical Biochemistry: Testing patient samples in hospitals and diagnostic labs to detect disease. | Pharmaceutical Research: Studying drug chemistry to help develop new medicines. | Academic Research: Working in universities or research institutes studying fundamental life chemistry.,Science (PCB),IRC,R:67.8 | I:97.2 | A:21.3 | S:20.2 | E:20.1 | C:56.2
Bioinformatics,"A bioinformatics professional uses computer programs to study biological data, like DNA sequences, to help answer questions in medicine and research, such as which gene causes a disease. Most of the day is spent writing code, running analysis software, and working with large sets of biological data.","Bioinformatics experts working with companies like Biocon and research institutes like CCMB help develop new medicines and understand diseases faster, such as by analyzing COVID-19 virus mutations during the pandemic.",,,₹4-8 LPA,₹10-25 LPA,₹28-50 LPA,"Biocon, CCMB (Centre for Cellular and Molecular Biology), Strand Life Sciences, TCS Life Sciences, Illumina India, national research labs",High,Medium,Works from anywhere,"Samir Brahmachari: former CSIR chief, genomics researcher | Vinod Scaria: genomics and bioinformatics scientist","AmbitionBox, Glassdoor India, DBT (Department of Biotechnology) reports, industry placement reports",Genomics Analysis: studies DNA data to find patterns linked to diseases | Drug Discovery Informatics: uses data to help find and test new medicines | Computational Biology: builds models and simulations of biological processes,"Science (PCB), Science (PCM)",ICR,R:46.8 | I:95.2 | A:17.4 | S:11.1 | E:2.2 | C:75.7
Biological Engineering,"A biological engineer applies engineering methods to living systems and biological processes, spending the day designing lab experiments, building sensors or devices that measure biological activity, and working on projects like water treatment using microbes or engineered organisms that produce useful substances.","Their work helps design better wastewater treatment plants for Indian cities, develops engineered organisms used in agriculture to fight crop diseases, and supports biotech startups building environmentally friendly industrial processes.","JEE (Joint Entrance Examination, the national exam to get into engineering colleges) Main, or state-level engineering entrance exams, for BTech programs in Biological Engineering or related biotech branches; GATE (Graduate Aptitude Test in Engineering) for higher studies.","1. IIT Delhi (Biochemical Engineering and Biotechnology)
2. IIT Guwahati
3. IIT Kharagpur
4. IIT Roorkee
5. IIIT Delhi
6. VIT Vellore",₹4-7 LPA,₹9-16 LPA,₹18-32 LPA,"Biocon, Reliance Life Sciences, National institutes and research labs (like CSIR), agri-biotech companies, environmental engineering firms, Syngene International",Medium,Low,Metro cities mainly,Kiran Mazumdar-Shaw: founder of Biocon; George Church: globally known biological engineering researcher,"NIRF rankings, AmbitionBox, Glassdoor India, industry placement reports","Environmental Bioengineering: Designs systems like treatment plants that use living organisms to clean water or waste. | Synthetic Biology: Engineers genetic material inside cells so they perform new useful functions. | Agricultural Bioengineering: Applies biological engineering to improve crops, soil health, and pest control.","Science (PCM), Science (PCB)",IRC,R:85.3 | I:87.7 | A:17.2 | S:12.2 | E:16.7 | C:54.4
Biological Science And Engineering,"A person in this broader field mixes biology with core engineering skills, spending the day studying living systems in a lab alongside math and engineering coursework, then applying that mix to projects like designing lab instruments, studying genetics, or building models of how diseases spread.","This broad training feeds into India's growing biotech and pharma research sector, supports drug discovery at companies like Dr. Reddy's, and helps researchers combine biology and technology to solve problems in health, food, and environment.","JEE (Joint Entrance Examination, the national exam to get into engineering colleges) Main and Advanced (for IITs offering this specific BTech branch), or state-level engineering entrance exams.","1. IIT Delhi (Biological Sciences and Bioengineering)
2. IIT Kanpur
3. IIT Guwahati
4. IIT Gandhinagar
5. IIT Jodhpur
6. IIT Mandi",₹4-7 LPA,₹9-15 LPA,₹18-30 LPA,"Pharmaceutical companies like Dr. Reddy's and Biocon, research institutes (CSIR labs), biotech startups, higher education and research (PhD paths), consulting firms, healthcare analytics companies",Medium,Low,Metro cities mainly,Shubha Tole: neuroscientist at TIFR; Gagandeep Kang: leading Indian biologist and vaccine researcher,"NIRF rankings, AmbitionBox, Glassdoor India, industry placement reports",Genomics and Genetics: Studies genes and DNA to understand diseases and traits. | Computational Biology: Uses computer models and data to understand biological systems. | Neuroscience Engineering: Combines biology and engineering to study how the brain and nervous system work.,"Science (PCM), Science (PCB)",IRC,R:58.4 | I:92.4 | A:26.7 | S:46.2 | E:20.2 | C:53.2
Biology,"A biologist studies living things — animals, plants, cells, or ecosystems — through research, lab experiments, fieldwork, or teaching students about how life works. Some days are spent looking through microscopes or collecting samples outdoors, others are spent analyzing data or preparing lectures.","Biologists working with organizations like the Wildlife Institute of India help protect endangered species like tigers, and biology teachers and researchers across Indian schools and universities train the next generation of doctors, scientists, and conservationists.","No single fixed entrance exam for a general Biology bachelor's degree — most colleges admit based on Class 12 marks (with Biology as a subject); for research-focused master's or PhD programs later, exams like CSIR-NET (a national exam for science research fellowships and teaching jobs) matter.","1. St. Stephen's College Delhi
2. Miranda House Delhi
3. Fergusson College Pune
4. Loyola College Chennai
5. Christ University Bangalore
6. Presidency College Chennai",₹2.5-5 LPA,₹6-12 LPA,₹14-25 LPA,"Schools and colleges (teaching), Wildlife Institute of India, Zoological Survey of India, pharmaceutical companies, research institutes like CSIR labs",Medium,Low,"Tier-2 cities, and fieldwork-based biology roles often require working in rural or forested areas","Salim Ali (India's most famous ornithologist, studied birds), Kamal Ranjan Gupta (noted Indian biologist), Vandana Shiva (environmental biologist and activist)","NIRF rankings, UGC reports, AmbitionBox, Glassdoor India, research institute placement data","Zoology: Studying animals, their behavior, and their biology. | Microbiology: Studying tiny organisms like bacteria and viruses. | Ecology and Conservation: Studying how living things interact with their environment and working to protect nature.",Science (PCB),IRC,R:65.7 | I:99.9 | A:20.2 | S:23.1 | E:17.6 | C:50.0
Biomedical Engineering,"A biomedical engineer designs and maintains medical devices and equipment like MRI machines, artificial limbs, or hospital monitors, spending the day testing device safety, working with doctors to understand what patients need, and fixing or calibrating machines used in hospitals.","Their work is behind affordable medical devices made by Indian companies like Skanray Technologies, low-cost prosthetic limbs from organisations like the Jaipur Foot project, and imaging machines used daily in hospitals like AIIMS.","JEE (Joint Entrance Examination, the national exam to get into engineering colleges) Main, or state-level engineering entrance exams, for BTech programs in Biomedical Engineering; GATE (Graduate Aptitude Test in Engineering) for higher studies.","1. IIT Hyderabad
2. IIT Bombay (Biomedical Engineering and Biosciences)
3. BITS Pilani
4. VIT Vellore
5. SRM Institute of Science and Technology
6. Manipal Institute of Technology",₹3.5-6.5 LPA,₹8-14 LPA,₹16-28 LPA,"Skanray Technologies, GE Healthcare India, Philips Healthcare India, Siemens Healthineers, Trivitron Healthcare, hospital chains like Apollo and Fortis",High,Low,Metro cities mainly,Vinod Kumar Singh: prosthetics innovator; Ashok Jhunjhunwala: IIT Madras researcher in affordable healthcare tech,"NIRF rankings, AmbitionBox, Glassdoor India, industry placement reports",Medical Imaging Engineering: Designs machines like MRI and X-ray scanners that let doctors see inside the body. | Prosthetics and Rehabilitation Engineering: Builds artificial limbs and devices that help people regain movement. | Clinical Engineering: Maintains and manages medical equipment inside hospitals so it works safely every day.,"Science (PCM), Science (PCB)",IRC,R:74.0 | I:95.8 | A:18.5 | S:24.2 | E:14.0 | C:58.0
Biostatistics,"A biostatistician designs studies and analyzes health and medical data using statistics, such as figuring out whether a new medicine actually works better than an old one based on trial results. Most of the day involves working with data software and writing reports for doctors or drug companies.","Biostatisticians working with companies like Cipla, Dr. Reddy's, and the Indian Council of Medical Research (ICMR) help prove whether new vaccines and medicines are safe and effective before they reach patients across India.",,,₹5-9 LPA,₹12-28 LPA,₹30-55 LPA,"Indian Council of Medical Research (ICMR), Cipla, Dr. Reddy's Laboratories, Cognizant Life Sciences, IQVIA, Tata Consultancy Services (TCS)",High,Medium,Works from anywhere,C.R. Rao: world-renowned Indian statistician | Bhramar Mukherjee: biostatistics professor and researcher,"ICMR reports, AmbitionBox, Glassdoor India, industry placement reports",,"Science (PCM), Commerce",ICS,R:21.4 | I:96.5 | A:21.4 | S:23.5 | E:15.0 | C:70.2
Biotechnology,"A biotechnologist uses living cells, bacteria, or plants to create useful products like medicines, vaccines, or better crops, working in labs to run experiments and in factories to help scale up production. Days can involve growing cell cultures, testing samples, or working with machines that manufacture biological products.","Biotechnology companies like Serum Institute of India and Bharat Biotech developed and manufactured COVID-19 vaccines like Covishield and Covaxin that were given to hundreds of millions of Indians, showing how this field directly saves lives at a massive scale.","No single fixed entrance exam for a bachelor's degree — many colleges admit based on Class 12 marks, though some use exams like BITSAT (Birla Institute of Technology and Science Admission Test) or state entrance tests; for master's programs, exams like GAT-B (Graduate Aptitude Test in Biotechnology) apply.","1. Indian Institute of Technology Kharagpur
2. Vellore Institute of Technology
3. University of Pune
4. Panjab University
5. SASTRA University
6. Jawaharlal Nehru University",₹3.5-6 LPA,₹8-15 LPA,₹18-35 LPA,"Serum Institute of India, Bharat Biotech, Biocon, Dr. Reddy's Laboratories, Reliance Life Sciences, Syngene International",High,Low,"Metro cities mainly, with biotech hubs concentrated in cities like Hyderabad, Bangalore, and Pune","Kiran Mazumdar-Shaw (founder of Biocon, a major Indian biotech company), Cyrus Poonawalla (founder of Serum Institute of India), Krishna Ella (co-founder of Bharat Biotech)","Department of Biotechnology (India) reports, NIRF rankings, AmbitionBox, Glassdoor India, industry placement reports","Medical/Pharma Biotechnology: Developing vaccines, drugs, and diagnostic tools. | Agricultural Biotechnology: Creating better crop varieties and pest-resistant plants using biological tools. | Industrial Biotechnology: Using microbes and enzymes to manufacture products like biofuels, detergents, or food ingredients.",Science (PCB),IRC,R:72.6 | I:86.3 | A:15.1 | S:17.7 | E:9.5 | C:60.5
Blockchain and Emerging Tech,"A blockchain developer writes computer code to build secure digital systems, such as apps that let people trade cryptocurrency or verify records without needing a bank or middleman, called decentralized apps. The day involves programming, testing code for security flaws, and keeping up with fast-changing new technology.","Blockchain developers at companies like Polygon (built by Indian founders) and Infosys build systems used worldwide for secure payments, supply chain tracking, and digital identity, putting India on the map in this growing global field.",,,₹6-12 LPA,₹15-35 LPA,₹40-90 LPA,"Polygon, Infosys, TCS, Coinbase India, WazirX, Zebpay",Medium,Low,Works from anywhere,Sandeep Nailwal: co-founder of Polygon | Jaynti Kanani: co-founder of Polygon | Nischal Shetty: founder of WazirX,"AmbitionBox, Glassdoor India, NASSCOM reports, industry placement reports",Smart Contract Development: writes self-running code that automatically carries out agreements | Crypto/DeFi Engineering: builds apps for trading and managing digital currency | Blockchain Infrastructure: builds and maintains the underlying network systems that blockchains run on,"Science (PCM), Commerce",CIR,R:40.0 | I:71.3 | A:17.8 | S:9.5 | E:39.8 | C:78.2
Botany,"A botanist studies plants — their growth, genetics, diseases, and uses — spending time in labs examining plant samples, in botanical gardens or forests collecting specimens, or teaching students about plant science. Fieldwork days involve walking through natural areas identifying and studying plant life.","Botanists at the Botanical Survey of India help discover and protect rare Indian plant species, and plant scientists working with seed companies help develop crop varieties that can survive droughts, directly supporting farmers' incomes across the country.","No single fixed entrance exam for a Botany bachelor's degree — most colleges admit based on Class 12 marks (with Biology as a subject); for research roles later, exams like CSIR-NET (a national exam for science research fellowships and teaching jobs) become relevant.","1. University of Delhi
2. Presidency College Chennai
3. St. Xavier's College Mumbai
4. Miranda House Delhi
5. Banaras Hindu University
6. Fergusson College Pune",₹2.5-5 LPA,₹6-11 LPA,₹13-24 LPA,"Botanical Survey of India, Forest Research Institute, schools and colleges (teaching), seed and agri companies like Mahyco, botanical gardens and research institutes",Medium,Low,"Tier-2 cities, and fieldwork-heavy botany roles often mean working near forests or rural research stations","Janaki Ammal (pioneering Indian botanist known for sugarcane research), E.K. Janaki Ammal (cytogeneticist and plant scientist), Birbal Sahni (founder of paleobotany studies in India)","Botanical Survey of India reports, NIRF rankings, UGC reports, AmbitionBox, Glassdoor India","Plant Taxonomy: Identifying, classifying, and cataloguing different plant species. | Plant Pathology: Studying plant diseases and how to prevent or cure them. | Horticulture and Crop Science: Applying plant science to grow better fruits, vegetables, and crops.",Science (PCB),IRC,R:90.5 | I:95.2 | A:18.5 | S:11.2 | E:11.8 | C:40.2
Business Administration (BBA / MBA),"A business administration graduate (a BBA after Class 12, often followed by an MBA) spends the day in meetings, analysing business numbers, planning strategy, or managing teams to help a company grow, cut costs, or launch new products. The exact tasks depend on the area of business they choose.","MBA graduates working at companies like Tata, HUL, and McKinsey shape decisions on which products to launch, how to price them, and how to run operations efficiently, directly affecting jobs and the products millions of Indians use.","For a BBA after Class 12: IPMAT (for the IIM integrated programmes), CUET (UG) for central universities, or college tests such as NPAT and SET. For an MBA after graduation: CAT, the main national exam for India's top business schools.","1. Indian Institutes of Management (IIMs) Ahmedabad/Bangalore/Calcutta
2. IIM Indore and IIM Rohtak (five-year integrated programme after Class 12)
3. Faculty of Management Studies (FMS) Delhi
4. Xavier Labour Relations Institute (XLRI) Jamshedpur
5. Shaheed Sukhdev College of Business Studies, Delhi (BBA)",₹8-20 LPA,₹22-45 LPA,₹50-100+ LPA,"McKinsey & Company, Boston Consulting Group, Tata Group, Hindustan Unilever, Amazon, Goldman Sachs",Medium,Low,Metro cities mainly,"Indra Nooyi (former CEO, PepsiCo), Kumar Mangalam Birla (chairman, Aditya Birla Group), Anand Mahindra (chairman, Mahindra Group)","NIRF rankings, AmbitionBox, Glassdoor India, industry placement reports","Marketing: Plans how to advertise and sell products so customers want to buy them. | Finance: Manages a company's money, investments, and financial planning. | Operations/Consulting: Improves how a business runs day-to-day, or advises other companies on solving their business problems.",All,ESC,R:18.3 | I:43.5 | A:20.8 | S:65.1 | E:73.6 | C:59.2
Business Intelligence and Analytics,"A business intelligence analyst pulls numbers from a company's sales, customers, or operations and turns them into charts and dashboards that managers can quickly understand. Most of the day goes into cleaning messy spreadsheets, writing queries to pull data, and building visual reports that answer questions like 'why did sales drop in Chennai last month?'","When Swiggy decides which cities need more delivery riders, or when Tata Motors figures out which car model is selling best in which state, business intelligence teams are the ones who found that answer in the data. Their reports directly shape decisions worth crores of rupees.",,,₹4-8 LPA,₹10-22 LPA,₹25-45 LPA,"Deloitte, EY, Accenture, TCS, Flipkart, HDFC Bank",High,Medium,Works from anywhere,"Kirthiga Reddy: former Facebook India head, data-driven leader | Prukalpa Sankar: co-founder, data platform Atlan","AmbitionBox, Glassdoor India, LinkedIn salary data, industry placement reports",Business Analyst: focuses on understanding what the business needs and translating it into reports | Data Visualization Specialist: builds dashboards using tools like Power BI or Tableau | Reporting Analyst: automates recurring reports so managers get numbers on time every week,"Science (PCM), Commerce",CIE,R:5.1 | I:73.8 | A:13.0 | S:22.2 | E:60.2 | C:82.0
Cardiology,"A cardiologist is a heart doctor who spends the day examining patients with chest pain or breathing trouble, reading heart scans like ECGs, and deciding whether someone needs medicines, a small procedure like inserting a stent, or heart surgery. In a hospital, they often move between the outpatient clinic, the ICU, and the operation theatre in the same day.","Heart disease is one of the biggest killers in India, and cardiologists at hospitals like Fortis, Apollo, and AIIMS perform life-saving procedures like angioplasty (opening a blocked blood vessel) every single day, giving patients years of extra life.",,,₹10-18 LPA,₹25-60 LPA,₹70 LPA-2 Crore+,"AIIMS, Apollo Hospitals, Fortis Healthcare, Narayana Health, Max Healthcare, Medanta",High,Low,Metro cities mainly,"Dr. Naresh Trehan: founder of Medanta, renowned heart surgeon | Dr. Devi Shetty: founder of Narayana Health, cardiac surgeon","NMC (National Medical Commission) data, hospital placement reports, AmbitionBox, industry salary surveys",Interventional Cardiology: performs procedures like angioplasty using thin tubes instead of open surgery | Pediatric Cardiology: treats heart problems in babies and children | Cardiac Electrophysiology: focuses on fixing irregular heartbeats,Science (PCB),IRS,R:71.4 | I:84.8 | A:1.2 | S:58.2 | E:13.2 | C:55.8
Ceramic Engineering,"A ceramic engineer develops and tests materials like glass, tiles, bricks, and advanced ceramics used in electronics, spending the day mixing raw materials, running furnace and kiln tests, and checking how strong or heat-resistant the finished material is.","Their work is behind the tiles and sanitaryware made by companies like Kajaria and Hindware, the glass used in buildings and phone screens, and advanced ceramic parts used in electronics and space equipment.","JEE (Joint Entrance Examination, the national exam to get into engineering colleges) Main, or state-level engineering entrance exams; GATE (Graduate Aptitude Test in Engineering) for higher studies or government jobs.","1. IIT (BHU) Varanasi
2. Bengal Engineering and Science University (Jadavpur University)
3. Government College of Engineering and Ceramic Technology Kolkata
4. Anna University
5. NIT Rourkela
6. College of Engineering and Technology Bhubaneswar",₹3-5.5 LPA,₹7-12 LPA,₹14-22 LPA,"Kajaria Ceramics, Hindware, Asian Paints, Saint-Gobain India, HSIL Limited, ISRO (for advanced ceramics)",Medium,Medium,Tier-2 cities,Notable practitioners are mostly industry leaders rather than public figures; senior technical directors at firms like Kajaria Ceramics and Saint-Gobain India are recognized within the field,"NIRF rankings, AmbitionBox, Glassdoor India, industry placement reports","Glass and Tile Manufacturing: Focuses on producing everyday materials like glass sheets, tiles, and sanitaryware. | Advanced/Technical Ceramics: Develops high-performance ceramics used in electronics, medical implants, and aerospace parts. | Refractory Engineering: Designs heat-resistant materials used to line furnaces and industrial equipment.",Science (PCM),RIC,R:81.3 | I:80.3 | A:25.7 | S:6.3 | E:17.7 | C:51.8
Chartered Accountancy (CA),"A Chartered Accountant checks company accounts for errors, prepares tax filings, and advises businesses on how to save money and follow financial rules. On a typical day they might review a company's expense sheets, sign off on its yearly financial report, or meet a client to plan how much tax they owe.","Every big Indian company, from Tata to a local textile business, needs a Chartered Accountant to make sure its money records are honest and legal before they are shown to investors or the government. Without CAs, companies could hide losses or dodge taxes, so CAs act like referees for business honesty.","CA Foundation, Intermediate, and Final exams conducted by ICAI (Institute of Chartered Accountants of India, the official body that trains and licenses accountants in India). There is no college degree needed first — you can register for CA Foundation right after Class 12 and study through ICAI's own multi-year program.","1. ICAI (the sole body that conducts CA training and exams
2. with regional offices in Delhi
3. Mumbai
4. Chennai
5. Kolkata
6. Kanpur)
7. plus private CA coaching institutes like VG Learning Destination and J.K. Shah Classes for exam preparation.",₹6-9 LPA,₹15-25 LPA,₹35-60+ LPA,"Deloitte, EY, KPMG, PwC (the 'Big Four' global accounting firms), Tata Group, Reliance Industries, and independent CA practice (working for yourself with your own clients).",High,Medium,"Metro cities mainly for top firms, but independent practice works in smaller towns too","N. R. Narayana Murthy (Infosys co-founder, is a CA), Piyush Goyal (Union Minister, qualified CA), Kumar Mangalam Birla (industrialist, qualified CA)","ICAI official website, AmbitionBox, Glassdoor India, industry placement reports",,"Commerce, Science (PCM), Arts",CEI,R:2.3 | I:42.8 | A:1.3 | S:18.8 | E:47.8 | C:100.0
Chemical Engineering,"A chemical engineer designs and runs large-scale processes that turn raw materials into everyday products, spending the day monitoring plant equipment like reactors and pipelines, running safety checks, and tweaking chemical processes to make them more efficient.","Their work is behind the petrol at Indian Oil pumps, the fertilizers that help farmers grow crops, and the medicines produced by pharmaceutical companies like Cipla and Sun Pharma.","JEE (Joint Entrance Examination, the national exam to get into engineering colleges) Main and Advanced, or state-level engineering entrance exams; GATE (Graduate Aptitude Test in Engineering) for higher studies or public sector jobs.","1. IIT Bombay
2. IIT Delhi
3. IIT Kanpur
4. ICT Mumbai (Institute of Chemical Technology)
5. IIT Madras
6. BITS Pilani",₹5-9 LPA,₹12-20 LPA,₹22-40 LPA,"Reliance Industries, Indian Oil Corporation, ONGC (Oil and Natural Gas Corporation), Tata Chemicals, Cipla, BASF India",High,Medium,Metro cities mainly,Mukesh Ambani: chairman of Reliance Industries; Ramesh Mashelkar: former director of CSIR and chemical engineer,"NIRF rankings, AmbitionBox, Glassdoor India, industry placement reports","Petrochemical Engineering: Works on refining crude oil into fuels and chemicals. | Process Engineering: Designs and improves the step-by-step methods factories use to make products. | Pharmaceutical Process Engineering: Focuses on the large-scale, safe production of medicines.",Science (PCM),RCI,R:90.3 | I:57.6 | A:6.7 | S:1.2 | E:9.3 | C:59.2
Chemical Science And Technology,"Someone in this field works on turning chemistry ideas into real industrial products, like running plant equipment that makes plastics, dyes, or petroleum products, and checking that manufacturing processes are efficient and safe. Their day looks more like being on a factory floor or in a pilot plant than working in a pure research lab.","This field makes possible the everyday plastic bottles, paints, fertilizers, and fuels made by companies like Reliance Industries and Asian Paints, by turning raw chemicals into usable products at a large scale.","JEE (Joint Entrance Exam, for admission into engineering and technology programs) for undergraduate courses; GATE (Graduate Aptitude Test in Engineering, needed for master's programs or government technical jobs) for higher studies.","1. Institute of Chemical Technology (ICT) Mumbai
2. IIT Bombay
3. IIT Delhi
4. Anna University Chennai
5. Harcourt Butler Technical University Kanpur",₹4-8 LPA,₹10-18 LPA,₹20-35 LPA,"Reliance Industries, Asian Paints, Indian Oil Corporation, BASF India, Tata Chemicals, Pidilite Industries",Medium,Medium,"Tier-2 cities, since many chemical plants are located outside big metros","M. M. Sharma (pioneering Indian chemical technologist and Padma Vibhushan awardee), G. D. Yadav (former ICT Mumbai director and chemical technology researcher)","NIRF rankings, AmbitionBox, Glassdoor India, industry placement reports",,"Science (PCM), Science (PCB)",IRC,R:67.6 | I:85.2 | A:16.6 | S:30.5 | E:10.1 | C:60.2
Chemistry,"A chemist mixes chemicals in a lab to test how they react, records results carefully, and figures out why something worked or didn't. Depending on the job, they might develop a new medicine ingredient, test water quality, or teach chemistry concepts to students.","Chemists are behind everyday things like the medicines you take from companies such as Cipla and Sun Pharma, the fertilizers that help farmers grow more food, and the quality checks that make sure your shampoo or food packaging is safe.","JEE (Joint Entrance Exam, for admission into engineering and some science programs) or CUET (Common University Entrance Test, used by many central universities for undergraduate admission) for a BSc in Chemistry; GATE (Graduate Aptitude Test in Engineering, needed for master's or research programs) or CSIR-NET (a national exam for research and teaching jobs in science) for higher studies later.","1. Indian Institute of Science (IISc) Bangalore
2. IIT Bombay
3. Delhi University
4. St. Stephen's College Delhi
5. Fergusson College Pune
6. BHU (Banaras Hindu University)",₹3-6 LPA,₹7-14 LPA,₹18-30 LPA,"Sun Pharma, Cipla, Dr. Reddy's Laboratories, CSIR (Council of Scientific and Industrial Research, a government science research body), schools and colleges, Tata Chemicals",Medium,Low,"Tier-2 cities for teaching, metro cities mainly for research labs and pharma companies","C. N. R. Rao (renowned Indian chemist and Bharat Ratna awardee), Har Gobind Khorana (Nobel Prize-winning Indian-origin chemist), G. N. Ramachandran (famous structural chemist)","NIRF rankings, AmbitionBox, Glassdoor India, industry placement reports",,"Science (PCM), Science (PCB)",IRC,R:64.3 | I:87.8 | A:20.6 | S:40.4 | E:14.1 | C:54.9
Chiropractic Care,"A chiropractor examines how a person's spine and joints move, then uses their hands to gently adjust the back, neck, or joints to relieve pain, most often for people with back pain, neck stiffness, or posture problems from sitting too long. Sessions usually happen one-on-one in a small clinic room.","As more Indians in cities develop back and neck pain from desk jobs and phone use, wellness clinics in places like Mumbai and Bengaluru increasingly offer chiropractic sessions as a drug-free way to manage everyday pain, though this is still a small and new field in India.",,,₹3-6 LPA,₹6-12 LPA,₹12-20 LPA,"Private wellness clinics, physiotherapy and spine centres, sports injury clinics, standalone chiropractic practices",Low,Low,Metro cities mainly,Dr. Pramod Sharma: among India's early practicing chiropractors | Dr. Gregory Doerr: chiropractor known for treating Indian sports and film personalities,"AmbitionBox, clinic websites, wellness industry reports (note: chiropractic care is not officially regulated as a medical profession in India, unlike in the US or UK)",,Science (PCB),SRI,R:75.5 | I:62.8 | A:5.7 | S:76.0 | E:18.8 | C:42.5
Cinematography and Film Editing,"A cinematographer decides how a film or ad looks on screen by choosing camera angles, lighting, and movement, while a film editor sits later at a computer piecing together the shot footage into a smooth, emotional story. On a shoot day, a cinematographer directs the camera and lighting crew for hours to get one perfect scene.","The visual style of films like RRR or Pathaan, and the fast-cut trailers you see on YouTube, are shaped entirely by cinematographers and editors working with directors at studios like Yash Raj Films and Dharma Productions.",,,₹3-6 LPA,₹8-25 LPA,"₹30 LPA-1 Crore+ (project-based, varies hugely by film budget)","Yash Raj Films, Dharma Productions, Red Chillies Entertainment, Netflix India, regional film studios, ad production houses",Medium,Medium,Metro cities mainly,"Santosh Sivan: award-winning cinematographer (Asoka, Roja) | Sreekar Prasad: National Award-winning film editor","Industry salary reports, FTII (Film and Television Institute of India) placement data, AmbitionBox",Cinematographer: operates and plans the camera work and lighting for a scene | Film Editor: assembles raw footage into the final story using editing software | Colorist: adjusts colours and mood of footage after shooting to match the film's tone,All,AEC,R:39.8 | I:17.5 | A:76.6 | S:21.6 | E:45.2 | C:44.2
Civil Engineering,"A civil engineer plans and oversees the building of roads, bridges, and buildings, spending the day reviewing construction site progress, checking that structures meet safety standards, and working with architects and contractors to solve on-site problems.","Their work builds the metro lines in cities like Delhi and Mumbai, the highways connecting Indian cities, and housing projects that give people places to live, shaping how millions of Indians travel and live every day.","JEE (Joint Entrance Examination, the national exam to get into engineering colleges) Main and Advanced, or state-level engineering entrance exams; GATE (Graduate Aptitude Test in Engineering) for higher studies or government jobs.","1. IIT Roorkee
2. IIT Delhi
3. IIT Madras
4. NIT Trichy
5. Jadavpur University
6. Delhi Technological University",₹3.5-6 LPA,₹8-14 LPA,₹16-28 LPA,"Larsen & Toubro, DLF, Tata Projects, National Highways Authority of India (NHAI), Delhi Metro Rail Corporation, Shapoorji Pallonji",High,Low,Tier-2 cities,E. Sreedharan: known as the 'Metro Man of India' for building Delhi Metro; M. Visvesvaraya: pioneering Indian civil engineer and statesman,"NIRF rankings, AmbitionBox, Glassdoor India, industry placement reports","Structural Engineering: Designs the frameworks of buildings and bridges so they can safely bear loads. | Transportation Engineering: Plans roads, railways, and traffic systems for smooth movement of people and goods. | Geotechnical Engineering: Studies soil and rock to make sure foundations are safe to build on.",Science (PCM),RCI,R:81.8 | I:65.3 | A:36.5 | S:9.9 | E:17.7 | C:65.4
Commerce,"A commerce graduate's day depends on the path they choose — it could mean managing a company's budget, analyzing stock market trends, handling banking transactions, or running their own small business accounts. It's a broad degree, so the daily work varies a lot by which job you pick after graduating.","Commerce graduates keep businesses across India running smoothly, from helping a startup manage its cash flow to helping banks like HDFC process loans, making sure money moves correctly through the economy.","No single fixed entrance exam for a basic B.Com (Bachelor of Commerce) degree at most colleges — admission is usually based on Class 12 marks, though some top colleges use CUET (Common University Entrance Test, a common exam for admission to central universities).","1. Shri Ram College of Commerce (SRCC) Delhi
2. St. Xavier's College Mumbai
3. Christ University Bangalore
4. Loyola College Chennai
5. Narsee Monjee College of Commerce Mumbai",₹3-5 LPA,₹6-12 LPA,₹15-25 LPA,"HDFC Bank, ICICI Bank, Deloitte, EY, Amazon (finance roles), Reliance Industries",High,Medium,"Works from anywhere for many finance-related roles, metro cities mainly for top corporate jobs","Uday Kotak (banker, founder of Kotak Mahindra Bank), Kiran Mazumdar-Shaw (entrepreneur, Biocon founder, commerce background), Falguni Nayar (Nykaa founder, commerce and MBA background)","NIRF rankings, AmbitionBox, Glassdoor India, industry placement reports","Accounting and Finance: Focuses on managing money, budgets, and financial records for organizations. | Banking and Insurance: Focuses on working with banks, loans, and insurance products. | Business Analytics: Focuses on using data to help businesses make better decisions.",Commerce,CSI,R:9.5 | I:53.5 | A:19.0 | S:54.7 | E:47.5 | C:73.1
Computer Application (BCA/MCA),"A BCA/MCA (Bachelor/Master of Computer Applications) graduate writes software code, builds websites or apps, tests programs for bugs, and works with teams to solve business problems using computers. Most days are spent coding at a computer, in meetings discussing what to build, or fixing issues in existing software.","BCA and MCA graduates build and maintain everyday apps and websites like those used by Flipkart, Paytm, and Zomato, meaning the app you use to order food or pay a friend was very likely built and maintained by people with this exact degree.","No single fixed entrance exam for BCA — most colleges admit based on Class 12 marks; for MCA (after BCA or another bachelor's degree), exams like NIMCET (NIT MCA Common Entrance Test, for admission into National Institutes of Technology) are common.","1. Christ University Bangalore
2. NIT Trichy (for MCA)
3. Symbiosis Institute of Computer Studies and Research
4. Loyola College Chennai
5. Jain University
6. Guru Gobind Singh Indraprastha University",₹3-6 LPA,₹8-16 LPA,₹18-35 LPA,"TCS, Infosys, Wipro, Accenture, HCLTech, Capgemini",High,Medium,"Works from anywhere, since most software jobs allow remote work","Sundar Pichai (though from a different degree path, widely seen as an inspiration in Indian tech), Vinod Khosla (tech entrepreneur), Radhika Gupta (tech-driven business leader)","NIRF rankings, AmbitionBox, Glassdoor India, industry placement reports",Software Development: Writing the actual code that makes apps and websites work. | Web Development: Focusing specifically on building websites and web-based tools. | Database Administration: Managing and organizing the large stores of data that companies depend on.,"Science (PCM), Commerce",ICR,R:38.1 | I:80.3 | A:24.9 | S:16.3 | E:22.6 | C:75.4
Computer Science / Information Technology,"Someone in this field writes code to build software, apps, or websites, tests it to fix bugs, and works with a team to launch products that people use every day. A typical day might involve writing a new feature for an app, debugging why something isn't working, or reviewing a teammate's code.","This field builds the apps and systems millions of Indians use daily, like Paytm for payments, Swiggy for food delivery, and the banking apps that let you check your account on your phone.","JEE (Joint Entrance Exam, for admission into engineering colleges) is the main exam for a BTech or BE degree in Computer Science or Information Technology; some states also have their own engineering entrance exams like MHT-CET or WBJEE.","1. IIT Bombay
2. IIT Delhi
3. IIIT Hyderabad
4. BITS Pilani
5. VIT Vellore
6. NIT Trichy",₹5-12 LPA,₹15-30 LPA,₹35-70+ LPA,"TCS, Infosys, Google India, Microsoft India, Amazon, Flipkart",High,Medium,"Works from anywhere for most software roles, since remote work is common","Sundar Pichai (CEO of Google and Alphabet), Satya Nadella (CEO of Microsoft), Nandan Nilekani (Infosys co-founder and Aadhaar architect)","NIRF rankings, AmbitionBox, Glassdoor India, industry placement reports","Software Development: Building apps, websites, and computer programs that people use directly. | Data Science and AI: Working with large amounts of data to find patterns and build smart systems. | Information Technology and Networks: Managing computer systems, servers, and networks that keep organizations running. Note: IT and Computer Science degrees overlap heavily in coursework and job outcomes, so this distinction matters less in practice than the specific skills and specialization you choose.",Science (PCM),CIR,R:47.7 | I:62.2 | A:5.4 | S:24.7 | E:28.1 | C:84.1
Computer Science And Engineering,"A computer science engineer writes code to build apps, websites, or software systems, and spends time fixing bugs, testing their work, and discussing ideas with teammates. Some days are spent designing how a system should work before any code is even written.","The engineers behind apps like Paytm, Swiggy, and Zomato, or the systems that run Indian Railways' ticket booking on IRCTC, are computer science engineers. Nearly every digital service you use daily in India was built and is maintained by people in this field.","JEE Main and JEE Advanced (national engineering entrance exams for top government colleges), BITSAT (entrance exam for BITS Pilani and its campuses), or state-level exams like MHT-CET and KCET for other engineering colleges.","1. IIT Bombay
2. IIT Delhi
3. IIT Madras
4. BITS Pilani
5. IIIT Hyderabad
6. NIT Trichy",₹4-10 LPA,₹12-25 LPA,₹28-60 LPA,"TCS, Infosys, Google India, Microsoft India, Amazon India, Flipkart",High,Medium,Works from anywhere,"Sundar Pichai (CEO of Google), Nandan Nilekani (co-founder of Infosys, built Aadhaar's tech)","NIRF rankings, AmbitionBox, Glassdoor India, industry placement reports",Software Development: Building the apps and websites people use every day. | Artificial Intelligence and Machine Learning: Teaching computers to spot patterns and make predictions from data. | Cybersecurity: Protecting computer systems and data from hackers and online attacks.,Science (PCM),ICR,R:58.5 | I:83.4 | A:20.3 | S:16.2 | E:25.0 | C:71.8
Court Reporting and Legal Transcription,"A court reporter or legal transcriptionist listens to court hearings, depositions, or recorded legal conversations and types them out word-for-word into an official written record. Much of the work involves typing quickly and accurately while wearing headphones, and checking the text against legal terms to make sure nothing is missed.","Accurate written records from legal transcriptionists let judges, lawyers, and courts like the Delhi High Court refer back to exactly what was said in a case, which can matter years later during an appeal.",,,₹2-4 LPA,₹4-8 LPA,₹8-14 LPA,"Legal process outsourcing (LPO) firms, law firms, court administration offices, transcription service companies serving US/UK clients",Low,High,Works from anywhere,"This is a small, low-visibility profession in India with few widely known individual names; most work happens through legal outsourcing firms rather than as individual public careers","AmbitionBox, legal process outsourcing (LPO) industry reports, Naukri.com listings (note: this is a niche, small-scale field in India compared to court reporting as a formal profession in the US)",,"Arts, Commerce",CAS,R:20.2 | I:18.8 | A:32.0 | S:31.7 | E:27.3 | C:77.0
Culinary Arts (Chef),"A chef plans menus, prepares and cooks food, and manages a kitchen team, often starting early to prep ingredients and staying through a busy service where dozens of dishes go out under time pressure. Days involve a lot of standing, chopping, tasting, and quick decisions when something goes wrong.","Chefs behind restaurant chains like Bikanervala or five-star hotel kitchens at the Taj and Oberoi shape what millions of Indians eat when they dine out, and some, like on MasterChef India, influence how the whole country cooks at home.",,,₹2.5-5 LPA,₹6-15 LPA,₹18-40 LPA (executive chefs at top hotels can earn more),"Taj Hotels, Oberoi Group, ITC Hotels, Marriott India, large restaurant chains, cruise lines",High,Low,Tier-2 cities work well,Sanjeev Kapoor: celebrity chef and restaurateur | Vikas Khanna: Michelin-starred chef and author,"AmbitionBox, hospitality industry placement reports, IHM (Institute of Hotel Management) placement data","Pastry Chef: specializes in desserts, cakes, and baked items | Executive Chef: manages the entire kitchen and menu planning for a restaurant or hotel | Sous Chef: second-in-command who runs daily kitchen operations",All,ERC,R:64.0 | I:11.3 | A:28.7 | S:32.5 | E:68.8 | C:55.8
Cyber Security,"A cyber security professional protects computer systems from hackers by finding weak spots before criminals do, monitoring for suspicious activity, and responding quickly if a company's data gets attacked. On a normal day they might run a test attack on their own company's systems to find gaps, or investigate an alert about unusual login activity.","Cyber security experts protect things like your bank's online systems, Aadhaar's data (India's national ID system), and companies like Zomato from hackers stealing personal information or money, which is why banks and government agencies invest heavily in this field.","JEE (Joint Entrance Exam, for engineering admission) for a BTech in Computer Science or a related field, followed by specialized certifications like CEH (Certified Ethical Hacker) or CompTIA Security+ that are industry-recognized proof of cyber security skills, not government exams.","1. IIT Kanpur
2. IIIT Hyderabad
3. Amrita Vishwa Vidyapeetham
4. VIT Vellore
5. DSCI-recognized training institutes (Data Security Council of India
6. an industry body that promotes cyber security education)",₹5-10 LPA,₹15-28 LPA,₹35-60+ LPA,"TCS, Infosys, Wipro, Deloitte, Paytm, National Critical Information Infrastructure Protection Centre (a government cyber defense body)",High,Low,"Works from anywhere for many roles, though government and bank security teams are metro-city based","Ankit Fadia (well-known Indian ethical hacker and author), Trishneet Arora (founder of TAC Security, a cyber security firm), Rahul Tyagi (co-founder of Lucideus, a cyber security company)","NIRF rankings, AmbitionBox, Glassdoor India, industry placement reports",,Science (PCM),CIR,R:48.7 | I:72.9 | A:5.4 | S:16.3 | E:25.6 | C:79.6
Dairy Engineering,"A dairy engineer designs and manages the machines and factory processes that turn raw milk into products like packaged milk, paneer, cheese, and ice cream, making sure everything stays clean and safe to eat. They also troubleshoot equipment breakdowns on the factory floor and check that hygiene rules are followed.","The machines that process milk at Amul's dairy plants in Gujarat or Mother Dairy's facilities in Delhi were designed and are run by dairy engineers, making sure the milk that reaches your home every morning is safe to drink. Without them, large-scale dairy products would not stay fresh or safe for millions of people.","ICAR AIEEA (a national entrance exam for agriculture-related degrees including dairy technology, run by the Indian Council of Agricultural Research), or state-level agricultural university entrance exams.","1. National Dairy Research Institute Karnal
2. College of Dairy Science Anand (Gujarat)
3. Dairy Science College Bengaluru
4. SMC College of Dairy Science Anand
5. College of Dairy Technology Warud",₹3-5 LPA,₹6-10 LPA,₹12-20 LPA,"Amul (GCMMF), Mother Dairy, Nestle India, Britannia, Hatsun Agro, Parag Milk Foods",Medium,Medium,Tier-2 cities,"Verghese Kurien (father of India's White Revolution, founded Amul), Stya Paul (dairy technology pioneer)","NIRF rankings, AmbitionBox, Glassdoor India, industry placement reports",,"Science (PCM), Science (PCB)",RIC,R:71.8 | I:68.5 | A:14.8 | S:15.8 | E:21.2 | C:58.2
Data Engineering,"A data engineer builds the pipelines and systems that collect, clean, and store huge amounts of data so that other teams can use it for analysis or building apps. Much of the day goes into writing code that moves data reliably from one system to another without losing or breaking it.",The systems that let Flipkart recommend products to you or let Ola calculate the fastest route and fare were built on data pipelines set up by data engineers. Banks like HDFC also rely on data engineers to safely manage the transaction data of millions of customers.,"JEE Main and JEE Advanced (national engineering entrance exams for top government colleges) for a Computer Science or IT degree, or BITSAT and state-level exams for other colleges; there is no exam specifically named ""data engineering"" in India.","1. IIT Bombay
2. IIT Delhi
3. IIIT Hyderabad
4. BITS Pilani
5. NIT Surathkal
6. IIT Kharagpur",₹5-10 LPA,₹14-25 LPA,₹28-55 LPA,"Amazon India, Flipkart, Walmart Global Tech, Swiggy, HDFC Bank, Deloitte India",High,Medium,Works from anywhere,"Jeff Dean (led key data systems at Google), Ashish Thusoo (co-created Apache Hive at Facebook)","NIRF rankings, AmbitionBox, Glassdoor India, industry placement reports",Big Data Engineering: Building systems that handle massive amounts of data from millions of users. | Data Pipeline Development: Creating automated systems that move and clean data between databases and apps. | Cloud Data Infrastructure: Setting up and managing data storage systems on platforms like AWS or Azure.,Science (PCM),CIE,R:29.9 | I:68.1 | A:11.0 | S:17.9 | E:31.5 | C:89.5
Data Science,"A data scientist studies large amounts of numbers and patterns to build models that can predict or recommend things, like which product a customer might buy next. A typical day involves writing code (mostly in a language called Python), testing models on data, and explaining findings to non-technical teams in simple terms.","When Amazon recommends a product you might like, or when a bank decides who gets a loan quickly and who needs more checks, data scientists built the statistical models making those predictions behind the scenes.",,,₹6-12 LPA,₹15-35 LPA,₹40-80 LPA,"Amazon, Flipkart, Myntra, ICICI Bank, Swiggy, Ola",High,Medium,Works from anywhere,"D. J. Patil: Indian-American, coined the term 'data scientist' | Kirti Sharma: data science leader in Indian fintech","AmbitionBox, Glassdoor India, LinkedIn salary data, tech industry placement reports","Machine Learning Modeler: builds statistical models that learn patterns from data to make predictions | Data Analyst: focuses on finding trends and insights in existing data for business decisions | Applied Statistician: uses formal statistical methods to test business hypotheses, like whether a new feature actually increases sales","Science (PCM), Commerce",ICA,R:19.5 | I:99.7 | A:26.8 | S:11.0 | E:11.8 | C:73.2
Dentistry,"A dentist examines patients' teeth and gums, fills cavities, performs procedures like root canals or extractions, and gives advice on oral hygiene. Most of the day is spent seeing patients one after another in a clinic or hospital, often doing hands-on procedures with dental tools.","Dentists fix painful problems like cavities and gum disease that affect a huge number of Indians, and clinics or hospital chains like Clove Dental treat millions of patients every year, preventing small issues from becoming serious health problems.","NEET (National Eligibility cum Entrance Test, the single common exam for admission into all medical and dental courses in India) for a BDS (Bachelor of Dental Surgery) degree.","1. Maulana Azad Institute of Dental Sciences Delhi
2. Manipal College of Dental Sciences
3. King George's Medical University Lucknow
4. Government Dental College Mumbai
5. SRM Dental College Chennai",₹3-6 LPA,₹8-15 LPA,₹18-35+ LPA (higher for specialists and private clinic owners),"Clove Dental, Apollo Hospitals, government hospitals, private dental clinics, defense dental services",High,Low,"Tier-2 cities, since dental clinics are needed everywhere, not just metros","Dr. B. Sivapathasundharam (renowned oral pathology expert and textbook author), Dr. Amit Mattoo (well-known Indian dental surgeon and educator)","NEET official website, NIRF rankings, AmbitionBox, industry placement reports","General Dentistry: Everyday checkups, cleaning, fillings, and basic dental care. | Orthodontics: Fixing crooked teeth and jaw alignment using braces or aligners. | Oral Surgery: Performing surgical procedures like tooth removal or jaw operations.",Science (PCB),IRS,R:70.5 | I:74.7 | A:2.8 | S:56.8 | E:16.7 | C:45.2
Dermatology,"A dermatologist is a skin doctor who examines patients with skin, hair, or nail problems, ranging from acne and rashes to more serious conditions, and prescribes treatments or performs small procedures like removing a mole. Clinic days are usually packed with back-to-back patient consultations.","Dermatologists at clinics and hospitals across India treat common problems like acne and pigmentation that affect millions of teenagers and adults, and also catch early signs of skin cancer that can save lives if treated in time.",,,₹8-15 LPA,₹18-45 LPA,₹50 LPA-1.5 Crore+ (private practice can earn significantly more),"Apollo Hospitals, Fortis Healthcare, Kaya Clinic, Oliva Clinic, AIIMS, private dermatology clinics",High,Low,Metro cities mainly,Dr. Jaishree Sharad: celebrity dermatologist and cosmetic dermatology expert | Dr. Rashmi Shetty: well-known aesthetic dermatologist,"NMC (National Medical Commission) data, hospital placement reports, AmbitionBox, industry salary surveys","Cosmetic Dermatology: focuses on skin appearance, like anti-aging and laser treatments | Pediatric Dermatology: treats skin conditions in infants and children | Medical Dermatology: diagnoses and treats skin diseases like eczema, psoriasis, and skin infections",Science (PCB),IRS,R:63.5 | I:90.7 | A:14.5 | S:60.8 | E:12.8 | C:47.2
Design,"A designer sketches or creates digital drafts of a product, app screen, outfit, or object, gets feedback from a team, and refines it until it looks good and works well for the people using it. The daily work varies a lot depending on the type of design, from drawing on a tablet to arranging fabric on a mannequin.","Designers shape the products and experiences Indians use daily, like the easy-to-use screens on the PhonePe app, the clothes sold by brands like FabIndia, and the sleek look of products from companies like Godrej.","UCEED (Undergraduate Common Entrance Examination for Design, for admission to top design institutes like IITs and NID) or NID DAT (National Institute of Design Admission Test) are the main design entrance exams in India.","1. National Institute of Design (NID) Ahmedabad
2. IIT Bombay (Industrial Design Centre)
3. National Institute of Fashion Technology (NIFT) Delhi
4. Srishti Manipal Institute of Art
5. Design and Technology Bangalore
6. Pearl Academy",₹4-8 LPA,₹10-20 LPA,₹22-40+ LPA,"Flipkart, Myntra, Titan Company, FabIndia, Godrej, design studios and agencies",Medium,Medium,"Works from anywhere for many digital design roles, metro cities mainly for fashion and industrial design","Sabyasachi Mukherjee (famous Indian fashion designer), Ranjini Rao (well-known UX design leader in India's tech industry), Manish Arora (internationally known Indian fashion designer)","NIRF rankings, AmbitionBox, Glassdoor India, industry placement reports","UX/UI Design: Designing how apps and websites look and feel so they are easy and pleasant to use. | Fashion Design: Creating clothes and accessories, from sketching ideas to choosing fabrics. | Product/Industrial Design: Designing physical objects like furniture, gadgets, or vehicles so they are functional and attractive.",All,ARE,R:49.1 | I:28.3 | A:92.0 | S:23.3 | E:44.9 | C:42.7
Dietetics and Nutrition,"A dietitian studies what a person eats and creates meal plans to help them manage weight, diabetes, or other health conditions, often meeting patients one-on-one or working with hospital kitchens to plan meals for patients. Some days involve consultations, others involve reading medical reports to decide what changes in diet are needed.","With diabetes and obesity rising sharply in India, dietitians working in hospitals like Apollo or as independent consultants help millions of people manage these conditions through food instead of only medicine.",,,₹3-6 LPA,₹7-15 LPA,₹18-35 LPA (top private consultants can earn more),"Apollo Hospitals, Fortis Healthcare, Max Healthcare, corporate wellness companies, fitness chains like Cult.fit, food and nutrition startups",High,Low,Tier-2 cities work well,Rujuta Diwekar: celebrity nutritionist and author | Ryan Fernando: sports and clinical nutritionist,"AmbitionBox, hospital placement reports, Indian Dietetic Association resources",Clinical Dietitian: works in hospitals planning meals for patients with specific diseases | Sports Nutritionist: helps athletes eat to improve performance and recovery | Public Health Nutritionist: works on large-scale nutrition programs for communities or government schemes,Science (PCB),SIC,R:40.3 | I:52.1 | A:24.5 | S:71.2 | E:33.2 | C:43.1
Earth Science And Engineering,"An earth science and engineering graduate studies rocks, soil, and underground resources to help find minerals, oil, groundwater, or to plan safe construction and mining. Work involves both fieldwork like collecting rock and soil samples, and lab or office work analysing what those samples mean.","The engineers who help ONGC find oil and gas reserves under the sea, or who help Coal India Limited plan safe coal mines, come from this field. They also help cities like Chennai and Bengaluru plan how to find and protect groundwater during water shortages.","JEE Main and JEE Advanced (national engineering entrance exams for top government colleges) for a degree in Geology, Mining, or Petroleum Engineering, or state-level engineering entrance exams.","1. IIT (ISM) Dhanbad
2. IIT Bombay
3. IIT Kharagpur
4. IIT Roorkee
5. University of Petroleum and Energy Studies Dehradun
6. Anna University",₹4-8 LPA,₹10-18 LPA,₹20-40 LPA,"ONGC, Coal India Limited, Vedanta, Reliance Industries, GAIL, Geological Survey of India",Medium,Low,Tier-2 cities,"M. S. Srinivasan (former Coal Secretary, mining expert), D. N. Wadia (pioneering Indian geologist)","NIRF rankings, AmbitionBox, Glassdoor India, industry placement reports",Petroleum Engineering: Finding and safely extracting oil and natural gas from underground. | Mining Engineering: Planning how to dig out minerals and coal from the earth safely. | Geotechnical Engineering: Studying soil and rock to make sure buildings and dams are built on safe ground.,Science (PCM),RIC,R:87.1 | I:73.5 | A:13.4 | S:12.8 | E:17.2 | C:52.6
Economics,"An economist studies data about money, prices, jobs, and markets to understand what's happening in the economy and predict what might happen next. Their day might involve analyzing government data, writing a report on inflation, or advising a company on pricing strategy.","Economists help shape decisions like how much the Reserve Bank of India (India's central bank) should change interest rates, or how companies like Ola set prices, which affects things like loan costs and job availability for everyone.","No single fixed entrance exam for a basic Economics degree at most colleges — admission is usually based on Class 12 marks, though some top colleges use CUET (Common University Entrance Test, a common exam for central university admissions) or their own entrance test like DU's or ISI's admission test.","1. Delhi School of Economics
2. St. Stephen's College Delhi
3. Indian Statistical Institute (ISI) Kolkata
4. Presidency University Kolkata
5. Madras School of Economics",₹4-8 LPA,₹10-20 LPA,₹25-45+ LPA,"Reserve Bank of India, World Bank, McKinsey & Company, Reliance Industries, NITI Aayog (a government policy think tank), various investment banks",Medium,Medium,"Metro cities mainly, especially for policy and research-focused roles","Raghuram Rajan (former RBI Governor and renowned economist), Amartya Sen (Nobel Prize-winning Indian economist), Gita Gopinath (Deputy Managing Director of the IMF)","NIRF rankings, AmbitionBox, Glassdoor India, industry placement reports",,All,ISC,R:17.3 | I:88.0 | A:28.8 | S:55.1 | E:44.1 | C:53.6
Electrical / Electronics / Communications Engineering,"This is a broad, combined engineering branch offered by some colleges that covers a mix of electrical power systems, electronic circuits, and communication technology in one degree, instead of picking just one of those areas. A typical day could involve working on anything from wiring and motors to circuit boards to mobile signal systems, depending on the specific job taken after graduating.","Graduates of this combined branch have the flexibility to work in power companies like Tata Power, in electronics manufacturing, or in telecom companies like Airtel, because their degree touches all three areas. This broad training is useful for smaller companies or government jobs that want an all-rounder rather than a narrow specialist.","JEE Main and JEE Advanced (national engineering entrance exams for top government colleges), or state-level engineering entrance exams like MHT-CET, KCET, or WBJEE.","1. Jadavpur University
2. Jamia Millia Islamia
3. Aligarh Muslim University
4. Delhi Technological University
5. Punjab Engineering College
6. NIT Silchar",₹3.5-6.5 LPA,₹8-14 LPA,₹16-28 LPA,"Bharat Heavy Electricals Limited (BHEL), Tata Power, Bharti Airtel, Siemens, L&T, Power Grid Corporation",Medium,Medium,Tier-2 cities,"Sam Pitroda (telecom and electronics pioneer in India), G. D. Yadav (electrical engineering educator)","NIRF rankings, AmbitionBox, Glassdoor India, industry placement reports",Power Systems: Working on the equipment that generates and distributes electricity. | Electronics Hardware: Designing and testing circuit boards and electronic devices. | Telecom Systems: Working on the networks and equipment that carry phone calls and internet signals.,Science (PCM),RIC,R:76.7 | I:69.7 | A:16.9 | S:14.6 | E:22.9 | C:61.4
Electrical And Electronics Engineering,"An electrical and electronics engineer, often called EEE, works at the overlap of power systems and electronic circuits, for example designing the electronic controllers that manage motors, inverters, or power supplies. A typical day might mix working on power equipment like transformers with designing the electronic circuits that control them, which is more hands-on with both hardware types than a pure EE or ECE role.","The engineers who design the electronic control units inside a Tata or Mahindra electric car's battery and motor system, or who build the inverters used in Indian solar power setups, are typically EEE graduates. Their unique skill is bridging heavy electrical equipment with the smaller electronic circuits that control it, which pure power engineers or pure chip designers don't cover alone.","JEE Main and JEE Advanced (national engineering entrance exams for top government colleges), or state-level engineering entrance exams like MHT-CET, KCET, or WBJEE for other colleges.","1. NIT Trichy
2. NIT Warangal
3. VIT Vellore
4. SASTRA University
5. Anna University
6. Manipal Institute of Technology",₹3.5-7 LPA,₹9-16 LPA,₹18-30 LPA,"Bosch India, Siemens, ABB India, Tata Motors, Larsen & Toubro, Schneider Electric",High,Low,Tier-2 cities,"M. Visvesvaraya (pioneering Indian engineer), Narinder Singh Kapany (father of fibre optics, electronics innovator)","NIRF rankings, AmbitionBox, Glassdoor India, industry placement reports","Power Electronics: Designing the electronic circuits that control motors, inverters, and battery systems. | Instrumentation and Control: Building sensors and control circuits used in factories and power plants. | Electric Vehicle Systems: Working on the combined electrical and electronic systems inside electric vehicles.",Science (PCM),RIC,R:85.5 | I:77.2 | A:17.9 | S:10.9 | E:17.2 | C:59.2
Electrical Engineering,"An electrical engineer, often called EE, works on the big systems that generate, carry, and control electric power, such as power plants, transmission lines, motors, and the electrical grid. A typical day could involve designing power distribution systems, inspecting substations, or working on how large motors and generators run efficiently.","The engineers who keep electricity flowing from power plants to your home through the grid run by Power Grid Corporation of India, or who design the motors used in Indian Railways' electric trains, are electrical engineers. Unlike electronics-focused fields, their work is about moving large amounts of power safely, not about small chips or signal processing.","JEE Main and JEE Advanced (national engineering entrance exams for top government colleges), or state-level engineering entrance exams like MHT-CET, KCET, or WBJEE for other colleges.","1. IIT Bombay
2. IIT Delhi
3. IIT Kanpur
4. NIT Trichy
5. Delhi Technological University
6. VJTI Mumbai",₹3.5-7 LPA,₹9-16 LPA,₹18-32 LPA,"Power Grid Corporation of India, NTPC, Bharat Heavy Electricals Limited (BHEL), Siemens, Tata Power, ABB India",High,Low,Tier-2 cities,"M. Visvesvaraya (legendary Indian engineer, dam and power systems), Nikola Tesla (pioneer of modern electric power systems)","NIRF rankings, AmbitionBox, Glassdoor India, industry placement reports",Power Systems Engineering: Designing and running the grid that carries electricity across cities and states. | Control Systems: Building systems that automatically manage machines like motors and industrial equipment. | Renewable Energy Systems: Working on electrical systems for solar and wind power plants.,Science (PCM),RIC,R:85.7 | I:72.1 | A:15.7 | S:12.5 | E:14.6 | C:61.9
Electronics And Communications Engineering,"An electronics and communications engineer, often called ECE, designs the tiny chips, circuits, and signal-processing systems inside phones, TVs, and networks that let devices talk to each other and to the internet. A typical day might involve designing circuits on a computer, testing chips in a lab, or working on how mobile signals are transmitted and received.","The engineers who design the chips inside your smartphone, or who build the network equipment that lets Jio and Airtel give you 4G and 5G internet, are ECE engineers. Companies like Qualcomm's India teams design mobile phone chips that get used worldwide, largely staffed by ECE graduates.","JEE Main and JEE Advanced (national engineering entrance exams for top government colleges), or state-level engineering entrance exams like MHT-CET, KCET, or WBJEE for other colleges.","1. IIT Delhi
2. IIT Kharagpur
3. IIIT Hyderabad
4. NIT Warangal
5. BITS Pilani
6. VIT Vellore",₹4-9 LPA,₹10-20 LPA,₹22-45 LPA,"Qualcomm India, Intel India, Samsung R&D India, Bharti Airtel, Nokia, Texas Instruments India",High,Low,Metro cities mainly,"Sam Pitroda (built India's telecom exchange systems), Arogyaswami Paulraj (invented MIMO wireless technology)","NIRF rankings, AmbitionBox, Glassdoor India, industry placement reports","VLSI and Chip Design: Designing the tiny electronic circuits packed onto computer chips. | Telecommunications: Building the networks and equipment behind mobile and internet signals. | Signal Processing: Working on how sound, images, and data are cleaned up and transmitted digitally.",Science (PCM),RIC,R:73.2 | I:67.5 | A:16.1 | S:15.8 | E:22.4 | C:63.6
Emergency Medical Services,"Emergency medical technicians and paramedics respond to accidents and medical emergencies, often arriving in an ambulance to give first treatment, like stopping bleeding or helping someone breathe, before rushing the patient to a hospital. The job involves being on call for sudden emergencies at any time of day or night.","Paramedics working with ambulance services like 108 (a free government emergency number in many states) or private providers like Ziqitza Health Care save lives on the way to the hospital, especially in road accidents, which are extremely common in India.",,,₹2.5-5 LPA,₹5-10 LPA,₹10-18 LPA,"108 Ambulance Service, Ziqitza Health Care, St. John Ambulance, GVK EMRI, Apollo Hospitals, Fortis Healthcare",High,Low,Tier-2 cities work well,Dr. Naresh Trehan: has championed emergency cardiac response systems in India | GVK EMRI founders: pioneered the 108 ambulance model across Indian states,"AmbitionBox, government health department reports, EMS industry placement data",Paramedic: provides advanced on-site medical care during emergencies | Ambulance EMT (Emergency Medical Technician): provides first aid and transports patients safely to hospitals | Emergency Dispatcher: answers emergency calls and coordinates which ambulance responds,Science (PCB),SIR,R:61.3 | I:72.2 | A:0.0 | S:75.8 | E:21.6 | C:47.0
Energy Engineering,"An energy engineer works on how to generate, store, and use energy more efficiently, especially from renewable sources like solar and wind, and often designs systems to reduce energy waste in buildings or factories. A typical day could involve calculating how many solar panels a factory needs, or checking how much energy a building wastes and suggesting fixes.","The engineers designing India's huge solar parks, like Bhadla Solar Park in Rajasthan, or wind farms run by Suzlon, are energy engineers helping India move to cleaner power. Their work directly affects how quickly India can cut pollution while still having enough electricity for its growing population.","JEE Main and JEE Advanced (national engineering entrance exams for top government colleges) for a degree in Energy Engineering or a related branch, or state-level engineering entrance exams; some institutes also offer this through GATE (a national exam for master's admission) after a bachelor's degree.","1. IIT Bombay
2. TERI School of Advanced Studies Delhi
3. University of Petroleum and Energy Studies Dehradun
4. IIT Roorkee
5. NIT Rourkela
6. Amrita Vishwa Vidyapeetham",₹3.5-6.5 LPA,₹8-15 LPA,₹18-30 LPA,"Suzlon Energy, Adani Green Energy, Tata Power Solar, ReNew Power, NTPC, Siemens Gamesa",High,Low,Tier-2 cities,"Anand Mahindra (led major renewable energy investments), Sumant Sinha (founder of ReNew Power)","NIRF rankings, AmbitionBox, Glassdoor India, industry placement reports","Solar Energy Systems: Designing and installing solar panel setups for homes, factories, and large solar parks. | Wind Energy Engineering: Working on the design and placement of wind turbines to generate electricity. | Energy Efficiency Consulting: Studying buildings and factories to find ways to use less energy and cut costs.",Science (PCM),RIC,R:78.2 | I:62.5 | A:18.7 | S:14.3 | E:34.8 | C:52.7
Engineering Design,"An engineering design graduate works on turning ideas into real, usable products by sketching, modelling on computer software, and testing prototypes of things like machine parts, medical devices, or consumer gadgets. A typical day might involve using 3D design software, building and testing a physical prototype, or discussing with a team how to make a product easier to manufacture.","The people who design the shape and mechanics of products like Titan watches, Bajaj scooters, or medical devices used in Indian hospitals rely on engineering design skills to make sure the product works well and can actually be manufactured. This field turns a rough idea into something that companies can actually build and sell.","JEE Main and JEE Advanced (national engineering entrance exams for top government colleges, this specific programme is offered at IIT Kanpur and a few others), or state-level engineering entrance exams for design-focused programmes elsewhere.","1. IIT Kanpur
2. IIT Hyderabad
3. IIT Guwahati
4. IIT Roorkee
5. IIT Bhilai
6. National Institute of Design Ahmedabad",₹4-8 LPA,₹9-18 LPA,₹20-35 LPA,"Tata Motors, Bajaj Auto, Titan Company, Samsung R&D India, Mahindra & Mahindra, Godrej",Medium,Medium,Metro cities mainly,"Ratan Tata (championed the Tata Nano's engineering design), Ashok Sethi (Indian product design and innovation strategist)","NIRF rankings, AmbitionBox, Glassdoor India, industry placement reports","Product Design Engineering: Designing physical products, from their look to how the parts fit and function. | Mechanical Design: Focusing on the mechanical parts and mechanisms inside machines and vehicles. | Design for Manufacturing: Making sure a product design can actually be built efficiently in a factory.",Science (PCM),RAC,R:72.9 | I:50.4 | A:59.1 | S:8.9 | E:19.9 | C:56.7
Engineering Physics,"A person in this field spends the day using deep physics ideas (like how light, electricity, or tiny particles behave) to design real devices — for example working on computer chips, lasers, or sensors. Work usually happens in a lab or on a computer, running experiments or building models to test how a device will behave.","This work sits behind things like the camera sensor in your phone, the semiconductor chips made by companies like Applied Materials or Tata Electronics, and fibre-optic cables that carry the internet across India. Without this deep physics-plus-engineering thinking, such advanced hardware could not be designed.","JEE (Joint Entrance Exam, the main exam to get into engineering colleges including IITs) — specifically for the Engineering Physics programs offered at a few IITs; GATE (a national exam for master's or government engineering jobs) later on for higher studies.","1. IIT Bombay
2. IIT Delhi
3. IIT Kanpur
4. IIT Madras (Engineering Physics/Physics programs)
5. BHU IIT (Varanasi)
6. IIT Hyderabad",₹6-12 LPA,₹15-25 LPA,₹30-60 LPA,"Applied Materials, Tata Electronics, ISRO, DRDO, Intel, Qualcomm, research institutes like TIFR",Medium,Low,Metro cities mainly,"C.V. Raman (physicist, Nobel laureate), Deepak Pandit (semiconductor researcher), Homi Bhabha (physicist, nuclear program founder)","NIRF rankings, AmbitionBox, Glassdoor India, industry placement reports",Semiconductor Physics: Designing and studying the tiny electronic parts inside computer chips. | Photonics and Lasers: Working with light-based technology used in internet cables and medical devices. | Quantum Technology: Researching very early-stage computers and sensors that use quantum physics rules.,Science (PCM),IRC,R:65.2 | I:85.7 | A:28.6 | S:38.3 | E:19.8 | C:54.8
Engineering Science,"A person in this field studies a mix of subjects across many engineering branches instead of picking just one, and later decides their specific focus (like robotics, materials, or data) based on interest. Day-to-day work in college involves broad projects that combine mechanical, electrical, and computer topics together, and after graduation the work depends entirely on which specific area they eventually choose.","Because this degree keeps options open, graduates end up working on very different real things — from designing parts of an electric scooter at Ather Energy to writing code for a robotics startup — giving companies flexible engineers who can adapt across departments.","JEE (Joint Entrance Exam, the main exam to get into engineering colleges including IITs) — Engineering Science is offered as a flexible branch at a few institutes like IIT Kanpur and IISER-style programs.","1. IIT Kanpur (Engineering Science programme)
2. IISER Pune
3. IISER Bhopal
4. BITS Pilani (interdisciplinary tracks)
5. IIT Gandhinagar",₹6-10 LPA,₹14-22 LPA,₹25-45 LPA,"Tata Consultancy Services, Larsen & Toubro, Reliance Industries, various startups, consulting firms, higher-education institutes",Medium,Low,Works from anywhere,"Elon Musk (broad engineering background, entrepreneur), Sundar Pichai (engineer, Google CEO), Raghunath Mashelkar (scientist, broad engineering research)","NIRF rankings, AmbitionBox, Glassdoor India, industry placement reports",,Science (PCM),RIC,R:73.3 | I:69.4 | A:20.9 | S:29.8 | E:23.7 | C:59.0
English,"Someone with a degree in English might spend their day writing articles, editing other people's writing, teaching literature to students, or creating content for a company's website or marketing. The actual work depends heavily on which job they pick, from journalism to publishing to teaching.","People with English backgrounds write the news you read, the books published by companies like Penguin Random House India, and the content that brands like Zomato use to talk to customers, shaping how information and stories reach people.","No single fixed entrance exam — most colleges admit students for a BA in English based on Class 12 marks, though some top universities use CUET (Common University Entrance Test, a common exam for central university admissions).","1. St. Stephen's College Delhi
2. Lady Shri Ram College Delhi
3. Presidency College Chennai
4. Jadavpur University Kolkata
5. Miranda House Delhi",₹2.5-5 LPA,₹6-12 LPA,₹15-25+ LPA,"Penguin Random House India, The Times of India, schools and colleges, content and marketing agencies, publishing houses like HarperCollins India",Medium,Medium,"Works from anywhere for writing and editing roles, since much of this work can be done remotely","Arundhati Roy (Booker Prize-winning Indian author), Chetan Bhagat (bestselling Indian English-language novelist), Shashi Tharoor (writer, politician, known for his English vocabulary and books)","NIRF rankings, AmbitionBox, Glassdoor India, industry placement reports",,All,ASC,R:7.3 | I:44.1 | A:73.7 | S:52.3 | E:46.2 | C:47.3
Environmental Engineering,"A person in this field designs systems that clean polluted water, treat sewage, or reduce air pollution from factories, often visiting treatment plants or construction sites to check that things are built and working correctly. They also use computers to model how pollution spreads and to plan solutions like waste management systems for cities.",This work makes sure cities like Delhi and Mumbai have safer drinking water and reduces the smog that affects daily life; companies like VA Tech Wabag build and run water treatment plants across India relying on these engineers.,"JEE (Joint Entrance Exam, the main exam to get into engineering colleges including IITs) for undergraduate study, often taken as a specialization within Civil Engineering; GATE (a national exam for master's or government jobs) for higher studies or government roles.","1. IIT Roorkee
2. IIT Kharagpur
3. IIT Bombay
4. NIT Warangal
5. Anna University
6. Jadavpur University",₹4-8 LPA,₹9-16 LPA,₹18-30 LPA,"VA Tech Wabag, L&T Construction, Central Pollution Control Board, state Pollution Control Boards, EIL (Engineers India Limited), consulting firms like ERM",High,Low,Tier-2 cities,"Sunita Narain (environmental researcher and activist), Rajendra Singh (water conservation engineer, Magsaysay awardee)","NIRF rankings, AmbitionBox, Glassdoor India, industry placement reports","Water and Wastewater Treatment: Designing plants that clean drinking water and treat sewage before it enters rivers. | Air Pollution Control: Building systems that reduce harmful gases and smoke released by factories and vehicles. | Solid Waste Management: Planning how a city's garbage is collected, sorted, and safely disposed of or recycled.","Science (PCM), Science (PCB)",IRC,R:78.8 | I:83.3 | A:14.1 | S:14.0 | E:20.8 | C:61.6
Event Management,"An event manager plans and runs weddings, concerts, product launches, or conferences, handling everything from booking venues and vendors to making sure the sound system works and the food arrives on time. On the day of the event, they are constantly on their feet, solving last-minute problems like a delayed delivery or a missing chair.","Event managers make things like a Sunburn music festival, a Bollywood celebrity wedding, or a company's annual conference actually happen smoothly, turning an idea into a real experience for thousands of guests. Without them, big gatherings across India would fall apart from poor planning.",,,₹2.5-5 LPA,₹6-15 LPA,₹18-40 LPA,"Wizcraft, Percept Live, BookMyShow (Events), ITC Hotels, Taj Hotels, Encompass Events",Medium,Low,Metro cities mainly,"Viveck Goenka: event industry pioneer, Sabbas Joseph: Wizcraft co-founder","AmbitionBox, Glassdoor India, industry placement reports, event industry association data","Wedding Planning: organising weddings including décor, food, and guests | Corporate Events: managing conferences, product launches, and office parties for companies | Concert and Festival Production: running large music and entertainment shows with artists and crowds",All,ECS,R:0.0 | I:9.3 | A:24.8 | S:59.3 | E:100.0 | C:66.0
Fashion Designing,"A fashion designer sketches new clothing ideas, picks fabrics and colours, and works with tailors to turn drawings into actual garments people can wear. They also study what styles are trending and adjust their designs so they will sell well in stores or online.","Fashion designers create the clothes sold by Indian brands like FabIndia, Manish Malhotra's label, or Zara India, shaping what millions of people wear every day and helping India's textile and garment export business, which employs crores of workers, stay competitive worldwide.",,,₹3-6 LPA,₹7-18 LPA,₹20-60 LPA,"FabIndia, Reliance Brands, Aditya Birla Fashion, Biba, Raymond, House of Anita Dongre",Medium,Low,Metro cities mainly,"Manish Malhotra: celebrity fashion designer, Sabyasachi Mukherjee: bridal wear designer, Ritu Kumar: pioneer of Indian fashion","NIFT placement reports, AmbitionBox, Glassdoor India, fashion industry trade publications","Apparel Design: designing everyday and occasion clothing for brands | Costume Design: creating outfits for films, TV, and theatre | Textile and Print Design: designing fabric patterns and prints used by clothing brands",All,RAC,R:77.5 | I:5.7 | A:73.3 | S:5.2 | E:7.5 | C:52.8
Finance,"A finance professional spends the day looking at numbers, spreadsheets, and market news to decide where money should go or how to make it grow. This could mean helping a company raise money, planning a family's investments, or managing a business's budget and cash flow.","Finance people are behind big moments like Zomato or LIC listing on the stock market, and behind everyday things like helping a small business get a loan from HDFC Bank to expand. Without finance professionals, companies couldn't raise money to grow and people wouldn't get advice on saving for a house or retirement.","CA (Chartered Accountancy exam, run by ICAI, for accounting and finance experts), CFA (Chartered Financial Analyst, a global exam for investment professionals), CAT (Common Admission Test, for MBA in Finance), or simply a B.Com/BBA degree followed by on-the-job learning.","1. Shri Ram College of Commerce (Delhi)
2. Narsee Monjee Institute of Management Studies (Mumbai)
3. Indian Institutes of Management (various cities)
4. St. Xavier's College (Kolkata/Mumbai)
5. Institute of Chartered Accountants of India",₹4-8 LPA,₹12-25 LPA,₹30-80 LPA,"HDFC Bank, ICICI Bank, Goldman Sachs, JP Morgan, Deloitte, EY (Ernst & Young)",High,Medium,Metro cities mainly,Uday Kotak: founded Kotak Mahindra Bank | Falguni Nayar: ex-banker turned Nykaa founder | Nirmala Sitharaman: India's Finance Minister,"NIRF rankings, AmbitionBox, Glassdoor India, industry placement reports","Investment Banking: helping companies raise money by selling shares or bonds, and advising on mergers between companies | Corporate Finance: managing a company's own money, budgets, and financial decisions from inside the business | Financial Planning/Wealth Management: helping individuals and families plan their savings, investments, and taxes","Commerce, Science (PCM)",ECI,R:2.0 | I:43.3 | A:11.4 | S:35.3 | E:83.0 | C:76.2
Fire and Safety Services,"A fire and safety officer inspects buildings, factories, or malls to check that fire exits, extinguishers, and alarms all work properly, and trains staff on what to do in an emergency. When a fire or accident happens, they lead the response to put it out safely and get people to safety.","These professionals prevent tragedies like factory fires or building collapses by making sure places like the Mumbai Metro, an Infosys campus, or a Reliance refinery follow safety rules, directly saving lives and property across Indian workplaces.",,,₹2.5-5 LPA,₹6-12 LPA,₹14-30 LPA,"Reliance Industries, Tata Steel, ONGC, Indian Oil Corporation, NDMA (National Disaster Management Authority), Larsen & Toubro",High,Low,Tier-2 cities work well,"Sushil Kumar Shinde: former govt disaster response minister, officers of the National Fire Service College Nagpur faculty","AmbitionBox, Glassdoor India, industry placement reports, National Fire Service College data","Industrial Fire Safety: preventing and handling fires in factories and refineries | Building Fire Safety (Fire Auditing): checking offices, malls, and homes for fire risks | Emergency and Disaster Response: leading rescue teams during fires and disasters","Science (PCM), All",RCI,R:83.2 | I:43.8 | A:2.8 | S:33.2 | E:36.1 | C:55.4
Fishery Science,"A fishery scientist studies fish and water bodies, working out how to breed fish healthily, keep ponds and rivers clean, or help fish farmers get bigger harvests. Some days involve fieldwork at ponds or the coast, other days involve lab tests on water and fish samples.","India is one of the world's biggest fish producers, and fishery scientists help fish farmers in states like Andhra Pradesh and West Bengal grow more fish like rohu and shrimp for export and local markets. Their work keeps fish affordable and safe to eat for millions of Indians, and supports the livelihoods of coastal and rural fishing families.","ICAR AIEEA (All India Entrance Examination for Admission, run by the Indian Council of Agricultural Research, for fisheries and agriculture degree courses), or state-level agricultural university entrance tests.","1. Central Institute of Fisheries Education (Mumbai)
2. College of Fisheries (Kerala Agricultural University)
3. Fisheries College and Research Institute (Tamil Nadu)
4. West Bengal University of Animal and Fishery Sciences",₹3-5 LPA,₹6-10 LPA,₹12-20 LPA,"Marine Products Export Development Authority, National Fisheries Development Board, state fisheries departments, Central Institute of Fisheries Education, aquaculture companies like Avanti Feeds",Medium,Low,Tier-2 cities and coastal areas,"Dr. Modadugu Vijay Gupta: World Food Prize winner for fish farming work | Dr. W. S. Lakra: former Director, Central Institute of Fisheries Education","ICAR reports, AmbitionBox, government fisheries department data, university placement records",,"Science (PCB), Science (PCM)",RIC,R:81.5 | I:73.3 | A:12.9 | S:14.2 | E:20.7 | C:40.8
Food Engineering,"A person in this field works in factories or labs figuring out how to process, package, and preserve food so it stays safe and tasty for longer — for example designing the machines that pasteurize milk or the process that keeps chips crunchy in a sealed packet. They also test new food products and make sure factory equipment meets hygiene and safety rules.","This work is why milk from companies like Amul stays fresh in tetra packs for months and why packaged snacks from brands like Haldiram's don't spoil quickly, letting food reach people safely across India's long supply chains.","JEE (Joint Entrance Exam, the main exam to get into engineering colleges including IITs) for a few specialized programs; ICAR AIEEA (an entrance exam for agriculture-related degrees, including food technology, at agricultural universities) is more commonly used.","1. IIT Kharagpur (Agricultural and Food Engineering)
2. NIFTEM (National Institute of Food Technology
3. Entrepreneurship and Management)
4. CFTRI Mysore
5. Punjab Agricultural University
6. GB Pant University",₹4-7 LPA,₹8-14 LPA,₹15-25 LPA,"Amul, Nestle India, ITC Foods, Britannia, Haldiram's, PepsiCo India",High,Medium,Tier-2 cities,"M.S. Swaminathan (agricultural scientist, food security pioneer), Verghese Kurien (dairy and food processing pioneer, founder of Amul's model)","NIRF rankings, AmbitionBox, Glassdoor India, industry placement reports","Food Processing: Designing the machines and steps that turn raw farm produce into packaged food. | Food Packaging: Creating packaging that keeps food fresh, safe, and long-lasting during transport and storage. | Food Safety and Quality: Testing food products to make sure they meet health and hygiene standards before sale.","Science (PCM), Science (PCB)",RIC,R:71.8 | I:68.5 | A:14.8 | S:15.8 | E:21.2 | C:58.2
Forensic Science,"A forensic scientist examines evidence from crime scenes, like blood samples, fingerprints, or broken objects, in a lab to figure out what happened and who was involved. They often write detailed reports that police and courts use to solve cases.","Forensic scientists help solve real crimes, like identifying suspects through DNA testing or analyzing weapons in high-profile police investigations across India. Their careful lab work can decide whether an innocent person is cleared or a guilty person is caught, directly affecting justice in courts.","No single fixed entrance exam — most students take a B.Sc in Forensic Science after Class 12, admission is usually based on Class 12 marks or a university-specific entrance test.","1. Lokmanya Tilak Institute of Forensic Science (Mumbai)
2. Government Institute of Forensic Science (Nagpur)
3. Institute of Forensic Science (Gujarat Forensic Sciences University)
4. Amity Institute of Forensic Sciences (Noida)",₹3-5 LPA,₹6-10 LPA,₹12-18 LPA,"Central Forensic Science Laboratory, state forensic science laboratories, Central Bureau of Investigation, state police departments, National Investigation Agency",Medium,Low,Metro cities mainly,Dr. M. S. Rao: pioneer of Indian forensic odontology | Dr. Lalji Singh: known as father of DNA fingerprinting in India,"AmbitionBox, Glassdoor India, university placement records, government forensic lab recruitment notices",,"Science (PCB), Science (PCM)",ICR,R:53.2 | I:83.8 | A:12.2 | S:9.6 | E:19.2 | C:75.1
Forestry,"A forestry professional manages forests, plants and protects trees, tracks wildlife, and works to stop illegal cutting of trees or poaching of animals. Work often happens outdoors, walking through forest areas, alongside paperwork on forest health and planning.","Foresters protect India's tiger reserves like Ranthambore and Jim Corbett, manage timber and forest produce that rural communities depend on, and help fight climate change by keeping forests healthy. Their decisions affect whether forests survive for future generations and whether wildlife like elephants and tigers have safe habitats.","Indian Forest Service Exam (a government exam through UPSC, the Union Public Service Commission, for top forest officer positions), or a B.Sc in Forestry through state agricultural or forestry university entrance tests.","1. Forest Research Institute (Dehradun)
2. Indira Gandhi Krishi Vishwavidyalaya (Raipur)
3. Kerala Agricultural University
4. Indian Institute of Forest Management (Bhopal)",₹4-7 LPA,₹9-15 LPA,₹18-30 LPA,"State Forest Departments, Ministry of Environment Forest and Climate Change, Wildlife Institute of India, WWF India, Forest Survey of India",High,Low,Tier-2 cities,Kailash Sankhala: known as father of Project Tiger | Ullas Karanth: renowned Indian tiger conservationist,"UPSC notifications, AmbitionBox, government forest department data, conservation organization reports",,"Science (PCB), Science (PCM)",RIC,R:71.2 | I:65.3 | A:13.3 | S:47.7 | E:31.5 | C:52.5
General Engineering,"A person in this field studies the basics of several engineering branches together (like a bit of mechanical, electrical, and civil) without specializing deeply in one, usually at smaller colleges that offer a broad first-year-style program throughout the degree. Actual daily work after graduation varies a lot and depends on which industry or company hires them, often in general technical, maintenance, or supervisory roles.",Graduates from this kind of broad program often become the utility players in factories or infrastructure companies — for example handling general technical operations at an L&T project site — because they can understand and coordinate across different engineering teams.,JEE (Joint Entrance Exam) or state-level engineering entrance exams (like MHT-CET in Maharashtra or KCET in Karnataka) depending on the state and college offering the general engineering program.,"1. Various state engineering colleges and polytechnic-linked institutes
2. regional NITs offering general/multi-disciplinary tracks
3. state technical universities",₹3-6 LPA,₹7-12 LPA,₹14-22 LPA,"Larsen & Toubro, state public works departments, Indian Railways, various manufacturing companies, government technical departments",Medium,Medium,Tier-2 cities,"Sir M. Visvesvaraya (broad civil-mechanical engineer, statesman), E. Sreedharan (multi-discipline infrastructure engineer, 'Metro Man of India')","NIRF rankings, AmbitionBox, Glassdoor India, industry placement reports",,Science (PCM),RIC,R:73.3 | I:69.4 | A:20.9 | S:29.8 | E:23.7 | C:59.0
Genetic Counselling and Genetics,"A genetic counsellor meets with families to explain what a genetic test result means in simple words, such as whether a baby might inherit a health condition, and helps them decide what to do next. A geneticist, on the other hand, mostly works in a lab or research centre studying DNA (the code inside our cells that decides our traits) to discover what causes diseases.","Genetic counsellors at hospitals like Apollo or Fortis help thousands of Indian couples understand results from tests like NIPT (a pregnancy screening test) before making major family decisions, while geneticists at institutes like CCMB Hyderabad have helped uncover the genetic causes behind conditions common in Indian populations.",,,₹4-7 LPA,₹8-16 LPA,₹18-35 LPA,"Apollo Hospitals, Fortis Healthcare, MedGenome, CCMB (Centre for Cellular and Molecular Biology), Strand Life Sciences, Mapmygenome",High,Low,Metro cities mainly,"Dr. Partha Majumder: Indian human geneticist, Dr. K. Thangaraj: population geneticist at CCMB","AmbitionBox, Glassdoor India, hospital placement reports, research institute publications",Genetic Counselling: talking directly to patients and families about genetic test results | Clinical Genetics (Medical): diagnosing and treating patients with inherited disorders as a doctor | Research Genetics: studying DNA in labs to discover causes of diseases,Science (PCB),ICS,R:30.9 | I:90.5 | A:27.4 | S:53.0 | E:19.5 | C:55.6
Geographic Information Systems (GIS),"A GIS (Geographic Information Systems) specialist uses special mapping software to turn location data, like satellite images or GPS coordinates, into maps that help people make decisions, such as where to build a new road or how a flood might spread. They spend most of their day working on computers, layering different kinds of data onto digital maps.","GIS professionals help companies like Zomato and Swiggy figure out the fastest delivery routes, help the government plan projects like the Delhi Metro expansion, and help disaster teams predict flood zones during monsoons using tools like ISRO's Bhuvan mapping platform.",,,₹3-6 LPA,₹7-15 LPA,₹16-35 LPA,"ESRI India, ISRO, Genesys International, Infosys, Tata Consultancy Services, RMSI",High,Medium,Works from anywhere,"Dr. K. Kasturirangan: former ISRO chairman, Rakesh Verma: MapmyIndia co-founder","AmbitionBox, Glassdoor India, industry placement reports, ESRI India career data","Remote Sensing Analyst: reading satellite images to study land, water, and weather | GIS Software Developer: building the mapping software and tools others use | Urban and Transport Planning GIS: using maps to plan cities, roads, and delivery routes","Science (PCM), Arts, Commerce",CIR,R:57.3 | I:69.8 | A:32.2 | S:14.2 | E:13.1 | C:76.8
Geography,"A geographer studies the Earth itself, things like climate patterns, rivers, population movement, and cities, often teaching in colleges, researching at universities, or advising the government on land and environment policy. Their day might involve analysing rainfall data, writing research papers, or lecturing students about why cities grow where they do.","Geographers help India plan for challenges like water shortages in Chennai, monsoon flooding in Assam, or how fast cities like Bengaluru are expanding, work that directly shapes government policies through bodies like the Survey of India and NITI Aayog.",,,₹3-6 LPA,₹6-14 LPA,₹15-30 LPA,"Survey of India, NITI Aayog, UGC-funded universities, UPSC (civil services), ISRO, environmental research institutes",Medium,Low,Tier-2 cities work well,"Dr. R. B. Singh: geographer and former JNU professor, Dr. Savindra Singh: physical geography author","UGC reports, AmbitionBox, Glassdoor India, university placement data","Physical Geography: studying natural things like rivers, climate, and landforms | Human Geography: studying how people, cities, and cultures are spread across places | Geography Teaching and Academia: teaching and researching geography at schools and colleges","Arts, Science (PCM), Commerce",ISR,R:52.9 | I:86.6 | A:44.8 | S:62.3 | E:22.6 | C:44.7
Geology / Geophysics / Geological Technology,"A geologist studies rocks, soil, and the structure of the earth to find out what lies underground, such as oil, minerals, or groundwater, or to understand earthquakes and landslides. Work involves fieldwork at mines, hills, or drilling sites, plus lab analysis of rock and soil samples.","Geologists help companies like ONGC (Oil and Natural Gas Corporation) find oil and gas reserves that power India's homes and vehicles, and help mining companies locate coal and metal deposits used in construction and electronics. They also study earthquake-prone zones like the Himalayas to help build safer buildings and warn of disasters.","GATE (Graduate Aptitude Test in Engineering, a national exam for getting into master's programs or government jobs in geology), or a B.Sc in Geology through Class 12 marks-based admission.","1. Indian Institute of Technology (various cities)
2. Indian School of Mines/IIT Dhanbad
3. Banaras Hindu University
4. University of Delhi
5. Jadavpur University",₹4-8 LPA,₹10-18 LPA,₹20-35 LPA,"Oil and Natural Gas Corporation, Geological Survey of India, Coal India Limited, Reliance Industries, Schlumberger",Medium,Low,Works in remote mining/drilling sites often,D. N. Wadia: pioneering Indian geologist on Himalayan geology | Harsh Gupta: renowned Indian seismologist,"GATE exam data, AmbitionBox, Geological Survey of India reports, industry placement records",,"Science (PCM), Science (PCB)",IRC,R:77.9 | I:86.6 | A:14.6 | S:15.8 | E:11.4 | C:60.1
Gynaecology and Obstetrics,"A gynaecologist and obstetrician is a doctor who takes care of women's reproductive health, delivering babies, monitoring pregnancies, and treating health issues related to the female body. Their day includes seeing patients in clinics, performing check-ups like ultrasounds, and sometimes rushing into surgery to deliver a baby safely.","These doctors are the reason millions of safe deliveries happen every year in Indian hospitals like AIIMS and Fortis La Femme, directly reducing maternal and infant deaths and helping women get timely treatment for serious health conditions.",,,₹8-15 LPA,₹18-40 LPA,₹45-100+ LPA,"AIIMS, Fortis La Femme, Apollo Hospitals, Cloudnine Hospitals, Max Healthcare, government district hospitals",High,Low,Works from anywhere,"Dr. Firuza Parikh: fertility and IVF specialist, Dr. Duru Shah: gynaecologist and researcher","Medical Council placement data, AmbitionBox, Glassdoor India, hospital salary surveys",,Science (PCB),ISR,R:59.8 | I:75.0 | A:7.5 | S:74.2 | E:29.0 | C:45.3
HCL TechBee Program,"A TechBee student joins right after Class 12 instead of going to college, and spends the day partly learning IT skills like coding and business basics, and partly doing real paid work at HCLTech, a large Indian IT company. Over time, the classroom learning reduces and the real job work increases.","TechBee lets students from ordinary financial backgrounds start earning a salary and gaining real work experience at 18, instead of spending three to four years and lakhs of rupees on a college degree first. It has helped thousands of Indian students, especially from smaller towns, get into the IT industry without the usual engineering degree route.","No single fixed entrance exam — HCLTech selects students directly after Class 12 based on an aptitude test and interview conducted by the company itself, not a national exam.","1. This is a company-run program
2. not a college degree — training happens directly at HCLTech's own TechBee centers
3. with an option to later complete a college degree alongside work.",₹1.5-2.5 LPA,₹4-7 LPA,₹10-18 LPA,HCLTech (the program leads directly to a job at HCLTech itself),Medium,Medium,Metro and Tier-2 cities where HCLTech centers are located,This is a young program without long-tenured famous alumni yet — students who join are mostly at the start of their careers.,"HCLTech official program information, AmbitionBox employee reviews, news coverage of the program",,All,CIR,R:45.8 | I:57.2 | A:12.6 | S:27.4 | E:20.4 | C:82.8
History,"A historian reads old documents, books, and records, visits archives or old monuments, and writes or teaches about how people lived in the past. Days can involve research in libraries, interviewing people for oral history, or preparing lessons for students.","Historians help India understand its own past, from the freedom struggle to ancient civilizations like the Indus Valley, and their research shapes museum exhibits, school textbooks, and documentaries watched by millions. Their work also helps settle debates about historical events and monuments that matter to communities today.","No single fixed entrance exam — many colleges take students based on Class 12 marks, though top universities like Delhi University and Jawaharlal Nehru University have their own entrance tests for higher studies.","1. Jawaharlal Nehru University (Delhi)
2. Delhi University
3. Presidency University (Kolkata)
4. Banaras Hindu University
5. Jadavpur University",₹2.5-4.5 LPA,₹5-9 LPA,₹10-18 LPA,"Archaeological Survey of India, universities and colleges, National Museum, publishing houses, UPSC (for civil services roles)",Medium,Low,Works from anywhere for research and writing,Romila Thapar: eminent Indian historian on ancient India | Ramachandra Guha: well-known historian and author,"AmbitionBox, Glassdoor India, university placement data, UGC (University Grants Commission) reports",,All,ISC,R:26.7 | I:72.8 | A:47.1 | S:68.1 | E:24.6 | C:52.7
Homeopathy,"A homeopathic doctor meets patients, listens carefully to their symptoms and lifestyle, and prescribes homeopathic medicines, which are natural remedies given in small diluted doses. Much of the day is spent in consultations at a clinic or hospital, similar to a regular doctor's visit.","Homeopathy doctors treat millions of Indians every year as an alternative or addition to regular medicine, especially for chronic issues like allergies or skin problems, and many government hospitals in India have dedicated homeopathy departments. This gives patients more treatment choices and supports India's AYUSH system (a government ministry for Ayurveda, Yoga, Unani, Siddha, and Homeopathy).","NEET (National Eligibility cum Entrance Test, the common medical entrance exam in India, also used for homeopathy degree admissions).","1. National Institute of Homoeopathy (Kolkata)
2. Nehru Homoeopathic Medical College (Delhi)
3. Government Homoeopathic Medical College (Bengaluru)
4. Dr. M.P.K. Homoeopathic Medical College (Mumbai)",₹3-5 LPA,₹6-10 LPA,₹12-25 LPA,"AYUSH Ministry hospitals, state government homeopathy hospitals, private homeopathy clinics, Dr. Batra's, Homeocare International",Medium,Low,Tier-2 cities,Dr. Mukesh Batra: founder of Dr. Batra's Homeopathy clinics | Dr. B. K. Sarkar: renowned Indian homeopathy teacher,"NEET exam data, AmbitionBox, AYUSH Ministry reports, clinic placement records",,Science (PCB),ISR,R:58.8 | I:81.5 | A:13.5 | S:78.8 | E:16.3 | C:37.5
Horticulture,"A horticulturist works with fruits, vegetables, flowers, and garden plants, figuring out the best ways to grow them, protect them from disease, and increase harvest quality. Work can be in fields, greenhouses, nurseries, or research labs, testing new plant varieties and farming methods.","Horticulturists help farmers grow better mangoes in Maharashtra, grapes in Nashik, or flowers sold across Indian cities, directly affecting the fruits and vegetables that end up in every Indian kitchen. Better horticulture techniques also help farmers earn more money and reduce crop losses from pests and disease.","ICAR AIEEA (All India Entrance Examination for Admission, run by the Indian Council of Agricultural Research, for agriculture and horticulture degree courses), or state agricultural university entrance tests.","1. Indian Agricultural Research Institute (Delhi)
2. Punjab Agricultural University
3. Kerala Agricultural University
4. Dr. Yashwant Singh Parmar University of Horticulture and Forestry",₹3-5 LPA,₹6-10 LPA,₹12-20 LPA,"National Horticulture Board, state agriculture and horticulture departments, ITC Limited, Godrej Agrovet, nursery and seed companies like Bayer",Medium,Low,Tier-2 and rural areas,M. S. Swaminathan: father of India's Green Revolution | Kavita Mishra: known horticulture research scientist,"ICAR reports, AmbitionBox, National Horticulture Board data, agricultural university placement records",,"Science (PCB), Science (PCM)",RIC,R:69.8 | I:65.6 | A:17.2 | S:41.9 | E:38.0 | C:46.9
Hotel Management,"A hotel management professional oversees parts of a hotel like guest check-ins, food service, housekeeping, or events, making sure guests have a smooth and pleasant stay. Days involve coordinating staff, solving guest problems on the spot, and managing bookings or budgets.","Hotel managers run the operations behind major Indian hotel chains like Taj and Oberoi that host tourists, business travelers, and big weddings, directly supporting India's tourism industry which employs millions. Good hotel management also shapes how international visitors experience India, affecting tourism revenue for the whole country.","NCHMCT JEE (National Council for Hotel Management and Catering Technology Joint Entrance Exam, the main exam for hotel management degree admission in India).","1. Institute of Hotel Management (Mumbai/Delhi/various cities)
2. Welcomgroup Graduate School of Hotel Administration (Manipal)
3. Oberoi Centre of Learning and Development
4. Christ University (Bengaluru)",₹3-5 LPA,₹7-12 LPA,₹15-30 LPA,"Taj Hotels, Oberoi Group, ITC Hotels, Marriott, Radisson, Airlines and cruise companies",Medium,Low,Metro cities and tourist destinations mainly,Rattan Tata: guided Taj Hotels' growth as chairman of Tata Group | P. R. S. Oberoi: built the Oberoi hotel chain,"NCHMCT reports, AmbitionBox, Glassdoor India, hotel chain placement records",,All,ECS,R:28.2 | I:1.7 | A:7.2 | S:55.2 | E:86.8 | C:70.3
Human Resources Management,"A Human Resources (HR) manager hires new employees, resolves workplace conflicts, and makes sure the company follows fair rules about pay, leave, and employee wellbeing. Their day is a mix of interviewing candidates, planning training programs, and talking to employees who need help with work issues.","HR managers at companies like TCS and Infosys are responsible for hiring and supporting the millions of employees who keep India's IT and business sectors running, and they shape workplace culture at nearly every Indian company, from startups to giants like Tata.",,,₹3-6 LPA,₹7-18 LPA,₹20-50 LPA,"TCS, Infosys, Hindustan Unilever, Tata Group, Accenture, Deloitte",High,Medium,Metro cities mainly,"Santrupt Misra: Aditya Birla Group HR head, Padmaja Alaganandan: former PwC India HR leader","AmbitionBox, Glassdoor India, industry placement reports, SHRM India surveys","Talent Acquisition (Recruitment): finding and hiring the right people for a company | HR Business Partner: working closely with a team or department on people issues | Compensation and Benefits: deciding employee salaries, bonuses, and perks",All,ECS,R:2.4 | I:23.6 | A:7.1 | S:47.2 | E:88.9 | C:75.5
Industrial / Manufacturing / Production Engineering,"A person in this field works on factory floors figuring out the fastest, cheapest, and safest way to make products at large scale — deciding how machines, workers, and materials should be arranged, and fixing bottlenecks that slow production down. They spend time observing assembly lines, analyzing data on defects or delays, and planning improvements.","This work is why a car from Maruti Suzuki or a phone assembled for Samsung in India can be made quickly and consistently in huge numbers without wasting materials or time, directly affecting product prices and availability.","JEE (Joint Entrance Exam, the main exam to get into engineering colleges including IITs) for undergraduate study; GATE (a national exam for master's or government jobs) for higher studies.","1. IIT Delhi
2. IIT Bombay
3. NIT Trichy
4. PSG College of Technology
5. VJTI Mumbai
6. Anna University",₹4-8 LPA,₹10-18 LPA,₹20-35 LPA,"Maruti Suzuki, Tata Motors, Samsung India, Bosch, Mahindra & Mahindra, Bharat Forge",High,Medium,Tier-2 cities,"Ratan Tata (industrialist, manufacturing leader), Ravi Kant (former Tata Motors MD, manufacturing expert)","NIRF rankings, AmbitionBox, Glassdoor India, industry placement reports",Production Planning: Deciding how much to manufacture and scheduling factory work to meet demand on time. | Quality Control: Checking products at each stage to catch defects before they reach customers. | Supply Chain and Logistics: Managing how raw materials arrive and finished goods get delivered efficiently.,Science (PCM),RCI,R:69.8 | I:64.7 | A:11.2 | S:7.8 | E:31.6 | C:66.4
Industrial Chemistry,"An industrial chemist works in factories or labs figuring out how to make chemical products safely and efficiently, like paints, fertilizers, plastics, or medicines. Days involve testing raw materials, running lab experiments, and checking that finished products meet quality and safety standards.","Industrial chemists help companies like Asian Paints make the paint on Indian walls and Tata Chemicals produce fertilizers that help farmers grow more crops. Their work ensures everyday products like soaps, plastics, and medicines are made safely and consistently at a large scale.","JEE (Joint Entrance Examination, the national exam for engineering admissions, including chemical engineering) or GATE (Graduate Aptitude Test in Engineering, for master's and government job entry) for higher studies.","1. Indian Institute of Technology (various cities)
2. Institute of Chemical Technology (Mumbai)
3. Birla Institute of Technology and Science (Pilani)
4. Indian Institute of Science (Bengaluru)",₹4-8 LPA,₹10-18 LPA,₹20-35 LPA,"Tata Chemicals, Asian Paints, Reliance Industries, Pidilite Industries, BASF India",Medium,Medium,Works near industrial hubs mainly,"Har Gobind Khorana: Nobel Prize-winning Indian-origin chemist | Yusuf Hamied: chairman of Cipla, chemist by training","GATE exam data, AmbitionBox, Glassdoor India, chemical industry placement reports",,Science (PCM),IRC,R:82.8 | I:87.2 | A:11.0 | S:1.3 | E:12.1 | C:61.2
Instrumentation Engineering,"A person in this field designs and maintains the sensors and control systems that measure things like temperature, pressure, or flow in factories and plants, and makes sure machines respond automatically and correctly to those readings. Work often involves calibrating equipment, troubleshooting faulty sensors, and programming control systems in places like oil refineries or power plants.",This work keeps places like Reliance's oil refineries and NTPC's power plants running safely by constantly monitoring conditions and automatically preventing accidents like overheating or pressure buildup.,"JEE (Joint Entrance Exam, the main exam to get into engineering colleges including IITs) for undergraduate study; GATE (a national exam for master's or government jobs) for higher studies or PSU (government-owned company) recruitment.","1. IIT Kharagpur
2. IIT Delhi
3. NIT Trichy
4. VIT Vellore
5. Manipal Institute of Technology
6. ICT Mumbai",₹4-8 LPA,₹10-16 LPA,₹18-30 LPA,"Reliance Industries, NTPC, Honeywell, Siemens, ONGC, L&T",High,Medium,Tier-2 cities,"Verghese Kurien (engineering-driven institution builder, though dairy focused), instrumentation leaders at ISRO like former chairman K. Sivan (aerospace instrumentation background)","NIRF rankings, AmbitionBox, Glassdoor India, industry placement reports",Process Control: Designing systems that automatically keep factory processes like temperature and pressure within safe limits. | Sensor Design: Creating the actual devices that detect and measure physical conditions accurately. | Industrial Automation: Programming systems that let machines run and adjust themselves with minimal human involvement.,Science (PCM),RIC,R:86.4 | I:68.8 | A:12.6 | S:10.4 | E:11.4 | C:65.0
Interior Design,"An interior designer plans how the inside of a home, office, or restaurant should look and function, choosing furniture, colours, lighting, and layout to make the space both beautiful and useful. They meet clients to understand what they want, create design plans, and supervise workers who carry out the actual construction and decoration.","Interior designers shape the look of places Indians visit every day, from a Starbucks café in Mumbai to apartments built by DLF or Godrej Properties, and skilled design can make homes more comfortable and workplaces more productive.",,,₹3-6 LPA,₹7-16 LPA,₹18-45 LPA,"DLF, Godrej Properties, Livspace, HomeLane, Design Cafe, independent design studios",Medium,Medium,Metro cities mainly,"Gauri Khan: celebrity interior designer, Ashiesh Shah: luxury interior designer","AmbitionBox, Glassdoor India, industry placement reports, design institute surveys","Residential Design: designing homes and apartments for individual clients | Commercial Design: designing offices, hotels, and retail stores | Set and Exhibition Design: designing spaces for films, TV, or events",All,ARC,R:52.0 | I:34.5 | A:76.0 | S:28.0 | E:45.0 | C:47.0
Investment Banking and Fund Management,"An investment banker helps companies raise money, merge with other companies, or go public by selling shares on the stock market, spending long hours building financial models and pitching deals to clients. A fund manager, instead, decides how to invest large pools of money, like mutual funds, to try to grow it over time.","Investment bankers helped structure massive Indian deals like the LIC IPO (when a company sells shares to the public for the first time) or the Air India-Vistara merger, while fund managers at firms like SBI Mutual Fund decide how crores of rupees from everyday Indian savers get invested.",,,₹8-18 LPA,₹20-60 LPA,₹70-300+ LPA,"Goldman Sachs, JP Morgan, Morgan Stanley, Kotak Investment Banking, SBI Mutual Fund, ICICI Securities",Medium,Medium,Metro cities mainly,"Uday Kotak: Kotak Mahindra founder, Nilesh Shah: Kotak Mutual Fund MD, Prashant Jain: veteran fund manager","AmbitionBox, Glassdoor India, industry placement reports, business school placement data",Investment Banking (Deal-Making): helping companies raise money or merge with other firms | Fund/Portfolio Management: deciding how to invest large sums of money to grow them | Equity Research: studying companies and stocks to recommend what to buy or sell,"Commerce, Science (PCM)",ECI,R:6.2 | I:35.8 | A:7.8 | S:31.3 | E:91.9 | C:70.7
Japanese (Language & Translation),"A person in this field spends their day reading, writing, and speaking Japanese - translating documents, interpreting conversations between Japanese and Indian colleagues in meetings, or teaching the language to students.","Japanese speakers help Indian employees work smoothly with Japanese companies like Suzuki (which owns Maruti), Honda, Sony, and Toyota, and make it possible for business deals, car manuals, and anime or manga to be understood in India.","No single fixed entrance exam - most people join a language course or a university department (like JNU or Delhi University) based on Class 12 marks, and later prove their skill with the JLPT (Japanese Language Proficiency Test, an international exam that certifies how well you know Japanese, with levels from N5 easiest to N1 hardest).","1. Jawaharlal Nehru University (JNU)
2. Delhi University
3. Jamia Millia Islamia
4. English and Foreign Languages University (EFLU) Hyderabad
5. Symbiosis Pune
6. The Japan Foundation New Delhi (for JLPT training)",₹3-6 LPA,₹7-14 LPA,₹15-25 LPA,"Maruti Suzuki, Honda Cars India, Sony India, Panasonic, NTT DATA, Japanese embassy and trade organisations like JETRO",Medium,Medium,Metro cities mainly,"Minoru Sasaki (Japan Foundation India educator), Ian Hideo Levy (Japanese-English literary translator, US-born)","NIRF rankings, AmbitionBox, Glassdoor India, industry placement reports","Translator: Converts written Japanese documents, manuals, or manga into English or Hindi and back. | Interpreter: Listens to spoken Japanese and repeats it live in English for meetings or events. | Language Teacher: Teaches Japanese language and JLPT exam skills to students in schools or institutes.",All,CAS,R:14.8 | I:36.5 | A:54.7 | S:41.3 | E:15.0 | C:63.2
Jewellery Design and Gemology,"A jewellery designer sketches new necklace, ring, or earring designs, picks out gemstones (like diamonds or rubies), and works with goldsmiths to turn drawings into finished pieces. A gemologist spends the day examining stones under special lights and microscopes to check if they are genuine and how much they are worth.","India is one of the world's biggest hubs for cutting and polishing diamonds, and companies like Tanishq, Kalyan Jewellers, and Malabar Gold rely on designers and gemologists to create trustworthy, beautiful jewellery that millions of Indian families buy for weddings and festivals.",,,₹2.5-5 LPA,₹6-14 LPA,₹15-30 LPA,"Tanishq (Titan), Kalyan Jewellers, Malabar Gold and Diamonds, PC Jeweller, GIA India, Gitanjali Group",Medium,Low,Metro cities mainly,"Farah Ali Khan: celebrity jewellery designer, Viren Bhagat: renowned Mumbai jewellery designer, Reena Ahluwalia: internationally known jewellery designer","NIRF rankings, AmbitionBox, Glassdoor India, industry placement reports",Jewellery Design: sketching and creating new jewellery pieces by hand or on computer | Gemology: testing and grading gemstones like diamonds to certify their quality | CAD Jewellery Design: using computer software to design 3D models of jewellery before manufacturing,All,RCA,R:83.8 | I:30.7 | A:38.2 | S:1.5 | E:13.8 | C:45.5
Journalism,"A journalist spends their day finding stories, calling and meeting people to ask questions, verifying facts, and writing or recording reports for newspapers, TV, or websites before a deadline.","Journalists at organisations like NDTV, The Hindu, and India Today inform millions of citizens about elections, floods, scams, and policy changes, helping people make informed decisions and holding powerful people accountable.","No single fixed entrance exam - many colleges admit students based on Class 12 marks or their own entrance test, though some students also take exams like the IIMC entrance test (Indian Institute of Mass Communication's own exam for its journalism courses).","1. Indian Institute of Mass Communication (IIMC) Delhi
2. Xavier Institute of Communications Mumbai
3. Asian College of Journalism Chennai
4. Symbiosis Institute of Media and Communication Pune
5. Delhi University
6. Jamia Millia Islamia",₹2.5-5 LPA,₹6-12 LPA,₹15-30 LPA,"NDTV, The Times of India, The Hindu, India Today Group, ABP News, Hindustan Times",Medium,Medium,Metro cities mainly,"Barkha Dutt (TV journalist and anchor), Ravish Kumar (Hindi news anchor), Rajdeep Sardesai (senior editor and anchor)","NIRF rankings, AmbitionBox, Glassdoor India, industry placement reports","Print/Digital Reporter: Writes news stories and articles for newspapers or news websites. | TV/Broadcast Journalist: Reports and anchors news stories on television, often live on camera. | Investigative Journalist: Digs deep into one story for weeks or months to expose hidden facts like corruption or fraud.",All,AEC,R:9.4 | I:34.8 | A:73.1 | S:36.2 | E:52.8 | C:39.6
Law (LLB),"A lawyer spends their day reading case files, researching old judgments, drafting legal documents, and either arguing cases in court or advising clients and companies on what the law allows.","Lawyers at firms handling cases for companies like Reliance or Tata, or working with everyday citizens, help resolve property disputes, business contracts, and criminal cases, and some go on to become judges who decide what is fair and legal in India.","CLAT (Common Law Admission Test, a national exam that decides admission into most top law colleges in India, testing reading comprehension, reasoning, and general knowledge).","1. National Law School of India University (NLSIU) Bangalore
2. National Law University (NLU) Delhi
3. NALSAR University of Law Hyderabad
4. Government Law College Mumbai
5. Symbiosis Law School Pune
6. Faculty of Law Delhi University",₹4-10 LPA,₹12-25 LPA,₹30-80+ LPA,"AZB & Partners, Cyril Amarchand Mangaldas, Khaitan & Co, Trilegal, corporate legal departments, government law departments",High,Medium,Metro cities mainly,"Harish Salve (senior advocate, Supreme Court), Indira Jaising (senior advocate and human rights lawyer), Justice D.Y. Chandrachud (former Chief Justice of India)","NIRF rankings, AmbitionBox, Glassdoor India, industry placement reports","Litigation Lawyer: Represents clients and argues cases in court in front of a judge. | Corporate Lawyer: Advises companies on contracts, mergers, and business deals, usually working in an office rather than a courtroom. | Criminal Lawyer: Defends or prosecutes people accused of crimes like theft or fraud in criminal courts.",All,IEC,R:11.8 | I:59.7 | A:27.0 | S:57.3 | E:58.4 | C:57.8
Librarianship and Archival Science,"A librarian helps people find books and information, organizes shelves, manages digital catalogues, and runs reading programs. An archivist works behind the scenes to preserve old documents, photos, and historical records so they don't get damaged or lost over time.","Librarians at institutions like the National Library of India in Kolkata and university libraries such as IIT and Delhi University help students and researchers access knowledge, while archivists preserve historical records like independence-era government documents for future generations.",,,₹2.5-4.5 LPA,₹5-9 LPA,₹10-18 LPA,"National Library of India, Indian National Archives, IIT and university libraries, British Council Library, UNESCO, government ministries",Medium,Medium,Works from anywhere,"S.R. Ranganathan: father of Indian library science, B.S. Kesavan: first National Archivist of India","NIRF rankings, AmbitionBox, Glassdoor India, industry placement reports","Public Librarian: manages community libraries and helps everyday readers | Academic Librarian: supports students and researchers at colleges and universities | Archivist: preserves and organizes historical documents, photos, and records",All,CIS,R:26.7 | I:52.9 | A:29.5 | S:41.7 | E:21.5 | C:81.7
Life Science,"A life science graduate spends their day in a lab or field studying living things - running experiments on cells, plants, or animals, recording data, and writing up results that add to scientific knowledge.","Life science researchers at places like the Council of Scientific and Industrial Research (CSIR) and Serum Institute of India contribute to vaccines, better crops, and new medicines that improve health and food supply for millions.","No single fixed entrance exam for the undergraduate degree - admission is usually based on Class 12 Science marks, though some top institutes use CUET (Common University Entrance Test, a national exam for admission to many Indian universities); for research careers, students later take exams like CSIR-NET (a national exam to become a science researcher or lecturer).","1. Indian Institute of Science (IISc) Bangalore
2. Jawaharlal Nehru University (JNU)
3. Delhi University
4. University of Hyderabad
5. Banaras Hindu University (BHU)
6. Fergusson College Pune",₹3-5 LPA,₹6-11 LPA,₹12-22 LPA,"Serum Institute of India, Biocon, CSIR laboratories, Dr Reddy's Laboratories, ICAR (Indian Council of Agricultural Research), universities and research institutes",Medium,Low,Metro cities mainly,"Dr Gagandeep Kang (vaccine scientist and immunologist), Dr Cyrus Poonawalla (founder, Serum Institute of India)","NIRF rankings, AmbitionBox, Glassdoor India, industry placement reports","Research Scientist: Runs experiments in a lab to discover new facts about living organisms, often at a university or company. | Biotech Industry Roles: Applies life science knowledge to develop products like vaccines, seeds, or diagnostic kits at companies. | Science Educator: Teaches biology and life sciences at schools, colleges, or coaching institutes.",Science (PCB),ISC,R:39.2 | I:81.2 | A:31.2 | S:61.2 | E:47.0 | C:48.9
Logistics and Supply Chain Management,"A logistics or supply chain manager plans how goods move from factories to warehouses to customers, deciding the best routes, tracking shipments, and solving problems when deliveries get delayed. They spend their day coordinating with truck drivers, warehouse teams, and software systems to keep products flowing on time.","This work keeps Amazon and Flipkart deliveries reaching your doorstep in one or two days, and makes sure India's food, medicines, and manufactured goods travel efficiently across the country's massive network of roads, railways, and ports.",,,₹3-6 LPA,₹6-15 LPA,₹15-30 LPA,"Amazon, Flipkart, Delhivery, Maersk, DHL, Tata Steel",High,Medium,Tier-2 cities work well,"Sahil Barua: co-founder and CEO of Delhivery, Raghav Chandra: former logistics and railways policy leader","AmbitionBox, Glassdoor India, NIRF rankings, industry placement reports","Warehouse/inventory manager: oversees storage and stock levels so products are ready when needed. | Transportation manager: plans and tracks how goods physically move by road, rail, sea, or air. | Supply chain analyst: uses data to predict demand and make the whole supply chain more efficient.","Commerce, Science (PCM)",CER,R:31.6 | I:30.0 | A:2.9 | S:20.1 | E:76.5 | C:78.8
Marine / Ocean Engineering,"A person in this combined field studies a broad mix of ship-related and ocean-related engineering — some ship machinery basics plus some offshore structure and ocean technology basics — before often specializing further later. Depending on the specific job taken after graduation, they might work on ship design, port infrastructure, or offshore platforms, without being locked into only sailing or only onshore work.",Graduates from this broad combined programme support India's shipping and coastal industries in flexible ways — for example contributing to both ship design work at Cochin Shipyard and offshore platform projects for ONGC — because their training spans both sailing-related and non-sailing ocean engineering topics.,"JEE (Joint Entrance Exam, the main exam to get into engineering colleges including IITs) for the combined Ocean/Marine Engineering programs offered at a few institutes like IIT Madras and IIT Kharagpur.","1. IIT Madras (Ocean Engineering)
2. IIT Kharagpur
3. Cochin University of Science and Technology
4. Andhra University College of Engineering",₹5-9 LPA,₹10-18 LPA,₹20-35 LPA,"ONGC, Cochin Shipyard, L&T Shipbuilding, Indian Register of Shipping, offshore engineering consultancies, Indian Navy (design roles)",Medium,Low,Metro cities mainly,"Vice Admiral engineers of Indian Navy's design branch, professors at IIT Madras's Department of Ocean Engineering known for coastal research","NIRF rankings, AmbitionBox, Glassdoor India, industry placement reports",Ship Design Basics: Learning the fundamentals of how ships are structurally designed and built. | Offshore Structures Basics: Learning the fundamentals of platforms and structures built out at sea. | Coastal and Port Studies: Understanding how harbours and coastlines are engineered to handle ships and waves safely.,Science (PCM),RIC,R:89.2 | I:52.8 | A:13.5 | S:4.2 | E:30.6 | C:52.2
Marine Engineering,"A person in this field is trained specifically to operate, maintain, and repair the engines and machinery that power large ships, and most graduates go on to actually sail on ships as a ship's engineer, living onboard for months at a time. Day-to-day work at sea involves monitoring engine rooms, fixing mechanical or electrical faults, and keeping the ship's power and cooling systems running safely.","Marine engineers keep cargo ships moving that carry most of India's international trade — including goods for companies like Shipping Corporation of India and Maersk — since a ship with a broken engine cannot deliver anything, anywhere.","IMU CET (Indian Maritime University Common Entrance Test, the main exam to get into marine engineering and sail on ships) — this is the primary and most direct path into this field.","1. Indian Maritime University (Chennai and other campuses)
2. Marine Engineering and Research Institute (MERI) Kolkata/Mumbai
3. Tolani Maritime Institute
4. Sri Ramaswamy Memorial (SRM) maritime programs",₹8-15 LPA,₹20-35 LPA,₹40-70 LPA,"Shipping Corporation of India, Maersk, Anglo-Eastern Ship Management, V.Ships, MSC, Fleet Management Limited",High,Low,"Works from anywhere (though long stretches are spent at sea, away from any fixed city)",Captain and Chief Engineer graduates from Indian Maritime University widely employed on global shipping fleets; senior marine engineers featured in Directorate General of Shipping recognitions,"NIRF rankings, AmbitionBox, Glassdoor India, industry placement reports",Ship's Engine Room Operations: Running and monitoring the engines and machinery that power the ship day to day. | Marine Machinery Maintenance: Repairing and servicing mechanical and electrical equipment onboard. | Marine Surveying: Inspecting ships onshore later in one's career to check they meet safety standards.,Science (PCM),RIC,R:84.8 | I:60.4 | A:13.5 | S:8.6 | E:41.6 | C:60.2
Marketing Management,"A marketing manager plans how a company will advertise and sell its products, decides what messages to put in ads, studies what customers like, and works with teams on social media posts, pricing, and campaigns to get people excited about a brand.","Marketing managers are the people behind campaigns like Amul's witty hoardings, Flipkart's Big Billion Days sales, and Cadbury's festive ads — their decisions directly influence what products Indians buy and how much they trust a brand.",,,₹4-8 LPA,₹10-25 LPA,₹28-60 LPA,"Hindustan Unilever, Procter & Gamble, Flipkart, Amazon India, ITC, Asian Paints",High,Medium,Metro cities mainly,"Prasoon Joshi: ad-maker and lyricist, Piyush Pandey: legendary Indian adman, Sameer Satpathy: Marico's marketing chief","NIRF rankings, AmbitionBox, Glassdoor India, industry placement reports","Brand Management: builds and protects a company's image and reputation | Digital Marketing: promotes products through social media, search engines, and online ads | Market Research: studies customer behavior and data to guide marketing decisions",All,ECI,R:0.7 | I:45.8 | A:25.1 | S:27.4 | E:87.7 | C:61.0
Massage and Bodywork Therapy,"A massage therapist uses their hands to press, rub, and knead a client's muscles to relieve pain, stress, or stiffness, working in places like spas, wellness centers, hospitals, or sports clubs, with each session usually lasting 30 minutes to an hour.","Massage therapists help office workers with back pain, athletes recover faster after injuries, and are a core part of India's fast-growing wellness and spa industry, seen in chains like O2 Spa and Four Fountains, as well as traditional Ayurvedic centers in Kerala.",,,₹1.8-3.5 LPA,₹4-8 LPA,₹9-15 LPA,"O2 Spa, Four Fountains De-Stress Spa, Taj and Oberoi hotel spas, Ayurvedic wellness centers in Kerala, physiotherapy and sports rehab clinics",Medium,Low,Works from anywhere,"Dr. Rajesh Kumar: well-known Ayurvedic massage expert, practitioners trained at Kerala's traditional Panchakarma centers","NIRF rankings, AmbitionBox, Glassdoor India, industry placement reports",Ayurvedic Massage Therapy: uses traditional Indian oils and techniques for healing | Sports Massage Therapy: helps athletes recover and prevent injury | Spa and Wellness Therapy: focuses on relaxation and stress relief for everyday clients,All,SRI,R:64.0 | I:46.5 | A:20.5 | S:79.2 | E:18.3 | C:27.7
Mathematics,"A mathematician spends their day solving abstract problems, proving logical statements, or building mathematical models that are later used in fields like finance, computer science, or engineering.","Mathematicians working at places like the Indian Statistical Institute or in banks help design the algorithms behind stock trading systems, encryption that keeps online banking safe, and models used in insurance pricing.","No single fixed entrance exam for the undergraduate degree - admission is usually through CUET (Common University Entrance Test, a national exam for admission to many Indian universities) or Class 12 marks; for top research institutes, students take exams like the ISI Admission Test or CMI Entrance Test (each institute's own exam for math talent).","1. Indian Statistical Institute (ISI) Kolkata
2. Chennai Mathematical Institute (CMI)
3. Indian Institute of Science (IISc) Bangalore
4. St. Stephen's College Delhi
5. Indian Institutes of Technology (IITs)
6. Tata Institute of Fundamental Research (TIFR)",₹4-8 LPA,₹10-20 LPA,₹22-40 LPA,"banks and financial firms, research institutes, IT companies like TCS and Infosys, universities, actuarial and analytics firms",Medium,Low,Works from anywhere,"Manjul Bhargava (Fields Medal-winning mathematician), C.R. Rao (renowned statistician), Srinivasa Varadhan (Abel Prize-winning mathematician)","NIRF rankings, AmbitionBox, Glassdoor India, industry placement reports",,"Science (PCM), Commerce",ICS,R:33.6 | I:90.5 | A:36.9 | S:51.2 | E:8.7 | C:61.8
Mathematics And Computing,"A person in this field spends their day writing code and also working through heavy math and statistics problems - for example building an algorithm for stock trading or designing secure encryption, which is more math-intensive than typical software coding.","Graduates of this program work on things like the encryption that protects UPI payments, the pricing models trading firms in Mumbai use to buy and sell stocks in milliseconds, and the statistics behind recommendation systems used by companies like Flipkart.","JEE (Joint Entrance Examination, the national exam for getting into IITs and other top engineering colleges) for the BTech version of this degree; some universities also offer a BSc version admitted through Class 12 marks or CUET (Common University Entrance Test).","1. Indian Institute of Technology (IIT) Delhi
2. Indian Institute of Technology (IIT) Kharagpur
3. Indian Institute of Technology (IIT) Guwahati
4. Indian Institute of Technology (IIT) BHU Varanasi
5. Delhi Technological University",₹8-18 LPA,₹20-40 LPA,₹45-90 LPA,"quant trading firms like WorldQuant and Tower Research, Google, Goldman Sachs, Flipkart, Microsoft",High,Low,Metro cities mainly,"Manjul Bhargava (Fields Medal-winning mathematician), Rajeev Motwani (computer scientist who mentored Google's founders)","NIRF rankings, AmbitionBox, Glassdoor India, industry placement reports",Quantitative Finance: Uses heavy math and statistics to build trading and investment strategies for banks or hedge funds. | Cryptography: Designs the mathematical systems that keep digital data and payments secure. | Data Science: Uses statistics and computing together to find patterns in large amounts of data.,Science (PCM),ICR,R:34.1 | I:99.9 | A:32.2 | S:14.5 | E:12.8 | C:67.9
Mechanical / Mechatronics Engineering,"A person in this field designs and builds machines and mechanical systems, and in the mechatronics side specifically combines mechanical parts with electronics and computer programming — for example designing a robotic arm that a computer chip controls. Daily work involves sketching designs on computer software, testing prototypes, and troubleshooting why a machine or robot isn't behaving as expected.","This work is behind everyday machines like the engines in Tata Motors' cars and the automated robotic arms used in factories making electronics for companies like Foxconn, combining physical mechanics with smart electronic control.","JEE (Joint Entrance Exam, the main exam to get into engineering colleges including IITs) for undergraduate study; GATE (a national exam for master's or government jobs) for higher studies.","1. IIT Bombay
2. IIT Delhi
3. IIT Madras
4. VIT Vellore
5. BITS Pilani
6. NIT Surathkal",₹4-9 LPA,₹10-20 LPA,₹22-40 LPA,"Tata Motors, Mahindra & Mahindra, Bosch, Siemens, Larsen & Toubro, ABB",High,Medium,Tier-2 cities,"Sir M. Visvesvaraya (pioneering mechanical/civil engineer), Anand Mahindra (mechanical engineer, industrialist), Kiran Mazumdar-Shaw's manufacturing-linked biotech engineering roots","NIRF rankings, AmbitionBox, Glassdoor India, industry placement reports","Design and Manufacturing: Creating and building physical mechanical parts and machines. | Robotics and Automation: Combining mechanics with sensors and code to build machines that act on their own. | Thermal and Automotive Systems: Working on engines, cooling systems, and vehicle mechanics.",Science (PCM),RIC,R:84.7 | I:73.8 | A:18.0 | S:7.2 | E:13.8 | C:61.9
Mechanical Engineering,"A mechanical engineer designs, builds, or tests machines and moving parts, like engines, robots, or factory equipment, often using computer design software before checking how the parts work in real life.","The engines in Tata trucks, the air conditioners made by Voltas, and the machines that assemble Maruti Suzuki cars are all designed and kept running by mechanical engineers.","JEE Main and JEE Advanced (national engineering entrance exams for admission to top government colleges), or state-level engineering entrance exams like MHT-CET or KCET for admission to a BTech (a 4-year engineering degree) in Mechanical Engineering.","1. IIT Bombay
2. IIT Delhi
3. IIT Madras
4. IIT Kanpur
5. BITS Pilani
6. VIT Vellore",₹4-8 LPA,₹10-18 LPA,₹20-40 LPA,"Tata Motors, Mahindra & Mahindra, L&T, Bosch, Maruti Suzuki, Bharat Forge",High,Medium,Tier-2 cities,Sundar Pichai: mechanical engineering graduate turned tech CEO | Ratan Tata: led Tata Motors' car engineering vision,"NIRF rankings, AmbitionBox, Glassdoor India, industry placement reports","Automobile Engineering: focuses on designing and improving cars, bikes, and trucks | Thermal Engineering: works on engines, heating, and cooling systems | Manufacturing Engineering: designs the factory processes that make products at scale",Science (PCM),RIC,R:89.8 | I:68.7 | A:17.0 | S:3.7 | E:16.2 | C:63.8
Medical Lab Technology,"A medical lab technologist spends their day in a hospital or diagnostic lab collecting blood or tissue samples, running them through machines, and preparing accurate test reports that doctors use to diagnose patients.","Lab technologists working at chains like Dr Lal PathLabs and SRL Diagnostics generate the blood tests, sugar tests, and infection reports that doctors across India rely on every single day to treat patients correctly.","No single fixed national entrance exam - most colleges admit students into a BSc or diploma in Medical Lab Technology (MLT) based on Class 12 marks in Science, though some states and universities run their own entrance tests.","1. All India Institute of Medical Sciences (AIIMS) New Delhi
2. Christian Medical College (CMC) Vellore
3. Manipal Academy of Higher Education
4. Post Graduate Institute of Medical Education and Research (PGIMER) Chandigarh
5. Jamia Hamdard",₹2-4 LPA,₹4.5-8 LPA,₹9-15 LPA,"Dr Lal PathLabs, SRL Diagnostics, Metropolis Healthcare, Apollo Hospitals, Fortis Healthcare, government hospitals",High,Medium,Tier-2 cities,"Dr Arjun Lal Bhalla (founder, Dr Lal PathLabs), Dr Ganesh Sanjeevi (pathology researcher and educator)","NIRF rankings, AmbitionBox, Glassdoor India, industry placement reports","Pathology Lab Technician: Tests blood and body fluid samples to detect diseases. | Microbiology Lab Technician: Identifies bacteria, viruses, and infections from samples. | Blood Bank Technician: Manages blood collection, testing, and storage for transfusions.",Science (PCB),IRC,R:81.8 | I:83.7 | A:1.1 | S:30.4 | E:4.2 | C:65.3
Medicine (MBBS),"A doctor spends their day examining patients, diagnosing illnesses, prescribing treatment, and sometimes performing procedures or surgery, in hospitals or clinics - unlike nurses or physiotherapists, doctors decide the diagnosis and treatment plan.","Doctors working at hospitals like AIIMS and Apollo directly save lives every day, from treating everyday infections to performing complex heart surgeries, and are often the first and most trusted point of contact when someone falls seriously ill in India.","NEET (National Eligibility cum Entrance Test, the single national exam every student must pass to get into any medical college in India for the MBBS degree, which is the basic medical doctor's degree).","1. All India Institute of Medical Sciences (AIIMS) New Delhi
2. Christian Medical College (CMC) Vellore
3. Armed Forces Medical College (AFMC) Pune
4. Maulana Azad Medical College Delhi
5. King George's Medical University Lucknow",₹6-10 LPA,₹15-30 LPA,₹35-80+ LPA,"AIIMS and other government hospitals, Apollo Hospitals, Fortis Healthcare, Max Healthcare, Medanta, private clinics",High,Low,Tier-2 cities,"Dr Devi Shetty (cardiac surgeon, founder Narayana Health), Dr Randeep Guleria (former AIIMS director), Dr Naresh Trehan (cardiac surgeon, Medanta founder)","NIRF rankings, AmbitionBox, Glassdoor India, industry placement reports","General Physician: Treats common illnesses and is usually the first doctor a patient sees. | Surgeon: Performs operations to treat injuries or diseases that need physical correction. | Specialist (e.g. Cardiologist): Focuses deeply on one body system, like the heart, after years of extra training.",Science (PCB),ISR,R:51.5 | I:90.8 | A:7.4 | S:85.8 | E:20.3 | C:46.5
Merchant Navy (Nautical Officer),"A nautical officer (also called a deck officer) navigates huge cargo ships across oceans, plans the ship's route, keeps watch on the bridge (the ship's control room), and makes sure the vessel and crew stay safe during long voyages that can last for months at sea, far from land.","Nautical officers keep global trade moving — nearly 90% of everything India imports and exports, from oil to electronics, travels by sea, and these officers make sure that cargo reaches ports like Mumbai and Chennai safely and on time.",,,₹6-12 LPA,₹15-35 LPA,₹40-80 LPA,"Shipping Corporation of India, Maersk, MSC, Anglo-Eastern Ship Management, Fleet Management Limited, V.Ships",Medium,Low,Works from anywhere,"Captain Radhika Menon: first woman to receive the IMO Bravery Award, Captain Prem Lall Kanwar: veteran Indian merchant navy captain","NIRF rankings, AmbitionBox, Glassdoor India, industry placement reports",,Science (PCM),RCI,R:99.5 | I:27.0 | A:0.0 | S:4.0 | E:23.5 | C:49.3
Metallurgy Engineering And Material Science,"This engineer studies metals and other materials to figure out how to make them stronger, lighter, or more heat-resistant, spending time in labs testing samples and in factories checking how metal is produced.",The steel used in Tata Steel's construction beams and the lightweight alloys in Indian Railways' new coaches exist because metallurgists figured out the right mix and treatment of materials.,"JEE Main and JEE Advanced (national engineering entrance exams), or state engineering entrance exams, for admission to a BTech in Metallurgical and Materials Engineering.","1. IIT Kharagpur
2. IIT Bombay
3. IIT Madras
4. IIT (BHU) Varanasi
5. NIT Rourkela
6. NIT Trichy",₹4-7 LPA,₹9-16 LPA,₹18-32 LPA,"Tata Steel, JSW Steel, SAIL (Steel Authority of India), Hindalco, Vedanta, ISRO",High,Low,Tier-2 cities,"T.V. Narendran: CEO of Tata Steel, metallurgical engineer | C.N.R. Rao: renowned Indian materials scientist","NIRF rankings, AmbitionBox, Glassdoor India, industry placement reports","Extractive Metallurgy: focuses on getting pure metal out of raw ore | Physical Metallurgy: studies how metal structure affects strength and behavior | Materials Science: researches new materials like ceramics, polymers, and composites",Science (PCM),IRC,R:80.8 | I:86.8 | A:22.6 | S:6.4 | E:16.0 | C:52.2
Midwifery,"A midwife supports women through pregnancy, labor, and childbirth, checking on the mother's and baby's health, guiding breathing and pain management during delivery, and offering care and advice in the weeks after the baby is born.","Midwives play a huge role in reducing deaths during childbirth in India, working in government hospitals and rural health centers to make sure mothers in both cities and villages get safe, supportive care while delivering their babies.",,,₹2.5-4.5 LPA,₹5-9 LPA,₹10-16 LPA,"AIIMS hospitals, Fortis Healthcare, Apollo Hospitals, government district hospitals, Narayana Health, National Health Mission",High,Low,Tier-2 cities work well,"Dr. Manisha Malhotra: known maternal health advocate, midwives trained under India's National Midwifery Initiative","NIRF rankings, AmbitionBox, Glassdoor India, industry placement reports",,Science (PCB),SIR,R:43.5 | I:48.2 | A:15.4 | S:83.3 | E:30.6 | C:38.8
Mining Engineering,"A mining engineer plans how to safely dig out coal, iron ore, or other minerals from the earth, spending time both at mine sites checking safety and equipment, and in offices planning where and how to dig next.","The coal that powers many of India's electricity plants and the iron ore that becomes steel for bridges and buildings are extracted safely because mining engineers plan and supervise the process, for companies like Coal India.","JEE Main and JEE Advanced (national engineering entrance exams), or state engineering entrance exams, for admission to a BTech in Mining Engineering.","1. IIT (ISM) Dhanbad
2. IIT Kharagpur
3. NIT Rourkela
4. VNIT Nagpur
5. IIT (BHU) Varanasi
6. MANIT Bhopal",₹5-9 LPA,₹10-18 LPA,₹20-35 LPA,"Coal India Limited, NMDC, Vedanta, Hindustan Zinc, Tata Steel, Adani Enterprises",Medium,Medium,Tier-2 cities,Anil Kumar Jha: former CMD of Coal India | P.K. Singh: senior mining engineering leader in public sector,"NIRF rankings, AmbitionBox, Glassdoor India, industry placement reports",Underground Mining: plans and manages digging tunnels deep below ground | Surface Mining: works on open-pit mines dug from the top down | Mine Safety Engineering: focuses specifically on preventing accidents and hazards at mine sites,Science (PCM),RIC,R:84.7 | I:76.3 | A:9.2 | S:14.0 | E:29.2 | C:60.7
Music,"A musician spends their day practicing an instrument or voice, rehearsing with others, performing at concerts or recording studios, or composing new songs and scores for films or albums.","Musicians and composers like those working with Bollywood studios or T-Series create the songs and background scores that entertain and move millions of people across films, weddings, and everyday playlists in India.","No single fixed entrance exam - most music schools and university departments admit students based on an audition (a live performance test) or portfolio, rather than a written exam.","1. ITM School of Music
2. KM Music Conservatory Chennai (founded by A.R. Rahman)
3. Delhi University's Department of Music
4. Bhatkhande Music Institute Lucknow
5. True School of Music Mumbai",₹2-5 LPA,₹6-15 LPA,₹20-100+ LPA,"T-Series, Bollywood film studios, orchestras and bands, music streaming and production companies like Zee Music, event and wedding companies",Medium,Medium,Metro cities mainly,"A.R. Rahman (Oscar-winning music composer), Zakir Hussain (world-renowned tabla player), Shreya Ghoshal (playback singer)","NIRF rankings, AmbitionBox, Glassdoor India, industry placement reports","Performer: Plays an instrument or sings live on stage or in recording sessions. | Composer: Writes original music and scores for films, albums, or advertisements. | Music Teacher: Trains students in an instrument, voice, or music theory.",All,ASE,R:23.9 | I:27.7 | A:85.7 | S:48.2 | E:43.1 | C:27.5
Natural Science,"A natural science graduate spends their day studying how the physical and living world works together - for example measuring pollution levels, testing chemical reactions, or observing plant and animal life as part of one combined science program covering physics, chemistry, and biology.","Natural science graduates working with organisations like the Central Pollution Control Board or environmental research institutes help track air and water pollution and study climate change, work that shapes public health policy across Indian cities.","No single fixed entrance exam - admission is usually based on Class 12 Science marks, though some universities use CUET (Common University Entrance Test, a national exam for admission to many Indian universities).","1. Delhi University
2. Fergusson College Pune
3. St. Xavier's College Mumbai
4. Miranda House Delhi
5. Presidency University Kolkata
6. Indian Institute of Science Education and Research (IISER)",₹3-5 LPA,₹6-11 LPA,₹12-20 LPA,"Central Pollution Control Board, environmental consultancies, government research labs, schools and colleges, science journalism and publishing houses",Medium,Low,Tier-2 cities,"Dr Anil Kakodkar (nuclear scientist), Sunita Narain (environmentalist, Centre for Science and Environment)","NIRF rankings, AmbitionBox, Glassdoor India, industry placement reports",,"Science (PCM), Science (PCB)",IEC,R:29.0 | I:81.2 | A:24.0 | S:34.8 | E:76.7 | C:53.7
Naturopathy,"A naturopathy doctor examines patients and treats illnesses using natural methods like diet changes, specific exercises, mud baths, water treatments, and yoga instead of chemical medicines. They spend the day consulting patients, designing personalised diet and lifestyle plans, and supervising therapies at a nature-cure clinic or wellness centre.","Naturopathy doctors help people manage lifestyle diseases like diabetes, obesity, and high blood pressure through diet and lifestyle changes, which is why hospitals like Jindal Naturecure in Bangalore and government AYUSH (a ministry that covers Ayurveda, Yoga, Unani, Siddha, and Homeopathy) hospitals run full-time naturopathy departments. This field is growing as more Indians look for non-medicine ways to manage chronic health problems.","NEET (National Eligibility cum Entrance Test, the common medical entrance exam in India) is required for the BNYS degree (Bachelor of Naturopathy and Yogic Sciences, a 5.5-year medical course), since it is treated as a medical program by most state governments.","1. Government Yoga and Naturopathy Medical College Chennai
2. SDM College of Naturopathy and Yogic Sciences Karnataka
3. Yenepoya Naturopathy Medical College Mangalore
4. National Institute of Naturopathy Pune
5. Sri Sairam Ayurveda Medical College Chennai",₹3-5 LPA,₹6-10 LPA,₹12-20 LPA,"Jindal Naturecure Institute, government AYUSH hospitals, Art of Living wellness centres, VLCC and other wellness chains, private nature-cure clinics, Patanjali Wellness",Medium,Low,Tier-2 cities,"Dr. Biswaroop Roy Chowdhury: well-known naturopathy author, Mahatma Gandhi: famous historical advocate of naturopathy, Dr. H.K. Bakhru: pioneering Indian naturopathy writer","NIRF rankings, AmbitionBox, Glassdoor India, industry placement reports",,Science (PCB),ISR,R:58.8 | I:81.5 | A:13.5 | S:78.8 | E:16.3 | C:37.5
Nautical Science,"A nautical science graduate works as a deck officer on a large cargo or passenger ship, steering the vessel, planning its route across oceans, and making sure it doesn't collide with anything. On a normal day they check navigation equipment, plot the ship's position on charts, supervise loading of cargo, and keep watch on the bridge (the ship's control room).","These officers physically command the ships that carry almost everything India imports and exports, from crude oil to phones to grain, since over 90% of India's trade by volume moves by sea. Companies like Shipping Corporation of India and Maersk depend entirely on trained deck officers to move goods safely across the world's oceans.","IMU-CET (Indian Maritime University Common Entrance Test, the main exam to get into merchant navy officer training) is the standard route into a B.Sc. Nautical Science degree.","1. Indian Maritime University Chennai
2. Training Ship Chanakya Mumbai
3. Tolani Maritime Institute Pune
4. Marine Engineering and Research Institute Kolkata
5. Coimbatore Marine College
6. Anglo-Eastern Maritime Academy",₹6-12 LPA,₹15-30 LPA,₹35-70 LPA,"Shipping Corporation of India, Maersk, Anglo-Eastern Ship Management, Fleet Management Limited, MSC Shipping, Great Eastern Shipping",Medium,Low,Works from anywhere,"Captain Radhika Menon: first Indian woman to receive IMO bravery award, Captain B.S. Randhawa: veteran merchant navy captain and trainer, Captain Sanjay Prashar: known maritime educator","NIRF rankings, AmbitionBox, Glassdoor India, industry placement reports","Deck Officer: navigates the ship and commands it, eventually rising to Captain. | Ship's Pilot: guides large ships safely in and out of busy harbours. | Maritime Surveyor: inspects ships to check they are safe and meet international rules.",Science (PCM),RCE,R:89.0 | I:32.2 | A:0.0 | S:10.4 | E:40.9 | C:57.9
Neurology,"A neurologist is a doctor who examines and treats patients with problems in the brain, spine, and nerves, such as severe headaches, memory loss, seizures, or stroke, using tests like brain scans and then prescribing treatment or medicine.","Neurologists at hospitals like AIIMS and NIMHANS diagnose and treat conditions like stroke and epilepsy that affect millions of Indians, often making the difference between a patient regaining normal life or facing long-term disability.",,,₹10-18 LPA,₹20-45 LPA,₹50-100+ LPA,"AIIMS, NIMHANS, Fortis Healthcare, Apollo Hospitals, Max Healthcare, Medanta",High,Low,Metro cities mainly,"Dr. Vinod Puri: senior Indian neurologist, Dr. Padma Srivastava: leading neurologist at AIIMS","NIRF rankings, AmbitionBox, Glassdoor India, industry placement reports",,Science (PCB),ISR,R:51.7 | I:100.0 | A:18.0 | S:67.0 | E:23.2 | C:44.8
Nuclear Engineering,"A nuclear engineer designs, operates, and maintains equipment used in nuclear power plants, making sure the process that generates electricity from nuclear reactions runs safely, while also monitoring radiation levels and following strict safety rules.","Nuclear engineers help run power plants like Kudankulam and Tarapur that supply electricity to millions of Indian homes without producing the air pollution that coal plants do, and their work is vital to India's clean-energy future.",,,₹6-10 LPA,₹12-22 LPA,₹25-45 LPA,"Nuclear Power Corporation of India (NPCIL), Bhabha Atomic Research Centre (BARC), Department of Atomic Energy, ISRO, L&T Heavy Engineering",High,Low,Tier-2 cities work well,"Dr. Anil Kakodkar: former chairman of India's Atomic Energy Commission, Dr. Homi Bhabha: founder of India's nuclear program","NIRF rankings, AmbitionBox, Glassdoor India, industry placement reports",,Science (PCM),IRC,R:72.2 | I:75.1 | A:8.7 | S:14.3 | E:23.2 | C:62.9
Nursing,"A nurse looks after patients in a hospital or clinic by giving medicines, checking vital signs like blood pressure and pulse, changing bandages, and comforting worried patients and families. They work closely with doctors, follow treatment plans, and are often the person a patient sees most during a hospital stay.","Nurses are the backbone of every hospital in India, from AIIMS Delhi to small district hospitals, and without them patients would not get round-the-clock care. During events like the COVID-19 pandemic, nurses were on the frontline caring for critically ill patients across the country.","NEET (National Eligibility cum Entrance Test) is increasingly required by many states for B.Sc. Nursing admission, though many colleges also admit based on Class 12 marks in Science subjects.","1. AIIMS College of Nursing Delhi
2. Christian Medical College Vellore
3. Manipal College of Nursing
4. Armed Forces Medical College Pune
5. PGIMER Chandigarh
6. NIMHANS Bangalore",₹2.5-4.5 LPA,₹5-9 LPA,₹10-18 LPA,"AIIMS, Apollo Hospitals, Fortis Healthcare, Christian Medical College Vellore, Max Healthcare, government hospitals, hospitals abroad in UK and Gulf countries",High,Low,Works from anywhere,"T.N. Ammal: pioneer of nursing education in India, Sister Nivedita: historic nursing and social service figure, Kasturba Gandhi: known for her nursing and health service work","NIRF rankings, AmbitionBox, Glassdoor India, industry placement reports",ICU Nurse: cares for critically ill patients needing constant monitoring. | Pediatric Nurse: specialises in caring for babies and children. | Nurse Anesthetist/OT Nurse: assists surgeons during operations and manages patients before and after surgery.,Science (PCB),SCR,R:53.4 | I:45.0 | A:2.2 | S:76.5 | E:18.2 | C:58.7
Occupational Therapy,"An occupational therapist helps people who have difficulty with everyday tasks — like getting dressed, writing, or walking — because of injury, disability, or aging, by creating exercises and using special tools to help them become more independent.","Occupational therapists help stroke survivors relearn to feed themselves, children with developmental delays learn to write, and factory workers recover from injuries, working in hospitals and rehab centers across India such as Apollo and NIMHANS.",,,₹3-5.5 LPA,₹6-12 LPA,₹13-22 LPA,"Apollo Hospitals, Fortis Healthcare, NIMHANS, government rehabilitation centers, special needs schools, Manipal Hospitals",High,Low,Tier-2 cities work well,"Dr. Neeraj Mishra: known occupational therapy educator in India, therapists trained at AIIMS rehabilitation departments","NIRF rankings, AmbitionBox, Glassdoor India, industry placement reports",Pediatric Occupational Therapy: helps children with developmental or learning challenges | Physical Rehabilitation: helps patients recover movement after injury or stroke | Mental Health Occupational Therapy: helps people manage daily life with mental health conditions,Science (PCB),SIC,R:42.5 | I:47.6 | A:26.1 | S:84.8 | E:8.1 | C:44.4
Ocean Engineering,"A person in this field designs and studies structures and technology used out at sea that are NOT about ship engines or sailing — things like offshore oil platforms, underwater cables, ports, and equipment that explores the seabed. Work usually happens onshore in design offices or research labs, using computer models to test how structures will hold up against waves and ocean currents, with occasional site visits to ports or offshore platforms.","This work is behind the offshore oil platforms that companies like ONGC operate in the Arabian Sea and the underwater cables that carry India's internet traffic across oceans, none of which involve sailing a ship but require deep knowledge of ocean forces.","JEE (Joint Entrance Exam, the main exam to get into engineering colleges including IITs) for the Ocean Engineering programs at IIT Madras and similar institutes.","1. IIT Madras (Department of Ocean Engineering)
2. IIT Kharagpur
3. National Institute of Ocean Technology (NIOT) Chennai
4. Cochin University of Science and Technology",₹5-9 LPA,₹11-18 LPA,₹22-38 LPA,"ONGC, National Institute of Ocean Technology, L&T offshore division, offshore engineering consultancies, port trusts (like Jawaharlal Nehru Port), submarine cable companies",Medium,Low,Metro cities mainly,"Scientists at National Institute of Ocean Technology known for deep-sea mining and underwater vehicle research, professors leading IIT Madras's ocean engineering research on coastal structures","NIRF rankings, AmbitionBox, Glassdoor India, industry placement reports","Offshore Structures: Designing platforms and rigs that stand safely in the middle of the ocean. | Port and Harbour Engineering: Planning how ports handle ships, cargo, and coastal waves. | Underwater Technology: Building equipment like underwater robots and cables used to explore or use the seabed.",Science (PCM),RIC,R:79.0 | I:78.5 | A:27.0 | S:4.5 | E:37.7 | C:55.2
"Oil, Paints, Dye Technology","This specialist works in a factory or lab creating and testing the formulas for products like wall paints, car paints, fabric dyes, cooking oils, and industrial coatings, making sure the colour, texture, and durability come out right every time. They spend the day mixing chemicals in controlled amounts, running quality tests, and fixing problems like paint peeling or dye fading.","This work is behind everyday products like Asian Paints on your walls, Berger Paints on buildings, and the dyes that colour the fabric in your clothes, which is a massive industry in India given how much painting, textile dyeing, and packaging happens here. Better formulas from this field also mean longer-lasting paints and safer, less polluting dyes for the environment.","JEE (Joint Entrance Exam, the national engineering entrance test) followed by choosing a B.Tech in Oil, Paint and Dye Technology, or a specific college's own entrance test, since only a few institutes offer this specialised course.","1. Institute of Chemical Technology Mumbai
2. Harcourt Butler Technical University Kanpur
3. LD College of Engineering Ahmedabad
4. Government College of Engineering Amravati
5. University of Mumbai (Applied Chemistry stream)",₹3.5-6 LPA,₹7-14 LPA,₹15-28 LPA,"Asian Paints, Berger Paints, Kansai Nerolac, Akzo Nobel India, Pidilite Industries, Atul Ltd",Medium,Medium,Tier-2 cities,"Champaklal Choksi: co-founder of Asian Paints, Suresh Sharma: senior paint industry technologist, Ashwin Dani: former Asian Paints chairman and industry veteran","NIRF rankings, AmbitionBox, Glassdoor India, industry placement reports",,Science (PCM),RCI,R:89.2 | I:50.5 | A:4.4 | S:2.0 | E:9.6 | C:62.6
Ophthalmology and Optometry,"An ophthalmologist is a doctor who diagnoses and performs surgery on eye diseases, like cataracts, while an optometrist is a specially trained professional who tests people's eyesight, prescribes glasses or contact lenses, and checks for early signs of eye problems, usually without doing surgery.","Together they help millions of Indians see clearly and avoid blindness — organizations like Aravind Eye Care and LV Prasad Eye Institute perform low-cost cataract surgeries that have restored sight to huge numbers of people, especially in rural areas.",,,₹4-9 LPA,₹10-25 LPA,₹30-70 LPA,"Aravind Eye Care System, LV Prasad Eye Institute, Sankara Nethralaya, Lenskart, Apollo Hospitals, Centre for Sight",High,Low,Tier-2 cities work well,"Dr. Govindappa Venkataswamy: founder of Aravind Eye Care, Dr. Taraprasad Das: renowned Indian ophthalmologist","NIRF rankings, AmbitionBox, Glassdoor India, industry placement reports",Ophthalmologist: an eye surgeon (MBBS doctor) who treats eye diseases and performs operations | Optometrist: a trained professional who tests vision and prescribes glasses or contact lenses without surgery,Science (PCB),ISR,R:60.0 | I:83.5 | A:10.8 | S:70.7 | E:27.1 | C:47.0
Orthopedics,"An orthopedic doctor examines patients with bone, joint, and muscle problems, looks at X-rays, and treats things like fractures, back pain, and knee injuries, sometimes through surgery. A typical day includes seeing patients in a clinic, doing surgeries like joint replacements, and checking on patients recovering in the hospital.","Orthopedic surgeons help accident victims walk again, treat sports injuries for athletes, and perform knee and hip replacement surgeries that let elderly people move without pain, work done every day in hospitals like AIIMS and Apollo across India.",,,₹8-15 LPA,₹20-40 LPA,₹50-100+ LPA,"AIIMS, Apollo Hospitals, Fortis Healthcare, Max Healthcare, Manipal Hospitals, government hospitals",High,Low,"Works well in cities and towns, less so in remote rural areas",Dr. B. K. S. Iyengar's orthopedic collaborators; Dr. Sudhir Kapoor: senior joint replacement surgeon; Dr. Anant Kumar: sports injury specialist,"NMC guidelines, AmbitionBox, Glassdoor India, hospital placement data",Joint Replacement Surgery: replacing worn-out knees and hips with artificial parts | Sports Medicine: treating injuries in athletes so they can play again | Spine Surgery: fixing serious back and spinal cord problems,Science (PCB),IRS,R:68.0 | I:91.7 | A:8.0 | S:63.7 | E:22.7 | C:48.5
Paediatrics,"A paediatrician is a doctor who only treats children, from newborn babies to teenagers, checking their growth, giving vaccines, and treating illnesses like fever, infections, or asthma. A typical day involves examining sick children, calming worried parents, and tracking whether babies are growing properly.","Paediatricians run the child immunization programs that protect Indian children from diseases like measles and polio, and they are often the first doctors who catch serious problems early, a role played daily in clinics and hospitals like Rainbow Children's Hospital and AIIMS.",,,₹7-14 LPA,₹18-35 LPA,₹40-80 LPA,"AIIMS, Rainbow Children's Hospital, Apollo Hospitals, Fortis Healthcare, government primary health centres, Cloudnine Hospitals",High,Low,"Tier-2 cities work well, needed everywhere children live","Dr. A. K. Dutta: senior paediatrician and author, Dr. Tanu Singhal: child infectious disease expert","NMC guidelines, AmbitionBox, Glassdoor India, hospital placement reports","Neonatology: caring for newborn babies, especially those born early or sick | Paediatric Cardiology: treating heart problems in children | General Paediatrics: routine check-ups, vaccines, and common childhood illnesses",Science (PCB),SIR,R:44.0 | I:86.3 | A:14.7 | S:94.0 | E:25.7 | C:43.0
Paper And Printing Engineering,"This engineer works on both ends of making books and packaging: turning wood pulp into paper at a paper mill, and then running the machines that print text, images, and designs onto that paper or onto packaging material.","The exercise books children use in school, the paper cartons in which Amul packs its products, and the glossy pages of magazines all pass through processes that paper and printing engineers design and manage.",JEE Main or state engineering entrance exams for admission to a BTech in Paper and Pulp Technology or Printing and Packaging Technology; some specialised institutes also hold their own entrance tests.,"1. Institute of Paper Technology (IIT Roorkee campus
2. Saharanpur)
3. IIT Roorkee
4. Indian Institute of Printing Technology
5. Government College of Engineering and Ceramic Technology Kolkata
6. PSG College of Technology
7. Punjab Technical University affiliated colleges",₹3-6 LPA,₹7-13 LPA,₹15-25 LPA,"ITC Limited, JK Paper, Ballarpur Industries (BILT), Tetra Pak, ManipalCigna printing partners, Century Pulp and Paper",Medium,Medium,Tier-2 cities,"Harsh Pati Singhania: leads JK Paper, one of India's largest paper companies | Yogesh Agarwal: senior technical leader in Indian paper manufacturing","NIRF rankings, AmbitionBox, Glassdoor India, industry placement reports","Pulp and Paper Technology: focuses on turning wood or waste material into paper | Printing Technology: focuses on the machines and processes that put ink on paper or packaging | Packaging Engineering: designs cartons, labels, and wrapping that combine both paper and print skills",Science (PCM),RCI,R:73.8 | I:27.2 | A:8.8 | S:6.0 | E:19.5 | C:68.5
Paramedical,"A paramedical worker supports doctors by handling specific hands-on tasks in a hospital, such as assisting in emergency rooms, driving and managing ambulances, helping with operation theatre equipment, or supporting patients in specialised therapy sessions. Their day involves preparing equipment, assisting during procedures, and making sure patients are stable and comfortable before a doctor sees them.","Paramedical staff are often the first trained people to reach an accident victim or an emergency patient in India, for example ambulance teams run by 108 emergency services or private hospital chains like Apollo, and their quick action can be the difference between life and death. They also fill essential support roles inside hospitals that let doctors focus on diagnosis and treatment.","No single fixed entrance exam — most colleges admit students into paramedical diploma or degree courses based on Class 12 marks in Science subjects, though some states run their own paramedical entrance tests.","1. AIIMS Delhi (paramedical courses)
2. Christian Medical College Vellore
3. Manipal College of Health Professions
4. PGIMER Chandigarh
5. Jamia Hamdard New Delhi
6. Kasturba Medical College Mangalore",₹2-4 LPA,₹4.5-8 LPA,₹9-15 LPA,"Apollo Hospitals, Fortis Healthcare, government 108 ambulance services, Max Healthcare, AIIMS, Indian Red Cross Society",High,Low,Works from anywhere,"Dr. G.V. Ramana Rao: known Indian emergency medicine expert, K.K. Aggarwal: physician who promoted paramedical training, Sneha Rooh: known palliative and emergency care advocate","NIRF rankings, AmbitionBox, Glassdoor India, industry placement reports",Emergency Medical Technician: rides in ambulances and gives first treatment before reaching the hospital. | Operation Theatre Technician: prepares and manages equipment during surgeries. | Dialysis Technician: operates machines that clean the blood for patients with kidney problems.,Science (PCB),SRI,R:72.2 | I:63.3 | A:0.0 | S:75.4 | E:12.2 | C:43.2
Petroleum Engineering,"A petroleum engineer figures out how to find, pump out, and safely transport crude oil and natural gas from under the ground or sea, often splitting time between office planning and visits to oil rigs or drilling sites.","The petrol and diesel that fuel vehicles across India, and the cooking gas cylinders supplied by companies like ONGC and Indian Oil, exist because petroleum engineers design the drilling and extraction that brings oil and gas out of the ground.","JEE Main and JEE Advanced (national engineering entrance exams), or GATE (a national exam for postgraduate and PSU job entry) after a related BTech, for admission into Petroleum Engineering programs.","1. IIT (ISM) Dhanbad
2. University of Petroleum and Energy Studies (UPES) Dehradun
3. IIT Kharagpur
4. Pandit Deendayal Energy University
5. MIT Pune
6. Aliah University",₹6-10 LPA,₹12-22 LPA,₹25-45 LPA,"ONGC (Oil and Natural Gas Corporation), Indian Oil Corporation, Reliance Industries, Cairn Oil & Gas, Schlumberger, BPCL",Medium,Medium,Metro cities mainly,Shashi Shanker: former Chairman of ONGC | Mukesh Ambani: leads Reliance's oil and gas operations,"NIRF rankings, AmbitionBox, Glassdoor India, industry placement reports",Drilling Engineering: plans how to safely dig wells to reach oil and gas | Reservoir Engineering: studies underground rock layers to estimate how much oil can be extracted | Petrochemical Engineering: works on turning crude oil into fuels and chemical products,Science (PCM),RIC,R:72.8 | I:72.2 | A:15.3 | S:13.0 | E:34.0 | C:55.3
Pharmaceutical Engineering,"A pharmaceutical engineer designs and runs the machines and processes that make medicines in large factories, making sure every tablet or injection is produced safely, consistently, and in large quantities.","The paracetamol tablets, vaccines, and antibiotics made by companies like Sun Pharma and Cipla that reach pharmacies across India and the world are manufactured using processes designed by pharmaceutical engineers.","JEE Main or state engineering entrance exams for a BTech in Pharmaceutical Engineering, or GPAT (Graduate Pharmacy Aptitude Test, for postgraduate pharmacy admission) after a BPharm degree.","1. BITS Pilani
2. Jamia Hamdard
3. ICT Mumbai (Institute of Chemical Technology)
4. NIPER (National Institute of Pharmaceutical Education and Research)
5. Panjab University
6. Manipal College of Pharmaceutical Sciences",₹4-7 LPA,₹9-16 LPA,₹18-30 LPA,"Sun Pharma, Cipla, Dr. Reddy's Laboratories, Biocon, Serum Institute of India, Lupin",High,Medium,Tier-2 cities,"Cyrus Poonawalla: founder of Serum Institute of India, a top vaccine maker | Kiran Mazumdar-Shaw: founder of Biocon, a major biopharma company","NIRF rankings, AmbitionBox, Glassdoor India, industry placement reports","Formulation Development: designs the exact recipe and form of a medicine, like tablets or syrups | Process Engineering: designs the factory equipment and steps used to manufacture drugs at scale | Quality Assurance Engineering: makes sure every batch of medicine meets safety and purity standards","Science (PCM), Science (PCB)",RCI,R:89.2 | I:50.5 | A:4.4 | S:2.0 | E:9.6 | C:62.6
Pharmacy,"A pharmacist checks prescriptions, prepares and dispenses medicines at a chemist shop or hospital, and advises patients on how and when to take their tablets or syrups safely. In a company setting, pharmacists instead work in labs developing new medicines or checking that drug batches are safe before they reach the market.","Pharmacists make sure the medicines Indians buy every day, whether a simple paracetamol or a complex cancer drug from Cipla or Sun Pharma, are dispensed correctly and safely. India is called the 'pharmacy of the world' because Indian pharma companies supply a huge share of the world's affordable medicines, and pharmacists are essential to that entire chain.","No single fixed entrance exam for the basic B.Pharm degree in most states — admission is often via Class 12 marks or state-level exams like MHT-CET, though GPAT (Graduate Pharmacy Aptitude Test, needed for master's degrees and some jobs) matters later.","1. Institute of Chemical Technology Mumbai
2. Jamia Hamdard New Delhi
3. Panjab University Chandigarh
4. Birla Institute of Technology and Science Pilani
5. National Institute of Pharmaceutical Education and Research
6. Manipal College of Pharmaceutical Sciences",₹2.5-5 LPA,₹6-12 LPA,₹14-25 LPA,"Cipla, Sun Pharma, Dr. Reddy's Laboratories, Apollo Pharmacy, Lupin, Cognizant (pharma analytics roles)",High,Medium,Tier-2 cities,"Yusuf Hamied: former Cipla chairman known for affordable AIDS drugs, Dilip Shanghvi: founder of Sun Pharma, Kiran Mazumdar-Shaw: founder of Biocon","NIRF rankings, AmbitionBox, Glassdoor India, industry placement reports",Retail/Hospital Pharmacist: dispenses medicines directly to patients and advises on usage. | Pharmaceutical Research: develops new drug formulas in company labs. | Drug Regulatory Affairs: ensures medicines meet government safety rules before sale.,"Science (PCB), Science (PCM)",CSR,R:43.2 | I:40.2 | A:2.7 | S:46.2 | E:33.2 | C:85.3
Photography,"A photographer takes pictures for weddings, magazines, products, or news events, using cameras and lighting to capture the right moment, then edits the photos on a computer afterward. A typical day might mean shooting a wedding for hours, or setting up product shots for a brand's online store.","Photographers create the wedding albums families treasure for life, the product photos that make you want to buy something on Myntra or Amazon, and the news photos in publications like The Hindu that show people what's happening in the world.",,,₹2.5-5 LPA,₹6-15 LPA,₹18-40+ LPA,"Wedding photography studios, The Hindu, India Today, fashion brands, e-commerce companies like Myntra, freelance/self-employed",Medium,Medium,"Works from anywhere, but more work in metro cities","Raghu Rai: famous Indian photojournalist, Dabboo Ratnani: celebrity photographer, Sebastiao Salgado: globally known documentary photographer","AmbitionBox, Glassdoor India, freelance marketplace data, industry surveys","Wedding Photography: capturing weddings and celebrations | Photojournalism: taking news and documentary photos for media houses | Product and Fashion Photography: shooting images for brands, ads, and online stores",All,RAC,R:75.7 | I:19.7 | A:71.3 | S:15.7 | E:21.3 | C:39.2
Physics,"A physicist studies how the universe works, from tiny atoms to giant stars, by running experiments, building mathematical models, or working with data from instruments like telescopes and particle detectors. Depending on the job, a day could mean coding simulations, working in a lab with lasers and sensors, or teaching physics concepts to students.","Physics research led to technologies Indians use daily, like the GPS in phones, MRI scanners in hospitals, and satellites launched by ISRO (Indian Space Research Organisation) for weather forecasting and communication. Indian physicists at institutions like TIFR and ISRO have contributed to major discoveries and to India's space and nuclear programs.","JEE (Joint Entrance Exam) or an institute's own entrance test gets you into a B.Sc./Integrated M.Sc. Physics program, and later IIT-JAM (Joint Admission Test for Masters, needed for master's programs) or CSIR-NET (a national exam for research fellowships and lecturer jobs) matters for research careers.","1. Indian Institute of Science Bangalore
2. IITs
3. Tata Institute of Fundamental Research Mumbai
4. St. Stephen's College Delhi
5. Indian Institute of Science Education and Research (IISER)
6. Chennai Mathematical Institute",₹4-8 LPA,₹9-18 LPA,₹20-40 LPA,"ISRO, Bhabha Atomic Research Centre, TIFR, DRDO (Defence Research and Development Organisation), universities and research institutes, tech companies for data/quant roles",Medium,Low,Metro cities mainly,"C.V. Raman: Nobel Prize-winning Indian physicist, Homi Bhabha: founder of India's nuclear program, Jayant Narlikar: renowned Indian astrophysicist","NIRF rankings, AmbitionBox, Glassdoor India, industry placement reports","Research Physicist: works in labs or institutes discovering new scientific knowledge. | Astrophysicist: studies stars, planets, and the universe using telescopes and data. | Applied/Industrial Physicist: uses physics knowledge in technology companies, like designing sensors or chips.",Science (PCM),IRC,R:55.9 | I:91.5 | A:33.6 | S:51.5 | E:17.7 | C:53.7
Physiotherapy,"A physiotherapist helps patients recover movement and reduce pain after injuries, surgeries, or conditions like stroke, using exercises, stretching, massage, and equipment like ultrasound machines. Their day is spent assessing patients' movement problems, guiding them through exercises, and tracking their progress over weeks of sessions.","Physiotherapists help cricketers and athletes at places like the National Cricket Academy get back on the field after injuries, and they also help everyday people, like an elderly person recovering from a hip replacement, regain independence. Without physiotherapy, many patients would remain disabled or in pain long after surgery.","No single fixed entrance exam in most states — admission to the Bachelor of Physiotherapy (BPT) degree is usually based on Class 12 marks in Science subjects, though some universities hold their own entrance tests.","1. Maulana Azad Medical College Delhi
2. Christian Medical College Vellore
3. Manipal College of Allied Health Sciences
4. Jamia Hamdard New Delhi
5. Sancheti Institute of Orthopaedics Pune
6. All India Institute of Physical Medicine and Rehabilitation Mumbai",₹2.5-4.5 LPA,₹5-9 LPA,₹10-20 LPA,"Apollo Hospitals, Fortis Healthcare, sports teams and academies, Max Healthcare, private physiotherapy clinics, government hospitals",High,Low,Works from anywhere,"Dr. Rajam Iyer: known Indian physiotherapy educator, John Gloster: former physiotherapist for the Indian cricket team, Dr. Priya Prabhu: recognised sports physiotherapy specialist","NIRF rankings, AmbitionBox, Glassdoor India, industry placement reports",Sports Physiotherapist: works with athletes to prevent and recover from sports injuries. | Neuro Physiotherapist: helps patients recovering from strokes or nerve damage regain movement. | Pediatric Physiotherapist: works with children who have developmental or movement difficulties.,Science (PCB),SRI,R:56.5 | I:54.3 | A:14.2 | S:86.0 | E:15.0 | C:40.2
Planning,"An urban/town planner designs how cities and towns should grow, deciding where roads, parks, housing, and markets should go so a city works smoothly instead of becoming chaotic and overcrowded. Their day includes studying maps and population data, drafting development plans, and meeting government officials or citizens about local projects.","Town planners shape projects like the Delhi Master Plan or Amaravati's new city design, deciding how millions of people will live, travel, and access basic services like water and electricity. Good planning prevents problems like traffic jams, flooding from bad drainage, and slums, which affect daily life for crores of Indians in cities.","CEED or the college's own entrance exam is sometimes used, but the most common route is GATE (Graduate Aptitude Test in Engineering, needed for master's programs in planning) after an undergraduate degree in architecture, engineering, or planning-related subjects.","1. School of Planning and Architecture New Delhi
2. School of Planning and Architecture Bhopal
3. School of Planning and Architecture Vijayawada
4. CEPT University Ahmedabad
5. IIT Kharagpur (Architecture and Planning department)",₹4-7 LPA,₹8-16 LPA,₹18-35 LPA,"Town and country planning departments of state governments, Delhi Development Authority, NITI Aayog, real estate consultancies, urban development authorities, World Bank-funded infrastructure projects",High,Low,Metro cities mainly,"Jaipal Reddy: policymaker linked to urban development, Charles Correa: renowned architect and urban planner, Ratan J. Batliboi: known Indian urban design professional","NIRF rankings, AmbitionBox, Glassdoor India, industry placement reports","Urban Planner: designs layouts for growing cities, deciding land use for housing, roads, and industry. | Transport Planner: focuses specifically on roads, metros, and traffic flow in a city. | Regional Planner: plans development across larger areas like a whole state or district, balancing rural and urban growth.","Science (PCM), Arts",ICE,R:40.1 | I:74.2 | A:25.6 | S:23.2 | E:46.7 | C:56.9
Podiatry,"A podiatrist (a foot and ankle care specialist) would examine and treat problems like foot pain, bunions, diabetic foot ulcers, and walking issues. In India today, this exact job barely exists as a separate profession, so people who do this kind of work are usually physiotherapists or orthopedic doctors handling foot problems as part of their broader practice.","Foot care matters a lot for diabetic patients in India, since diabetes can cause serious foot ulcers, but this care is currently given mostly by orthopedic doctors, physiotherapists, or diabetic-foot clinics rather than dedicated podiatrists, unlike in the US or UK where podiatry is its own profession.",,,₹3-5 LPA,₹6-10 LPA,₹10-18 LPA,"Diabetic foot care clinics, a few specialty hospitals, physiotherapy centres, orthopedic hospitals",Low,Low,"Metro cities mainly, very few dedicated jobs exist","Dr. Ashu Rastogi: diabetic foot researcher in India, Dr. William Jeffcoate: globally known diabetic foot specialist","AmbitionBox, industry reports, international podiatry association data",,Science (PCB),IRS,R:71.5 | I:79.5 | A:12.0 | S:65.7 | E:19.0 | C:37.8
Political Science,"A political science graduate studies how governments, laws, and elections work, and uses that knowledge in jobs like government administration, journalism, policy research, or working for political parties and NGOs. A typical day could involve researching government policies, writing reports, analysing election data, or advising leaders on public issues.","People with this background often become IAS (Indian Administrative Service) officers who run district administrations, or policy researchers who shape decisions like India's education policy or welfare schemes reaching millions of citizens. Political analysts on news channels and think tanks like the Observer Research Foundation also rely on this training to explain elections and government decisions to the public.","No single fixed entrance exam for the basic degree — many colleges take students based on Class 12 marks, though top colleges like Delhi University's best colleges use CUET (Common University Entrance Test, a national exam for undergraduate admission). Later, UPSC Civil Services Exam (the exam for top government administrative jobs) is a common path many political science graduates take.","1. St. Stephen's College Delhi
2. Lady Shri Ram College Delhi
3. Jawaharlal Nehru University
4. Presidency College Kolkata
5. Hindu College Delhi
6. Miranda House Delhi",₹3-6 LPA,₹7-14 LPA,₹15-30 LPA,"Indian Administrative Service (via UPSC), think tanks like Observer Research Foundation, news media houses, NGOs like PRS Legislative Research, political parties, international organisations like the United Nations",Medium,Low,Metro cities mainly,"Yogendra Yadav: well-known political scientist and commentator, Shashi Tharoor: politician and former diplomat, Pratap Bhanu Mehta: respected political theorist and columnist","NIRF rankings, AmbitionBox, Glassdoor India, industry placement reports",Civil Services: joins government administration through UPSC exams to implement policy on the ground. | Policy Research/Think Tanks: studies issues like education or health policy and writes reports to influence government decisions. | Political Journalism/Analysis: explains politics and elections to the public through media.,All,ISA,R:7.9 | I:84.8 | A:46.6 | S:69.1 | E:40.5 | C:37.8
Polymer Technology,"A polymer technologist designs and tests plastics, rubber, and synthetic fibres, working out how to make materials stronger, more flexible, or more heat-resistant for products ranging from car parts to packaging. Their day involves running experiments in a lab, testing how materials behave under heat or stress, and troubleshooting problems on a factory production line.","This work is behind everyday plastic items Indians use constantly, from PET bottles made by companies like Reliance Industries to tyres made by MRF and car parts made by Tata Motors' suppliers. Polymer technologists are also central to developing more eco-friendly, biodegradable plastics as India tries to reduce plastic pollution.","JEE (Joint Entrance Exam) followed by a B.Tech in Polymer Technology or Plastics Engineering, or GATE (Graduate Aptitude Test in Engineering) for those pursuing a master's degree in the same field.","1. Institute of Chemical Technology Mumbai
2. Central Institute of Plastics Engineering and Technology (multiple campuses)
3. Cochin University of Science and Technology
4. Harcourt Butler Technical University Kanpur
5. Indian Institute of Technology Delhi (Polymer Science programs)",₹3.5-6.5 LPA,₹7-15 LPA,₹16-30 LPA,"Reliance Industries, MRF Tyres, Tata Motors and its suppliers, Supreme Industries, Asian Paints, Pidilite Industries",Medium,Medium,Tier-2 cities,"Mukesh Ambani: leads Reliance Industries, a major producer of polymers in India, K.M. Mammen Mappillai: founder of MRF known for rubber technology innovation, Dr. A.K. Bhowmick: renowned Indian polymer scientist","NIRF rankings, AmbitionBox, Glassdoor India, industry placement reports",,Science (PCM),IRC,R:83.2 | I:84.2 | A:19.5 | S:4.4 | E:15.4 | C:54.4
Printing Engineering,"A printing engineer designs, operates, and maintains the machines that print text, pictures, and packaging designs onto paper, plastic, or fabric, often troubleshooting printing presses to keep quality high and speed fast.","The newspapers delivered every morning by groups like Times of India, the colourful snack packets on supermarket shelves, and textbook printing for lakhs of students all depend on printing engineers keeping presses running accurately.",JEE Main or state engineering entrance exams for a BTech or diploma in Printing Technology; some specialised institutes hold their own entrance tests.,"1. Indian Institute of Printing Technology
2. Government College of Engineering and Ceramic Technology Kolkata
3. PSG Polytechnic College
4. Bharatiya Vidya Bhavan's Printing Institute
5. Guru Nanak Dev Engineering College
6. College of Engineering Pune",₹3-5 LPA,₹6-11 LPA,₹13-22 LPA,"Times of India Group, Manipal Technologies, ITC Packaging, HT Media, Living Media Group, Repro India",Medium,High,Metro cities mainly,Ashok Chandra: veteran figure in Indian print and publishing technology | R.K. Jain: known contributor to printing technology education in India,"NIRF rankings, AmbitionBox, Glassdoor India, industry placement reports",,Science (PCM),CRA,R:68.7 | I:3.2 | A:14.9 | S:9.8 | E:8.3 | C:74.3
Prosthetics and Orthotics,"A prosthetics and orthotics specialist designs, measures, and fits artificial limbs (prosthetics) or support devices like braces and splints (orthotics) for people who have lost a limb or have movement problems. A typical day includes taking measurements or molds of a patient's body, fitting and adjusting devices, and teaching patients how to use them.","This work helps accident survivors, soldiers injured in service, and people with disabilities walk, work, and live independently again, with organizations like the Artificial Limbs Manufacturing Corporation of India (ALIMCO) and the Jaipur Foot organization fitting thousands of limbs every year for free or at low cost.",,,₹3-6 LPA,₹7-14 LPA,₹15-25 LPA,"ALIMCO, Jaipur Foot (BMVSS), Pandit Deendayal Upadhyay National Institute, Artificial Limb Centre (Pune), private rehabilitation hospitals",Medium,Low,"Tier-2 cities work well, many government rehab centres are spread across states","D. R. Mehta: founder of BMVSS Jaipur Foot, Pramod Bhagwat: prosthetics innovator in India","AmbitionBox, Glassdoor India, rehabilitation council reports, industry placement data",Prosthetics: making and fitting artificial arms and legs | Orthotics: making braces and supports for weak or injured body parts | Paediatric Rehabilitation: fitting devices for children with disabilities as they grow,Science (PCB),RIS,R:83.3 | I:68.3 | A:16.5 | S:55.0 | E:9.3 | C:43.0
Psychology,"A psychologist spends the day talking to people one-on-one or in groups, listening to their problems, and helping them understand their thoughts and feelings. They might also design tests, study how people behave, or work with companies to improve how employees feel at work.","Psychologists help students deal with exam stress, help people recover from anxiety or depression, and help companies like Tata Consultancy Services (TCS) or Infosys design better workplaces. Schools like those in the Delhi government system now have counsellors to support students' mental health.","No single fixed entrance exam for a bachelor's degree — most colleges admit based on Class 12 marks, though some like Delhi University use CUET (Common University Entrance Test, a single exam many central universities use for admission). For a master's degree, exams like CUET-PG or university-specific tests are common.","1. University of Delhi
2. Tata Institute of Social Sciences (TISS) Mumbai
3. Christ University Bangalore
4. Fergusson College Pune
5. NIMHANS Bangalore
6. Ashoka University",₹3-5 LPA,₹6-10 LPA,₹12-25 LPA,"Hospitals and mental health clinics, schools and colleges, corporate HR departments (TCS, Infosys, Wipro), NGOs like Sangath, private counselling practices",High,Low,Works from anywhere (many now offer online therapy),"Dr. Achal Bhagat (psychiatrist and mental health advocate), Kamlesh Singh (professor, IIT Delhi psychology), Dr. Anna Chandy (India's first female psychotherapist)","NIRF rankings, AmbitionBox, Glassdoor India, industry placement reports","Clinical Psychology: Diagnoses and treats mental health issues like depression or anxiety, often in hospitals or clinics. | Counseling Psychology: Helps people work through everyday life problems like relationships, stress, or career confusion. | Organizational/HR Psychology: Studies how people behave at work and helps companies improve hiring, teamwork, and employee wellbeing.",All,SIC,R:0.6 | I:71.8 | A:36.1 | S:79.6 | E:39.9 | C:48.8
Public Relations and Corporate Communications,"A public relations (PR) professional manages how a company or person is seen by the public, writing press releases, talking to journalists, and handling situations when something goes wrong publicly. A typical day includes drafting a press statement, pitching a story to a reporter, and briefing company leaders before a media interview.","PR teams are the reason you see positive news stories about companies like Tata or Infosys, and they're the ones who manage the message when a company faces a crisis, like a product recall or public controversy, shaping what millions of people read and believe.",,,₹4-8 LPA,₹10-25 LPA,₹30-60+ LPA,"Edelman, Weber Shandwick, Adfactors PR, Genesis BCW, Tata Group, Infosys corporate communications",Medium,Medium,Metro cities mainly,"Dilip Cherian: co-founder of Perfect Relations, Niti Kumar: corporate communications leader","AmbitionBox, Glassdoor India, PRCA India reports, industry salary surveys",Media Relations: building relationships with journalists to get positive coverage | Crisis Communications: managing a company's public image during scandals or emergencies | Corporate Communications: handling internal and external messaging for a company,All,EAS,R:0.0 | I:25.5 | A:52.9 | S:51.0 | E:90.2 | C:48.7
Public Sector and Policy Analysis,"A policy analyst studies real-world problems like poverty, education, or climate, and writes research reports that help the government or organizations decide what rules or programs to create. A typical day includes reading data and reports, writing policy notes, and sometimes meeting government officials to explain findings.","Policy analysts working at places like NITI Aayog (India's government policy think tank) help shape decisions like how India's education system is reformed or how welfare schemes reach poor families, directly influencing laws and programs that affect millions of citizens.",,,₹5-10 LPA,₹12-25 LPA,₹28-50 LPA,"NITI Aayog, Centre for Policy Research, Observer Research Foundation, World Bank India, United Nations agencies, Dalberg",Medium,Medium,"Metro cities mainly, especially Delhi","Amitabh Kant: former NITI Aayog CEO, Rathin Roy: economist and policy expert, Reetika Khera: public policy researcher","AmbitionBox, Glassdoor India, think tank annual reports, government recruitment data","Economic Policy: researching how government decisions affect jobs and money | Social Policy: studying issues like education, health, and welfare programs | Think Tank Research: writing independent research to influence government decisions",All,EIC,R:7.6 | I:67.3 | A:31.8 | S:40.5 | E:68.4 | C:47.3
Radiology,"A radiology technologist operates machines like X-ray, CT scan, or MRI machines to take pictures of the inside of a patient's body, following a doctor's instructions. They position patients correctly, run the machine safely, and hand over the images to doctors who then read and diagnose from them.","When someone breaks a bone or a doctor needs to check for a tumour, it's the radiology technologist who actually operates the machine that captures the image, at hospitals like Apollo, Fortis, or AIIMS. Without them, doctors would have no way to see what's happening inside a patient's body.","No single fixed entrance exam — most students join a diploma or B.Sc. in Radiography/Medical Imaging Technology after Class 12 (with Physics, Chemistry, Biology) based on marks or a college-specific entrance test. Note: this is different from becoming a radiologist doctor, which needs MBBS plus a specialization (covered separately under Medicine).","1. AIIMS New Delhi
2. Christian Medical College (CMC) Vellore
3. Manipal College of Health Professions
4. Kasturba Medical College
5. Jawaharlal Institute of Postgraduate Medical Education and Research (JIPMER)
6. Tata Memorial Centre School of Radiography",₹2-4 LPA,₹4-7 LPA,₹8-14 LPA,"Apollo Hospitals, Fortis Healthcare, Max Healthcare, AIIMS, diagnostic chains like Dr Lal PathLabs and SRL Diagnostics",High,Medium,Tier-2 cities,"Dr. Bhavin Jankharia (well-known radiologist and imaging expert), technologist training pioneers at AIIMS radiology departments","NIRF rankings, AmbitionBox, Glassdoor India, industry placement reports",,Science (PCB),RCI,R:78.0 | I:63.9 | A:0.0 | S:41.0 | E:2.3 | C:66.8
Real Estate,"A real estate professional helps people buy, sell, or rent property, showing homes or offices to clients, negotiating prices, and handling paperwork for the deal. A typical day includes visiting properties with clients, making calls to follow up on leads, and coordinating with builders or lawyers to close a sale.","Real estate professionals help families find and buy their first home, one of the biggest purchases most Indians ever make, and they work with major developers like DLF and Godrej Properties to sell apartments in growing cities across the country.",,,₹3-6 LPA,₹7-18 LPA,₹20-50+ LPA,"DLF, Godrej Properties, Sobha Limited, 99acres, Housing.com, Prestige Group",Medium,Medium,"Metro cities mainly, though growing in tier-2 cities too","Niranjan Hiranandani: real estate developer, Kushal Pal Singh: former DLF chairman","AmbitionBox, Glassdoor India, real estate industry reports, NAREDCO data",Residential Sales: helping families buy or rent homes | Commercial Real Estate: leasing office spaces and shops to businesses | Real Estate Development: planning and building new housing or commercial projects,All,ECS,R:28.4 | I:11.7 | A:8.9 | S:38.6 | E:92.3 | C:72.0
Renewable Energy (Solar/Wind),"A renewable energy professional designs, builds, or manages solar panel farms or wind turbine projects that generate electricity without burning fossil fuels. A typical day could involve visiting a solar plant site to check equipment, analyzing how much power a wind farm is producing, or planning where to install new solar panels.","Renewable energy workers are building India's solar and wind power plants, like the massive solar parks in Rajasthan and Gujarat run by companies like Adani Green Energy and Tata Power, helping India get electricity without adding to pollution and climate change.",,,₹4-8 LPA,₹10-22 LPA,₹25-50 LPA,"Adani Green Energy, Tata Power Renewable Energy, ReNew Power, Suzlon Energy, NTPC, Azure Power",High,Low,"Tier-2 cities work well, project sites are often in rural or semi-rural areas","Sumant Sinha: founder of ReNew Power, Tulsi Tanti: founder of Suzlon Energy","AmbitionBox, Glassdoor India, Ministry of New and Renewable Energy reports, industry placement data",Solar Energy Engineering: designing and maintaining solar power plants | Wind Energy Engineering: building and running wind turbine farms | Energy Policy and Project Management: planning renewable energy projects and government schemes,Science (PCM),RCE,R:80.2 | I:39.5 | A:5.8 | S:12.2 | E:40.1 | C:56.6
Robotics Engineering,"A robotics engineer designs, builds, and programs robots or automated machines, writing code to control motors and sensors and testing the robot physically to see if it moves and reacts the way it should.","The robotic arms that assemble cars at Mahindra and Maruti Suzuki factories, and drone systems used for farming and delivery in India, are built and programmed by robotics engineers.","JEE Main and JEE Advanced (national engineering entrance exams), or state entrance exams, for a BTech in Robotics Engineering or Mechatronics; some students enter via a Mechanical, Electronics, or Computer Science BTech first.","1. IIT Kanpur
2. IIT Bombay
3. IIIT Hyderabad
4. VIT Vellore
5. Manipal Institute of Technology
6. IIT Kharagpur",₹5-10 LPA,₹12-22 LPA,₹25-45 LPA,"Tata Elxsi, Bosch, Siemens, Mahindra Robotics, ABB India, GreyOrange",High,Low,Metro cities mainly,"Vijay Kumar: Indian-origin robotics professor and dean at University of Pennsylvania | Ashutosh Saxena: founder of Caspar AI, robotics and AI researcher","NIRF rankings, AmbitionBox, Glassdoor India, industry placement reports",Industrial Robotics: builds robots used in factories for assembly and welding | Autonomous Systems: works on self-driving vehicles and drones that operate without a human controller | Medical Robotics: designs robots used in surgery and healthcare,Science (PCM),RIC,R:87.8 | I:66.9 | A:12.3 | S:6.7 | E:10.4 | C:61.1
Safety Engineering,"A safety engineer inspects factories, construction sites, or oil plants to spot hazards, then designs rules and equipment to prevent accidents, fires, or chemical leaks, often walking through work sites wearing safety gear.","After major industrial accidents like the Bhopal gas tragedy, safety engineers are the reason companies like Reliance and L&T now have strict systems to prevent chemical leaks, fires, and worker injuries at their plants.","No single fixed entrance exam for a first degree — safety engineering is usually studied as a postgraduate diploma or master's after a BTech in any engineering branch, with admission based on the earlier degree and sometimes GATE (a national postgraduate entrance exam) scores.","1. National Institute of Occupational Health
2. Central Labour Institute Mumbai
3. Andhra University
4. Anna University
5. PSG College of Technology
6. Regional Labour Institute",₹4-7 LPA,₹9-16 LPA,₹18-30 LPA,"Reliance Industries, L&T, ONGC, Tata Steel, NTPC (National Thermal Power Corporation), Adani Group",High,Low,Tier-2 cities,J.S. Rao: known figure in Indian industrial safety consulting | R.K. Dixit: veteran safety engineering practitioner in petrochemical plants,"NIRF rankings, AmbitionBox, Glassdoor India, industry placement reports",Fire and Process Safety: focuses on preventing fires and chemical accidents in factories | Occupational Health and Safety: focuses on protecting workers' health and preventing workplace injuries | Construction Safety: focuses on hazards specific to building and infrastructure sites,Science (PCM),IRC,R:65.1 | I:71.7 | A:2.7 | S:30.2 | E:28.9 | C:61.5
Sericulture,"A sericulture professional works with farmers to raise silkworms, manage mulberry or other host plant farms, and oversee the process of turning silkworm cocoons into raw silk thread. On a typical day, they might inspect silkworm-rearing houses, check plant health, or guide farmers on disease prevention.","India is the world's second-largest silk producer, and sericulture experts help silk farmers in states like Karnataka and West Bengal earn a steady income while supplying silk for sarees and textiles sold by brands like Nalli Silks and Fabindia. Their work supports millions of rural livelihoods tied to the silk industry.","No single fixed entrance exam — students usually join a B.Sc. in Sericulture after Class 12 (Science stream) based on marks, though some agricultural universities use exams like ICAR AIEEA (a national entrance test for agriculture-related degrees).","1. University of Agricultural Sciences Bangalore
2. Central Sericultural Research and Training Institute (CSRTI) Mysore
3. Bangalore University
4. Tamil Nadu Agricultural University
5. Berhampore Sericulture College",₹2.5-4 LPA,₹4-7 LPA,₹8-12 LPA,"Central Silk Board, state departments of sericulture, Karnataka State Sericulture Development Institute, silk trading companies, NGOs supporting rural livelihoods",Medium,Low,Tier-2 cities (mainly rural and semi-rural areas),"Scientists at the Central Silk Board, researchers at CSRTI Mysore who developed improved silkworm breeds","NIRF rankings, AmbitionBox, Glassdoor India, industry placement reports",,"Science (PCB), Science (PCM)",RIC,R:93.2 | I:49.8 | A:3.8 | S:15.3 | E:16.6 | C:48.7
Social Work,"A social worker spends the day meeting with individuals, families, or communities facing difficulties like poverty, abuse, or addiction, and connects them to the help they need, such as government schemes, counselling, or shelters. They might visit slums, run awareness camps, or coordinate with NGOs and government offices.","Social workers run programs that help rescue child labourers, support survivors of domestic violence, and help rural families access schemes like the Public Distribution System (PDS) for subsidized food. Organizations like Save the Children and CRY (Child Rights and You) rely on social workers to reach people who need help the most.","No single fixed entrance exam for a bachelor's degree — admission is usually based on Class 12 marks. For a Master's in Social Work (MSW), exams like TISS-NET (Tata Institute of Social Sciences' own entrance test) or CUET-PG are commonly used.","1. Tata Institute of Social Sciences (TISS) Mumbai
2. Delhi University
3. Christ University Bangalore
4. Loyola College Chennai
5. Jamia Millia Islamia
6. Nirmala Niketan Mumbai",₹2.5-4.5 LPA,₹5-8 LPA,₹9-15 LPA,"UNICEF, Save the Children, CRY, government welfare departments, hospitals (medical social work), corporate CSR (Corporate Social Responsibility) teams",Medium,Low,Tier-2 cities,"Aruna Roy (social activist, Right to Information movement), Bezwada Wilson (Safai Karamchari Andolan founder), Harsh Mander (social worker and author)","NIRF rankings, AmbitionBox, Glassdoor India, industry placement reports","Medical Social Work: Helps patients and families in hospitals cope with illness, cost of treatment, and access to care. | Community Development: Works directly with villages or urban slums to improve education, health, and livelihoods. | Child and Family Welfare: Focuses on protecting children's rights, adoption processes, and family counselling.",All,SIC,R:13.2 | I:48.0 | A:27.9 | S:98.6 | E:27.5 | C:37.6
Space Engineering,"A space engineer designs and tests parts of satellites or rockets, like the systems that let a satellite communicate or the engines that launch a rocket into orbit, working through detailed calculations and running tests to make sure everything survives the extreme conditions of space.",The Chandrayaan Moon missions and the satellites that give India its GPS-like navigation system and weather forecasts exist because space engineers at ISRO design the rockets and satellites that make it all work.,"JEE Main and JEE Advanced (national engineering entrance exams) for a BTech in Aerospace or Space Engineering, with further entry into ISRO often through IIST admissions or ISRO's own recruitment exam called ICRB.","1. Indian Institute of Space Science and Technology (IIST)
2. IIT Bombay
3. IIT Kharagpur
4. IIT Kanpur
5. IISc Bangalore
6. Manipal Institute of Technology",₹6-10 LPA,₹12-20 LPA,₹22-40 LPA,"ISRO (Indian Space Research Organisation), Skyroot Aerospace, Agnikul Cosmos, Hindustan Aeronautics Limited, Bharat Dynamics, Antrix Corporation",High,Low,Metro cities mainly,"S. Somanath: Chairman of ISRO, led Chandrayaan-3 mission | K. Sivan: former ISRO Chairman during Chandrayaan-2","NIRF rankings, AmbitionBox, Glassdoor India, industry placement reports",Satellite Systems Engineering: designs the equipment inside satellites that lets them orbit and communicate | Launch Vehicle Engineering: designs the rockets that carry satellites into space | Propulsion Engineering: designs the engines and fuel systems that power rockets,Science (PCM),IRC,R:70.2 | I:85.9 | A:25.6 | S:14.5 | E:26.7 | C:57.4
Speech-Language Pathology,"A speech-language pathologist (a therapist who helps with speaking, language, and swallowing problems) works with children who have trouble talking, stroke patients who lost their speech, or people who stammer, using exercises and games to help them communicate better. A typical day includes one-on-one therapy sessions, tracking each patient's progress, and talking to parents or families about how to help at home.","Speech-language pathologists help children with conditions like autism or hearing loss learn to talk and connect with others, and they help stroke survivors regain the ability to speak, life-changing work done in hospitals and special schools across Indian cities.",,,₹3-6 LPA,₹7-15 LPA,₹16-30 LPA,"AIIMS, Ali Yavar Jung National Institute of Speech and Hearing Disabilities, Apollo Hospitals, special schools, private therapy clinics",High,Low,Tier-2 cities work well,"Dr. S. R. Savithri: speech and hearing researcher, Vidya Sagar: disability rights organization founder","AmbitionBox, Glassdoor India, Rehabilitation Council of India reports, hospital placement data",Paediatric Speech Therapy: helping children with speech and language delays | Voice Therapy: treating voice problems from strain or medical conditions | Swallowing and Rehabilitation Therapy: helping stroke or surgery patients relearn to eat and speak safely,Science (PCB),SIC,R:27.0 | I:76.2 | A:33.3 | S:84.8 | E:7.3 | C:50.5
Sports Coaching and Athletics,"A sports coach plans and runs practice sessions, teaches skills and techniques, and pushes athletes to improve while watching out for injuries. On match days, they plan strategy, motivate the team, and make quick decisions from the sidelines.","Coaches like those behind India's Olympic medalists at the Sports Authority of India (SAI) centres, or academies like the Gopichand Badminton Academy, turn raw talent into champions who make the country proud on the world stage.",,,₹2-5 LPA,₹5-12 LPA,₹12-30 LPA,"Sports Authority of India (SAI), state sports departments, private academies (Gopichand Academy, Reliance Foundation), schools and colleges, IPL and other league franchises",Medium,Low,Metro cities mainly,"Pullela Gopichand: badminton coach and former champion, Ramakant Achrekar: cricket coach who trained Sachin Tendulkar, Vimal Kumar: badminton coach and mentor","AmbitionBox, Glassdoor India, sports ministry reports, academy placement data","Team sport coach: trains groups in sports like cricket or football, focusing on teamwork and strategy. | Individual sport coach: works one-on-one with athletes in sports like badminton, wrestling, or athletics. | Fitness and conditioning coach: builds an athlete's strength, speed, and stamina without teaching the sport itself.",All,SRE,R:67.0 | I:27.5 | A:15.1 | S:68.7 | E:49.6 | C:37.1
Structural Engineering,"A structural engineer figures out how strong a building, bridge, or flyover needs to be so it does not fall down, by doing calculations and checking drawings with architects and site teams. They also visit construction sites to check if steel and concrete are being used the way the design says.",The people who made sure the Bandra-Worli Sea Link in Mumbai or the Delhi Metro bridges can carry traffic safely without collapsing are structural engineers. Every tall building you see in cities like Bengaluru or Hyderabad needed one to check it will not crack or tip over.,"JEE Main and JEE Advanced (national engineering entrance exams to get into top government colleges) for a Civil Engineering degree with a later specialization in structures, or state-level engineering entrance exams like MHT-CET or KCET for other colleges.","1. IIT Delhi
2. IIT Bombay
3. IIT Madras
4. IIT Roorkee
5. NIT Trichy
6. VNIT Nagpur",₹3.5-6 LPA,₹8-15 LPA,₹18-35 LPA,"L&T Construction, Tata Projects, DLF, AECOM, Shapoorji Pallonji, Jacobs Engineering",High,Low,Metro cities mainly,"E. Sreedharan (built Delhi Metro), Fazlur Rahman Khan (designed Burj Khalifa's structure)","NIRF rankings, AmbitionBox, Glassdoor India, industry placement reports",Bridge Engineering: Designing bridges and flyovers that can safely carry vehicles and withstand weather and earthquakes. | Earthquake-Resistant Design: Making buildings strong enough to survive shaking during earthquakes. | High-Rise Building Design: Working out how very tall buildings stay stable against wind and their own weight.,Science (PCM),IRE,R:61.8 | I:64.2 | A:23.7 | S:22.0 | E:58.8 | C:58.7
Surveying,"A surveyor visits land or building sites with special equipment to measure exact distances, heights, and boundaries, then turns those measurements into maps and reports. This work happens both outdoors on-site and indoors using mapping software.","Surveyors make sure projects like the Mumbai-Ahmedabad bullet train, new metro lines, and housing colonies are built on correctly measured land, preventing costly boundary disputes and construction errors.",,,₹2.5-5 LPA,₹5-10 LPA,₹10-20 LPA,"Survey of India, National Highways Authority of India (NHAI), L&T Construction, state revenue departments, real estate developers (DLF, Godrej Properties)",Medium,Medium,Tier-2 cities work well,"George Everest: surveyor after whom Mount Everest is named, Radhanath Sikdar: mathematician who calculated Everest's height","AmbitionBox, Glassdoor India, NIRF rankings, engineering placement reports","Land surveyor: measures land boundaries for property and legal records. | Construction surveyor: sets out exact positions for buildings, roads, and bridges before and during construction. | Geodetic/remote sensing surveyor: uses satellites and drones to map large areas like states or coastlines.",Science (PCM),RCI,R:76.6 | I:56.3 | A:16.9 | S:5.2 | E:7.3 | C:74.3
Systems Engineering,"A systems engineer looks at the big picture of a complex project, like an aircraft, a satellite, or a company's entire IT network, and makes sure all the different parts (hardware, software, and people) work together smoothly. On a typical day, they might review how a new component will fit into an existing system, spot risks before they become problems, or coordinate between different engineering teams.","Systems engineers at the Indian Space Research Organisation (ISRO) make sure that thousands of components in a rocket like Chandrayaan work together perfectly, and at companies like Tata Consultancy Services (TCS) they ensure banks' entire IT systems run without crashing. Their work prevents costly failures in huge, complicated projects.","JEE Main and JEE Advanced (Joint Entrance Examination, national exams to get into engineering colleges like the IITs) for a bachelor's degree, usually in a core engineering branch first; GATE (Graduate Aptitude Test in Engineering, a national exam for master's programs and government engineering jobs) for further specialization in systems engineering.","1. Indian Institute of Technology (IIT) Bombay
2. IIT Madras
3. Indian Institute of Science (IISc) Bangalore
4. Birla Institute of Technology and Science (BITS) Pilani
5. Indian Institute of Space Science and Technology (IIST)",₹6-10 LPA,₹12-20 LPA,₹22-40 LPA,"Indian Space Research Organisation (ISRO), Defence Research and Development Organisation (DRDO), Tata Consultancy Services (TCS), Boeing India, Larsen & Toubro (L&T)",High,Medium,Metro cities mainly,"K. Sivan (former ISRO chairman), Ritu Karidhal (ISRO systems engineer, 'Rocket Woman of India'), Nambi Narayanan (ISRO propulsion systems expert)","NIRF rankings, AmbitionBox, Glassdoor India, industry placement reports",,Science (PCM),CIR,R:58.8 | I:70.4 | A:12.2 | S:12.3 | E:36.0 | C:75.9
Teaching,"A teacher plans lessons, explains topics to students in a classroom, checks homework, and helps students who are struggling to understand a subject. Outside class, they grade tests, prepare study materials, and sometimes meet parents to talk about a student's progress.","Teachers shape the futures of millions of students in schools across India, from government schools under the Sarva Shiksha Abhiyan program to private chains like Delhi Public School (DPS), and their teaching often decides whether a child later cracks exams like JEE or simply loves learning. A good teacher can change the direction of a student's entire life.","No single fixed entrance exam for teaching itself — most people complete a Bachelor's degree followed by a B.Ed. (Bachelor of Education, a professional teaching qualification) which some colleges admit into via marks or state-level tests. To teach in government schools, exams like CTET (Central Teacher Eligibility Test, required to become a government school teacher) are needed.","1. Regional Institutes of Education (under NCERT)
2. Delhi University
3. Jamia Millia Islamia
4. Tata Institute of Social Sciences (TISS)
5. Azim Premji University",₹2.5-4.5 LPA,₹5-8 LPA,₹9-15 LPA,"Government schools (state education departments), Delhi Public School (DPS) group, Kendriya Vidyalaya Sangathan, Byju's and other ed-tech companies, international schools",High,Low,Tier-2 cities,"Sarojini Naidu (poet and educator), Anand Kumar (founder of Super 30, famous math teacher), Kiran Bir Sethi (founder of Riverside School, education innovator)","NIRF rankings, AmbitionBox, Glassdoor India, industry placement reports","Primary School Teaching: Teaches young children (ages 5-11) basic subjects and foundational skills. | Secondary/Subject Teaching: Specializes in one subject like Math or Science for older students (classes 9-12). | Special Education: Works with children who have learning disabilities or other special needs, using customized teaching methods.",All,SAC,R:27.6 | I:38.1 | A:48.6 | S:100.0 | E:28.5 | C:44.2
Technical/Content Writing,"A technical or content writer researches a topic, then writes clear articles, product guides, blog posts, or instruction manuals so readers can easily understand and use them. They spend most of the day writing, editing, and coordinating with experts or designers to fact-check details.","Writers create the how-to guides that help you set up a Jio SIM card, the blog posts that help Zomato or Swiggy explain new features, and the manuals that help engineers at companies like Infosys use complex software correctly.",,,₹3-6 LPA,₹6-14 LPA,₹14-25 LPA,"Infosys, TCS, Amazon, Zomato, digital marketing agencies, media houses (The Hindu, HT Media)",Medium,High,Works from anywhere,"Chetan Bhagat: bestselling author who started in content, Durjoy Datta: popular fiction and content writer","AmbitionBox, Glassdoor India, LinkedIn job trends, industry placement reports","Technical writer: writes manuals and guides that explain how software or machines work, mainly for IT and engineering companies. | Content writer/copywriter: writes blogs, website text, and ads that attract and persuade readers for brands and media companies. | UX writer: writes the short instructions and button text inside apps and websites to guide users.",All,ACI,R:16.2 | I:43.9 | A:76.9 | S:23.7 | E:26.2 | C:51.7
Textile Engineering,"A textile engineer works on the machines and processes that turn raw fibres like cotton into yarn and then fabric, checking quality and improving how clothes and other fabric products are made in mills and factories.","The cotton shirts and sarees sold by brands like Raymond and Arvind Mills, and the denim used in jeans across India, are produced using processes that textile engineers design and manage in mills.",JEE Main or state engineering entrance exams for a BTech in Textile Engineering or Technology; some institutes like NIFT hold their own entrance test called NIFT Entrance Exam.,"1. IIT Delhi
2. DKTE Textile and Engineering Institute
3. National Institute of Fashion Technology (NIFT)
4. Anna University
5. PSG College of Technology
6. UPTTI Kanpur",₹3-6 LPA,₹7-13 LPA,₹15-25 LPA,"Arvind Mills, Raymond, Vardhman Textiles, Welspun India, Reliance Industries, Grasim Industries",Medium,Medium,Tier-2 cities,"Sanjay Lalbhai: Chairman of Arvind Mills, major textile company | Dilip Kumar Jain: veteran textile engineering researcher in India","NIRF rankings, AmbitionBox, Glassdoor India, industry placement reports","Yarn and Fabric Manufacturing: focuses on spinning fibres into yarn and weaving fabric | Textile Chemical Processing: works on dyeing, printing, and finishing fabric | Technical Textiles: designs specialised fabrics used in medical, industrial, or protective gear",Science (PCM),RCI,R:94.9 | I:13.5 | A:7.4 | S:2.8 | E:6.3 | C:55.3
Translation and Interpretation,"A translator converts written documents from one language to another, while an interpreter converts spoken words in real time during meetings, court hearings, or conferences. Both spend their day making sure meaning, tone, and cultural context are not lost between languages.","Translators and interpreters help the Indian government run in 22 official languages, let companies like Netflix release Hindi and Tamil subtitles worldwide, and allow international businesses to sign contracts and negotiate deals across language barriers.",,,₹2.5-5 LPA,₹5-11 LPA,₹11-20 LPA,"Ministry of External Affairs, United Nations offices in India, Netflix and streaming platforms, law firms and courts, publishing houses",Medium,High,Works from anywhere,"Arunava Sinha: well-known translator of Bengali literature, Daisy Rockwell: translator of Hindi and Urdu fiction into English","AmbitionBox, Glassdoor India, Ministry of External Affairs recruitment notices, publishing industry reports","Literary translator: translates books, poems, and stories while keeping the author's style and feeling intact. | Conference/legal interpreter: translates speech instantly during live meetings, courts, or diplomatic events. | Localization specialist: adapts apps, games, and websites so they feel natural in a new language and culture.",Arts,CAS,R:14.8 | I:36.5 | A:54.7 | S:41.3 | E:15.0 | C:63.2
Urban and Town Planning,"An urban planner studies how a city or town is growing and designs master plans that decide where homes, roads, parks, and offices should go. They spend their day analyzing maps and population data, meeting government officials, and presenting plans that guide how a whole city develops over decades.","Urban planners shaped projects like the Delhi Master Plan, the planned city of Chandigarh, and the ongoing Smart Cities Mission, deciding how millions of Indians will live, commute, and access parks and hospitals in the future.",,,₹4-7 LPA,₹7-16 LPA,₹16-30 LPA,"Delhi Development Authority (DDA), state town planning departments, Smart Cities Mission bodies, NITI Aayog, urban consulting firms (CRISIL, RITES)",High,Low,Metro cities mainly,"Le Corbusier: architect-planner who designed Chandigarh, Jaipal Singh: town planner known for Indian city masterplans","NIRF rankings, AmbitionBox, Glassdoor India, government urban development reports","Master planner: designs the overall long-term layout of a city, deciding zones for housing, business, and green spaces. | Transport planner: focuses specifically on roads, metro lines, and public transport within a city. | Environmental/sustainability planner: makes sure city growth considers pollution, water supply, and climate risks.","Science (PCM), Arts",IEC,R:37.0 | I:71.8 | A:34.3 | S:33.8 | E:57.7 | C:49.3
Veterinary,"A veterinarian examines sick or injured animals, gives them medicine or performs surgery, and advises pet owners or farmers on how to keep animals healthy. A typical day could involve vaccinating a farmer's cattle in the morning and treating a pet dog's broken leg in the afternoon.","Veterinarians keep India's massive dairy and livestock industry healthy, which is vital since India is the world's largest milk producer, and they also treat pets for millions of urban families through clinics and chains like Wiggles.in. Their work protects both animal welfare and the farmers who depend on healthy livestock for income.","NEET (National Eligibility cum Entrance Test, the same exam used for medical college admissions) is used for admission to B.V.Sc. (Bachelor of Veterinary Science) programs in India.","1. Indian Veterinary Research Institute (IVRI) Bareilly
2. Madras Veterinary College Chennai
3. Guru Angad Dev Veterinary and Animal Sciences University (GADVASU)
4. Bombay Veterinary College
5. National Dairy Research Institute (NDRI)",₹3-5 LPA,₹6-10 LPA,₹12-20 LPA,"State animal husbandry departments, Indian Council of Agricultural Research (ICAR), dairy cooperatives like Amul, private pet clinics and hospitals, zoos and wildlife parks",High,Low,Tier-2 cities,"Dr. Ilayaraja Ramasamy (well-known wildlife veterinarian), Dr. R. V. Asokan (Indian Veterinary Association leader), Dr. Y.P. Singh (veterinary and livestock expert)","NIRF rankings, AmbitionBox, Glassdoor India, industry placement reports","Livestock/Farm Animal Care: Treats cows, buffaloes, goats, and other farm animals, often working closely with farmers. | Companion Animal (Pet) Care: Treats dogs, cats, and other pets, usually in city clinics. | Wildlife Veterinary Medicine: Cares for wild animals in zoos, national parks, or rescue centres.",Science (PCB),RIC,R:83.0 | I:83.0 | A:0.0 | S:40.8 | E:11.7 | C:41.2
Video Game Design and Development,"A game designer or developer creates the characters, levels, rules, and visuals of a video game, then writes code or uses game engines to bring it all to life. They spend their day sketching ideas, programming gameplay, testing for bugs, and tweaking the game until it feels fun to play.","This work built hit Indian games like Krafton India's BGMI (Battlegrounds Mobile India), which has over 100 million users, and powers growing studios like Nazara Technologies that are putting India on the global gaming map.",,,₹4-8 LPA,₹8-20 LPA,₹20-40 LPA,"Krafton India, Nazara Technologies, Zynga, Ubisoft India, Moonfrog Labs, Dream11",High,Medium,Metro cities mainly,"Vishal Gondal: founder of Indiagames, a gaming pioneer, Rooter's founders: built India's esports streaming platform","AmbitionBox, Glassdoor India, NASSCOM gaming industry reports, LinkedIn job trends","Game designer: decides how the game is played, its rules, levels, and story. | Game programmer: writes the code that makes characters move and the game run smoothly. | Game artist/animator: creates the characters, environments, and visual effects players see on screen.","Science (PCM), Arts, Commerce",AIE,R:29.5 | I:52.5 | A:89.7 | S:21.7 | E:48.7 | C:47.5
Web and UX/UI Design,"A web and UX/UI (user experience/user interface) designer decides how a website or app looks and how easy it is to use, sketching layouts and choosing colors, buttons, and menus before testing them with real users. They spend their day in design software like Figma, talking to users about what confuses them, and working closely with developers to build the final product.","These designers shape the smooth, easy-to-use screens you interact with daily on apps like PhonePe, Swiggy, and Flipkart, directly affecting whether millions of Indians can pay bills, order food, or shop online without frustration.",,,₹4-8 LPA,₹8-20 LPA,₹20-40 LPA,"Flipkart, Swiggy, PhonePe, Zoho, design agencies, product startups",High,Medium,Works from anywhere,"Kabir Sethi: design leader in Indian tech, Manik Malik: UX design lead known for fintech apps","AmbitionBox, Glassdoor India, LinkedIn job trends, design community salary surveys","UX designer: researches how users think and plans the overall structure and flow of an app or website. | UI designer: designs the exact visual look, colors, icons, and buttons users see and tap. | Web designer: focuses specifically on designing and building website layouts, often coding parts of them too.",All,IAC,R:26.5 | I:64.7 | A:58.0 | S:20.0 | E:35.5 | C:56.7
Zoology,"A zoologist studies animals and their behaviour, either out in forests and rivers observing wildlife, or in a lab analyzing animal samples and data. They might track tiger populations using camera traps, study how climate change affects birds, or write research papers on their findings.","Zoologists help protect endangered species like the Bengal tiger and the Asiatic lion through projects run by the Wildlife Institute of India, and their research guides government decisions on protecting forests and national parks like Jim Corbett and Kaziranga. Their work directly shapes how India balances development with saving its wildlife.","No single fixed entrance exam for a bachelor's degree — admission is usually based on Class 12 marks in Science. For a master's or research program, exams like CUET-PG or CSIR-UGC NET (a national exam for research fellowships and lectureship eligibility) are commonly used.","1. University of Delhi
2. Wildlife Institute of India (WII) Dehradun
3. St. Xavier's College Mumbai
4. Madras Christian College
5. University of Calcutta
6. Jawaharlal Nehru University (JNU)",₹2.5-4.5 LPA,₹5-9 LPA,₹10-18 LPA,"Wildlife Institute of India, Zoological Survey of India, Ministry of Environment, Forest and Climate Change, WWF-India (World Wide Fund for Nature), zoos and national parks",Medium,Low,Tier-2 cities (fieldwork often in rural/forest areas),"Salim Ali (India's most famous ornithologist, 'Birdman of India'), Ullas Karanth (tiger conservation scientist), Kartik Shanker (marine biologist and conservationist)","NIRF rankings, AmbitionBox, Glassdoor India, industry placement reports",,Science (PCB),IRC,R:73.8 | I:99.8 | A:21.8 | S:25.8 | E:22.2 | C:45.0
Indian Army Officer,"An Army officer leads a platoon or company of soldiers, plans training and field exercises, inspects equipment and weapons, and takes charge of their unit's welfare and readiness. Time is split between physical training, classroom briefings, paperwork, and field postings that can mean weeks in the mountains, desert or jungle. During operations or disaster relief, officers make quick decisions and lead from the front.","Army officers defend India's land borders and counter terrorism, and are often the first on the ground in floods, earthquakes, and landslides, like the Army's rescue and relief work during the Kerala floods, protecting citizens' lives and property.",,,"₹10-14 LPA (including salary, Military Service Pay and allowances)",₹15-25 LPA,"₹25-45+ LPA (Colonel to Lieutenant General, including allowances)","Indian Army (Infantry, Armoured Corps, Artillery, Engineers, Signals, Army Aviation, Services and Ordnance corps)",High,Low,"Postings across India including border, high-altitude and remote areas, not a fixed-location job",Field Marshal Sam Manekshaw: led the Indian Army in the 1971 war | Field Marshal K. M. Cariappa: first Indian Commander-in-Chief of the Army | General Bipin Rawat: first Chief of Defence Staff,"Indian Army/Navy/Air Force recruitment portals (joinindianarmy.nic.in, joinindiannavy.gov.in, agnipathvayu.cdac.in), UPSC official website, Ministry of Defence, 7th Pay Commission pay matrix","NDA (Army wing): join after Class 12 and train at Khadakwasla, then IMA Dehradun for Permanent Commission | CDS (IMA / OTA): graduates join via UPSC CDS, IMA for Permanent Commission and OTA for Short Service Commission | TES (Technical Entry Scheme): Class 12 PCM students trained as engineer officers after JEE Main | TGC / SSC (Tech): engineering graduates join the technical arms | NCC Special Entry: graduates with an NCC 'C' certificate | JAG and other specialist entries: law, medical, and education graduates",All,ERC,R:68.0 | I:28.0 | A:2.0 | S:45.0 | E:72.0 | C:52.0
Indian Army Jawan (Soldier / Agniveer),"A jawan is a soldier in the Army who does the hands-on work of the unit: physical training, weapons drill, guarding posts, patrolling, maintaining vehicles and equipment, and carrying out the orders of the officers and junior leaders above them. Some soldiers work in technical, clerical, or store-keeping roles. Postings may be at a base, a border post, or an exercise area, and the day follows a strict routine.","Soldiers are the backbone of the Army, guarding the Line of Control, patrolling the borders, and helping in rescue work during disasters. A jawan who joins as an Agniveer gets four years of military training and a service package, and the best performers can be kept on for a full career.",,,"₹4.8-6 LPA (Agniveer package of ₹30,000-40,000 per month over four years, with a Seva Nidhi corpus of about ₹10-12 lakh at the end)",₹4-7 LPA (for the roughly 25% of Agniveers retained as Sepoy / Naik / Havildar),₹8-12 LPA (Junior Commissioned Officer ranks like Subedar and Subedar Major),"Indian Army (Infantry, Artillery, Armoured, Engineers, Signals, Services and Ordnance corps)",Medium,Low,"Postings across India including border, high-altitude and remote areas, not a fixed-location job","Subedar Major Sanjay Kumar: Param Vir Chakra, Kargil War | Yogendra Singh Yadav: Param Vir Chakra, Kargil War, youngest recipient | Havildar Abdul Hamid: Param Vir Chakra, 1965 war","Indian Army/Navy/Air Force recruitment portals (joinindianarmy.nic.in, joinindiannavy.gov.in, agnipathvayu.cdac.in), UPSC official website, Ministry of Defence, 7th Pay Commission pay matrix","Agniveer General Duty (GD): frontline soldier in infantry and other combat arms | Agniveer Technical: works on weapons, radars, and electronic equipment | Agniveer Clerk / Store Keeper Technical: handles records, stores, and accounts | Agniveer Tradesman: cooks, drivers, tailors, and other support trades",All,RCS,R:88.0 | I:12.0 | A:1.0 | S:35.0 | E:25.0 | C:55.0
Indian Navy Officer,"A naval officer works on a warship, submarine or at a naval base, running a department like navigation, weapons, engineering, or logistics. The day mixes bridge watches, drills at sea, supervising sailors, maintaining complex machinery, and planning missions. Pilots and observers fly helicopters and maritime patrol aircraft from ships and airfields.","Naval officers guard India's 7,500 km coastline and sea trade routes, fight piracy, and rescue people at sea, like the Navy's anti-piracy missions in the Gulf of Aden and evacuation and relief operations during cyclones and floods.",,,"₹10-14 LPA (including salary, Military Service Pay and allowances, plus sea pay)",₹15-25 LPA,"₹25-45+ LPA (Captain to Admiral, including allowances)","Indian Navy (Executive, Engineering, Electrical, Naval Architecture, Education, Logistics and Naval Air branches)",High,Low,"Postings on ships, submarines, and naval bases like Mumbai, Visakhapatnam, Kochi, Karwar and Port Blair",Admiral Arun Prakash: former Chief of the Naval Staff | Admiral Sunil Lanba: former Chief of the Naval Staff | Admiral R. Hari Kumar: former Chief of the Naval Staff,"Indian Army/Navy/Air Force recruitment portals (joinindianarmy.nic.in, joinindiannavy.gov.in, agnipathvayu.cdac.in), UPSC official website, Ministry of Defence, 7th Pay Commission pay matrix","NDA (Naval wing): join after Class 12 PCM, train at Khadakwasla, then Indian Naval Academy Ezhimala | 10+2 B.Tech Cadet Entry: Class 12 PCM students shortlisted by JEE (Main) join a 4-year B.Tech at Ezhimala | UPSC CDS (INA): engineering graduates | SSC / graduate entries: Executive, Technical, Electrical, Education, Logistics, Pilot and Observer branches as notified | NCC Special Entry: graduates with an NCC 'C' certificate",Science (PCM),REC,R:78.0 | I:40.0 | A:2.0 | S:32.0 | E:60.0 | C:58.0
Indian Navy Sailor (Agniveer SSR / MR),"A sailor works on a ship, submarine or at a naval base keeping the vessel running: operating radars and weapons, maintaining engines and electrical systems, cooking and stewarding for the crew, or handling the ship's stores and records. Life at sea means watches at all hours and long deployments, while shore postings are more regular.","Sailors are the working crew of the Navy, keeping warships and submarines at sea and ready, and taking part in patrols, anti-piracy missions, and rescue work. Agniveers get four years of naval training and a service package, and a share are retained for a full career.",,,"₹4.8-6 LPA (Agniveer package of ₹30,000-40,000 per month over four years, with a Seva Nidhi corpus of about ₹10-12 lakh at the end)",₹4-7 LPA (for the roughly 25% of Agniveers retained as sailors),₹8-12 LPA (Chief Petty Officer and Master Chief Petty Officer ranks),"Indian Navy (ships, submarines, naval air stations, and shore establishments)",Medium,Low,"Postings on ships, submarines, and naval bases like Mumbai, Visakhapatnam, Kochi and Karwar",None widely documented; sailors can rise to Master Chief Petty Officer or be commissioned from the ranks,"Indian Army/Navy/Air Force recruitment portals (joinindianarmy.nic.in, joinindiannavy.gov.in, agnipathvayu.cdac.in), UPSC official website, Ministry of Defence, 7th Pay Commission pay matrix","Agniveer SSR (Senior Secondary Recruits): Class 12 Maths and Physics, technical and weapons roles | Agniveer MR (Matric Recruits): Class 10, chefs, stewards and hygienists",All,RCI,R:92.0 | I:22.0 | A:1.0 | S:20.0 | E:20.0 | C:52.0
Indian Air Force Officer,"An Air Force officer is either a pilot flying fighters, transport aircraft or helicopters, or a ground duty officer who runs the base: air traffic, radars, aircraft maintenance, weapons systems, logistics, accounts, or administration. Flying officers split time between briefings, simulator and flight training, and missions, while ground officers manage teams and technical operations.","The Air Force defends India's airspace, delivers aid in disasters, and carries out air rescue, like the airlift of supplies during the COVID-19 pandemic and the evacuation flights of Operation Ganga. Its pilots and technical officers keep the country's aircraft and air defence ready at all times.",,,"₹10-14 LPA (including salary, Military Service Pay, flying allowance for pilots, and other allowances)",₹15-25 LPA,"₹25-45+ LPA (Group Captain to Air Marshal, including allowances)","Indian Air Force (Flying, Ground Duty Technical, Ground Duty Non-Technical: Administration, Logistics, Accounts, Education, Meteorology)",High,Low,"Postings at air bases across India including border, high-altitude and remote stations",Marshal of the Air Force Arjan Singh: only IAF officer to hold five-star rank | Wing Commander Rakesh Sharma: first Indian in space | Group Captain Shubhanshu Shukla: IAF test pilot who flew to the International Space Station in 2025,"Indian Army/Navy/Air Force recruitment portals (joinindianarmy.nic.in, joinindiannavy.gov.in, agnipathvayu.cdac.in), UPSC official website, Ministry of Defence, 7th Pay Commission pay matrix","NDA (Air Force wing): join after Class 12 Physics and Maths, train at Khadakwasla, then Air Force Academy Dundigal | AFCAT (Flying): graduates with Class 12 Physics and Maths | AFCAT (Ground Duty Technical): engineering graduates | AFCAT (Ground Duty Non-Technical): graduates for Administration, Logistics, Accounts and Education branches | AFCAT Meteorology: postgraduates in notified science subjects | UPSC CDS (Flying) and NCC Special Entry (Flying)","Science (PCM), Arts, Commerce",REC,R:75.0 | I:55.0 | A:2.0 | S:30.0 | E:62.0 | C:60.0
Indian Air Force Airman (Agniveer Vayu),"An airman keeps aircraft flying and the base running: servicing engines and airframes, maintaining radars and electronic systems, loading weapons, driving ground vehicles, guarding the base, or handling records and supplies. Work follows strict safety checklists, since even a small error can ground an aircraft.","Airmen are the technical crew behind every sortie, keeping fighters, transport aircraft and helicopters ready to fly and bases secure. Agniveer Vayus get four years of Air Force training and a service package, and a share of them are retained for a full career.",,,"₹4.8-6 LPA (Agniveer package of ₹30,000-40,000 per month over four years, with a Seva Nidhi corpus of about ₹10-12 lakh at the end)",₹4-7 LPA (for the roughly 25% of Agniveers retained as airmen),₹8-12 LPA (Junior Warrant Officer to Master Warrant Officer ranks),"Indian Air Force (air bases, technical and ground trades)",Medium,Low,"Postings at air bases across India including border, high-altitude and remote stations",Corporal Jyoti Prakash Nirala: Garud commando awarded the Ashok Chakra,"Indian Army/Navy/Air Force recruitment portals (joinindianarmy.nic.in, joinindiannavy.gov.in, agnipathvayu.cdac.in), UPSC official website, Ministry of Defence, 7th Pay Commission pay matrix","Agniveer Vayu (Science stream): technical trades working on aircraft, radars, and electronics, Class 12 PCM or diploma | Agniveer Vayu (Other than Science): ground duty trades such as security, administration, and logistics, Class 12 any stream",All,RCI,R:90.0 | I:35.0 | A:1.0 | S:15.0 | E:18.0 | C:58.0
Philosophy,"A philosophy graduate spends their time reading, questioning and arguing about big ideas: what is right and wrong, what counts as knowledge, how society should be run. Most work as teachers and researchers, preparing classes and writing papers; others use the same reasoning in law, journalism, public policy or ethics roles.","Philosophers shape how we think about fairness and rights. Ideas from philosophy sit behind the Indian Constitution, the ethics rules doctors follow in hospitals, and today's debates on how artificial intelligence should be used.","CUET (UG) for a BA in Philosophy at central universities such as Delhi University, BHU and JNU; UGC-NET later, to teach in colleges.","1. St. Stephen's College, Delhi
2. Jadavpur University, Kolkata
3. Banaras Hindu University
4. Presidency University, Kolkata
5. Jawaharlal Nehru University (MA and PhD)",₹3-6 LPA,"₹8-15 LPA (Assistant Professor after UGC-NET, policy or research roles)","₹15-30 LPA (professors at central universities, senior policy or ethics roles)","Central and state universities, Colleges (after UGC-NET), Think tanks such as the Centre for Policy Research, Publishing houses, Law firms (after an LLB), NGOs and research institutes",Medium,Low,Metro cities and university towns,Sarvepalli Radhakrishnan: philosopher and India's second President | Amartya Sen: Nobel-winning economist and philosopher | J. Krishnamurti: philosopher and educator,"UGC pay scales (7th Pay Commission), AmbitionBox, university placement reports","Ethics: questions of right and wrong, including medical and AI ethics | Logic: the study of sound reasoning | Political Philosophy: justice, rights and how society should be run | Indian Philosophy: schools such as Nyaya, Vedanta and Buddhist philosophy",All,SIA,R:24.3 | I:69.0 | A:46.0 | S:100.0 | E:29.5 | C:41.3
