exam_name,status,replaced_by,aliases,course,degrees,scope,url,duration,timing,mode,forms_out,marking,eligibility,last_date,test_date,application_fee,paper_pattern,questions_marks,remarks,avanti_predictor,avanti_open_data
MSU-AT (MS University Aptitude Test),discontinued,,,Performing Arts,BA,MS University,https://admission.msubaroda.ac.in/,As per Admit Card,As per Admit Card,Online,2nd week of June,,10+2 any stream,Spread across September & October for different specializations.,Spread across September & October for different specializations. Negative,Rs. 600/-,Aptitude Test,,,,
AAT (Architecture Aptitude Test),active,,,Architecture,BA,"IIT BHU, IIT KGP, IIT Roorkee",https://www.jeeadv.ac.in/,180 Minutes,As per Admit card,Offline,After JEE-Main Paper 2 Result,,10+2 with PCM and JEE-Main and ADVANCED Cleared,3rd week of June,4th week of June,Rs. 2600/-,"Geometric Drawing, Three Dimensional Aspect, Free Hand Drawing, Imagination & Aesthetic Sensitivity.",No questions or Marks shared,,,
AAT (Ashoka Aptitude Test),active,,,Arts,BA,Ashoka University,https://www.ashoka.edu.in/,90 Minutes,As per the Admit Card,Online,3rd week of October,,10+2 any Stream,"Nov., Jan., April & May","Dec., Jan., April & June",No exam fee.,Logical Reasoning Verbal Aptitude Quantitative Aptitude Data Interpretation,25 25 20 5,Test Followed by On-the-spot Essay Writing and Interview,,
AAT (Ashoka Aptitude Test),active,,,Economics,BA,Ashoka University,https://www.ashoka.edu.in/,90 Minutes,As per the Admit Card,,3rd week of October,,10+2 any Stream,"November, January, April, May","December, January, April, June",No exam fee.,Logical Reasoning Verbal Aptitude Quantitative Aptitude Data Interpretation,25 25 20 5,Test Followed by On-the-spot Essay Writing and Interview,,
AAT (Ashoka Aptitude Test),active,,,Economics,BA,Ashoka University,www.ashoka.edu.in,30 + 90 Minutes,As per the Admit Card,,3rd week of October,,10+2 any Stream,"November, January, April & May","December, January, April & June",No exam fee.,Problem Solving Critical Thinking,,Test Followed by On-the-spot Essay Writing and Interview,,
ACET (ADYPU Common Entrance Test),active,,,Arts,BA,"Dr. D.Y. Patil University, Pune",https://adypu.edu.in/,As per admit card,As per admit card,Online,1st week of February,,10+2 any stream,Last week of March,3rd week of April,Rs. 2000/-,Group Discussion Personal Interview,,,,
AFMC-EE (AFMC Entrance Exam),replaced,NEET-UG,,Nursing,BSc,Maharashtra,https://www.afmc.nic.in/,90 Minutes,1000-1130 Hrs.,Pen & Paper Based,,+1/-0,10+2 with PCB,,,Rs. 750/-,General English Physics Chemistry Biology General Intelligence Total Followed by PI,,,,
AGRICET (Agriculture Common Entrance Test),active,,,Agriculture,BSc,Acharya NG Ranga University,https://angrau.ac.in/,90 minutes,1030 Hrs. - 1200 Hrs.,Computer Based,Last week of July,+1/-0,Two year Diploma in Agriculture/Seed Technology/Organic Farming from ANGRAU/PJTSAU.,2nd week of August,2nd week of September,Rs. 1200/-,Questions based on Diploma in Agriculture/Seed Technology/ Organic Farming,120(120),Test conducted in Telugu medium only,,
AIHMCT-CBT (Computer Based Test),active,,,Hotel Management,BHM,Karnataka,http://www.aihmctbangalore.edu.in/,180 Minutes,As per admit card,Online,March,+1/-0,10+2 any stream,Mid April,Last week of April,Rs. 1000/-,English Language GK Hospitality & Tourism Reasoning & Logical Deduction Scientific Aptitude & Numerical Ability Total,20 (20) 20 (20) 20 (20) 20 (20) 20 (20) 100 (100),,,
AIIMS-EE (AIIMS Entrance Exam),active,,,Nursing,BSc,All India,https://aiimsexams.ac.in/,120 Minutes,As per admit Card,Online,,+1/-0.33,10+2 with PCB,,,Rs. 1500/-,Physics Chemistry Biology General Knowledge Total,30 (30) 30 (30) 30 (30) 10 (10) 100 (100),,,
AIIMS-EE (AIIMS Entrance Exam),active,,,Nursing,BSc,All India,https://aiimsexams.ac.in/,90 Minutes,As per admit card,Online,,+1/-0.33,10+2 with PCB,,,Rs. 1500/-,"Fundamentals of Nursing, Medical Surgical Nursing including Anatomy, Physiology & Pharmacology, Obstetrics Nursing & Midwifery, Pediatric Nursing, Community Health Nursing, Psychiatric Nursing, Professional Trends in Nursing.",70 (70),An Interview carrying 30 marks to follow after Test. Personnel Assessment to follow.,,
AIIMS-EE (AIIMS Entrance Exam),active,,,Paramedical,,All India,https://aiimsexams.ac.in/,90 Minutes,As per admit Card,Online,,+1/-0.33,"10+2 with Physics, Chemistry & Biology.",,,Rs. 1500/-,Physics Chemistry Biology / Mathematics Total,30 (30) 30 (30) 30 (30) 90 (90),,,
AIISH-ET (AIISH Entrance Test),active,,,Medical Allied,BASLP,Karnataka,https://www.aiishmysore.in/,150 Minutes,As per admit card,,,,,,,,Physics Chemistry Biology/Maths Total,,,,
AIL-LET (AIL Law Entrance Test),active,,,Law,"BA, LLB","Army Institute of Law, Mohali",https://www.ail.ac.in/,120 Minutes,900 -1100 Hrs.,Online,1st week of April,+1/-0,10+2 any Stream,Mid May,4th week of June,Rs. 3000/-,Mental Ability General Knowledge & Current Affairs Law Aptitude General English Total +Interview,50 (50) 50 (50) 50 (50) 50 (50) 200 (200),75 seats for Wards of Army Personnel and 5 seats for All India Category,,
AILET (All India Law Entrance Test),active,,,Law,"BA, LLB",Delhi,https://nationallawuniversitydelhi.in/,,1100-1230 Hrs.,Offline,1st week of September,+1/-0,10+2 any Stream,3rd week of November,2nd week of December,Rs. 3500/-,Maths English Reasoning GK Current Affairs Legal Aptitude Total,10 (10) 35 (35) 35 (35) 35 (35) 35 (35) 150 (150),,,
AMU-AAT (AMU- Architecture Aptitude Test),active,,,Architecture,BA,Aligarh Muslim University,https://www.amu.ac.in/,180 minutes,As per Admit card,Offline,3rd week of February,,10+2 with PCM,3rd week of March,3rd week of May,Rs. 900/-,"Paper 1 Physics, Chemistry, Maths Paper 2 (NATA)",150 (150),Candidates should qualify in NATA to become eligible for selection.,,
AMU-ET (Aligarh Muslim Univ. Entrance Test),active,,,Agriculture,BSc,Aligarh Muslim University,https://www.amu.ac.in/,120 Minutes,Based on admit card,Offline,Mid February,+1/-0.25,10+2 with PCM/B,Mid March,1st week of May,Rs. 450/-,Physics Chemistry English Mathematics Biology Agriculture Total,25 (25) 25 (25) 20 (20) 10 (10) 10 (10) 10 (10) 100 (100),,,
AMU-ET (Aligarh Muslim Univ. Entrance Test),active,,,Arts,BA,Aligarh Muslim University,https://www.amu.ac.in/,120 Minutes,Based on admit card,Offline,Mid February,+1/-0.25,10+2 any Stream,Mid March,Last week of April,Rs. 700/-,English Indo-Islamic Culture & Aligarh Movement General Awareness & Current Affairs Reasoning & Intelligence Total,25 (25) 25 (25) 40 (40) 10 (10) 100 (100),,,
AMU-ET (Aligarh Muslim Univ. Entrance Test),active,,,Arts,BVA,Aligarh Muslim University,https://www.amu.ac.in/,120 Minutes,Based on admit card,Offline,Mid February,+1/-0.25,10+2 any Stream,Mid March,Last week of April,Rs. 700/-,Paper I : Objective type Theory Paper Paper II : Practical (Still Life in Pencil (3D)),(100) (200),,,
AMU-ET (Aligarh Muslim Univ. Entrance Test),active,,,Commerce,BCom,Aligarh Muslim University,https://www.amu.ac.in/,120 Minutes,Based on admit card,Offline,Mid February,+1/-0.25,10+2 with commerce related subjects/Maths,Mid March,Last week of April 30,Rs. 700/-,English Accountancy Business Studies Economics Elementary Maths & Stats Reasoning & Numerical Ability General Awareness Total,25 (25) 20 (20) 15 (15) 10 (10) 10 (10) 10 (10) 10(10) 100 (100),,,
AMU-ET (Aligarh Muslim Univ. Entrance Test),replaced,CUET-UG,,Computer Application,BSc,Aligarh Muslim University,https://www.amu.ac.in/,120 Minutes,Based on admit card,Offline,2nd week of June,+1/-0.25,10+2 with Maths,2nd week of July,3rd week of September,Rs. 450/-,I English II Chemistry III Physics IV Maths V Biology VI Home Science Total,25 (25) 25 (25) 25 (25) 25 (25) 25 (25) 25 (25) 100 (100),"Sections I, II and III are compulsory. Candidates will have the choice to attempt any one Section from IV and V.",,
AMU-ET (Aligarh Muslim Univ. Entrance Test),replaced,CUET-UG,,Economics,BA,Aligarh Muslim University,https://www.amu.ac.in/,120 Minutes,Based on admit card,Offline,2nd week of June,+1/-0.25,10+2 any Stream,2nd week of July,3rd week of September,Rs. 450/-,English Indo-Islamic Culture & Aligarh Movement General Awareness & Current Affairs Reasoning & Intelligence Total,25 (25) 25 (25) 40 (40) 10 (10) 100 (100),,,
AMU-ET (Aligarh Muslim Univ. Entrance Test),active,,,Engineering,BTech,Aligarh Muslim University,https://www.amu.ac.in/,180 Minutes,Based on admit card,Offline,3rd week of February,+1/-0.25,10+2 with PCM,3rd week of March 17,Mid May,Rs. 900/-,Chemistry Physics Maths Total,150 (150),Candidates applying for admission to B.Tech. can also apply for admission to B.Arch. on the with additional application fee.,,
AMU-ET (Aligarh Muslim Univ. Entrance Test),active,,,Engineering,BE,Aligarh Muslim University,https://www.amu.ac.in/,120 Minutes,Based on admit card,Offline,3rd week of Feb,+1/-0.25,10+2 with PCM,3rd week of March,Mid May,Rs. 900/-,Physics Chemistry Maths Total,100 (100),,,
AMU-ET (Aligarh Muslim Univ. Entrance Test),active,,,Food,BTech,Aligarh Muslim University,https://www.amu.ac.in/,120 Minutes,Based on admit card,Offline,3rd week of February,+1/-0.25,10+2 with PCM,3rd week of March,Mid May,Rs. 450/-,Chemistry Physics Maths Total,150 (150),,,
AMU-ET (Aligarh Muslim Univ. Entrance Test),active,,,Law,"BA, LLB",Aligarh Muslim University,https://www.amu.ac.in/,120 Minutes,Based on admit card,Offline,3rd week of February,+1/-0.25,10+2 any stream,3rd week of March,Mid May,Rs. 700/-,Proficiency in English Current Affairs/General knowledge (with emphasis on legal issues) Reasoning and Aptitude Total,40 40 20 100,,,
AMU-ET (Aligarh Muslim Univ. Entrance Test),active,,,Medical Allied,BRTT,Aligarh Muslim University,https://www.amu.ac.in/,120 Minutes,Based on admit card,Offline,3rd week of February,+1/-0.25,10+2 with PCB,3rd week of March,Mid May,Rs. 700/-,Physic Chemistry Biology Total,100 (100),,,
AMU-ET (Aligarh Muslim Univ. Entrance Test),active,,,Nursing,BSc,Aligarh Muslim University,https://www.amu.ac.in/,120 Minutes,Based on admit card,Offline,Feb 17,+1/-0.25,10+2 with PCB,March 17,May 14,Rs. 700/-,Aptitude of Nursing Physics Chemistry Biology English Total,20 (20) 20 (20) 20 (20) 20 (20) 20 (20) 100 (100),,,
AMU-ET (Aligarh Muslim Univ. Entrance Test),active,,,Paramedical,BSc,Aligarh Muslim University,https://www.amu.ac.in/,120 Minutes,Based on admit card,Offline,Feb 17,+1/-0.25,10+2 with PCB,March 17,May 14,Rs. 700/-,"Physics, Chemistry, Botany & Zoology Total",100 (100),,,
AMU-ET (Aligarh Muslim Univ. Entrance Test),active,,,Science,BSc,Aligarh Muslim University,https://www.amu.ac.in/,120 Minutes,Based on admit card,Offline,3rd week of February,+1/-0.25,10+2 with PCM/B,3rd week of March,Mid May,Rs. 700/-,I English II Chemistry III Physics IV Maths V Biology Total,25 (25) 25 (25) 25 (25) 25 (25) 25 (25) 100 (100),"Sections I, II and III are compulsory. Candidates will have the choice to attempt any one Section from IV and V.",,
"AP-EAPCET (AM Category) (Andhra Pradesh Engineering, Agriculture & Pharmacy Common Entrance Test)",active,,,Agriculture,BSc,Andhra Pradesh,https://sche.ap.gov.in/EAPCET,180 Minutes,900 – 1200 & 1500 – 1800 Hrs.,Computer Based,2nd week of March,+1/-0,10+2 in Science,Mid April,3rd week of May,Rs. 600/-,Physics Chemistry Botany Zoology Total,40 (40) 40 (40) 40 (40) 40 (40) 160 (160),Candidates should belong to the state of Andhra Pradesh/Telangana with other reservations.,,
"AP-EAPCET (AM Category) (Andhra Pradesh Engineering, Agriculture & Pharmacy Common Entrance Test)",active,,,Agriculture; Veterinary Science,BFSc,Andhra Pradesh,https://sche.ap.gov.in/EAPCET,180 Minutes,900 – 1200 & 1500 – 1800 Hrs.,Computer Based,2nd week of March,+1/-0,10+2 with PCB,Mid April,4th week of May,Rs. 600/-,Physics Chemistry Botany Zoology Total,40 (40) 40 (40) 40 (40) 40 (40) 160 (160),Candidates should belong to the state of Andhra Pradesh/Telangana with other reservations.,,
"AP-EAPCET (E Category) (Andhra Pradesh Engineering, Agriculture & Pharmacy Common Entrance Test)",active,,,Agriculture,BSc,Andhra Pradesh,https://sche.ap.gov.in/EAPCET,180 Minutes,900 – 1200 & 1500 – 1800 Hrs.,Computer Based,2nd week of March,+1/-0,10+2 with PCM,Mid April,3rd week of April,Rs. 600/-,Physics Chemistry Mathematics Total,40 (40) 40 (40) 80(80) 160 (160),Candidates should belong to the state of Andhra Pradesh/Telangana with other reservations.,AP EAPCET,apeapcet
"AP-EAPCET (E Category) (Andhra Pradesh Engineering, Agriculture & Pharmacy Common Entrance Test)",active,,,Engineering,BTech,Andhra Pradesh,https://sche.ap.gov.in/EAPCET,180 Minutes,900 – 1200 & 1500 – 1800 Hrs.,Computer Based,2nd week of March,+1/-0,10+2 with PCM,Mid April,Mid May,Rs. 600/-,Physics Chemistry Mathematics Total,40 (40) 40 (40) 80(80) 160 (160),Candidates should belong to the state of Andhra Pradesh/Telangana with other reservations.,AP EAPCET,apeapcet
"AP-EAPCET (E Category) (Andhra Pradesh Engineering, Agriculture & Pharmacy Common Entrance Test)",active,,,Planning,BTech,Andhra Pradesh,https://sche.ap.gov.in/EAPCET,180 Minutes,900 – 1200 & 1500 – 1800 Hrs.,Computer Based,2nd week of March,+1/-0,10+2 with PCM,Mid April,Mid May,Rs. 600/-,Physics Chemistry Mathematics Total,40 (40) 40 (40) 80(80) 160 (160),Candidates should belong to the state of Andhra Pradesh/Telangana with other reservations.,AP EAPCET,apeapcet
APU-ET (Entrance Test),active,,,Arts,BA,Azim Premji University,https://azimpremjiuniversity.edu.in/,120 + 60 Minutes,As per admit card,Online,1st week of January,+2/-1 for Part A,10+2 with English,2nd week of March 11,April and June,Rs. 500/-,Part A - MCQs English Language Quantitative Reasoning Part B - Descriptive 2 descriptive questions (1 analytical writing question and 1 contextual writing question. Response to be given in 150 – 200 words each.),20 (40) 20 (40) 2,Interview followed by the test.,,
APU-ET (Entrance Test),active,,,Economics,BA,Azim Premji University,https://azimpremjiuniversity.edu.in/,120 + 60 Minutes,As per admit card,Online,1st week of January,+2/-1 for Part A,10+2 with English,2nd week of March,April and June,Rs. 500/-,Part A – MCQs English Language Quantitative Reasoning Part B - Descriptive 2 descriptive questions (1 analytical writing question and 1 contextual writing question. Response to be given in 150 – 200 words each.),20 (40) 20 (40) 2,Interview followed by the test.,,
APU-ET (Entrance Test),active,,,Science,BSc,Azim Premji University,https://azimpremjiuniversity.edu.in/,120 + 60 Minutes,As per admit card,Online,1st week of January,+2/-1 for Part A,10+2 with Science,2nd week of March,2nd week of April and June,Rs. 500/-,Part A - MCQs English Language Quantitative Reasoning Part B - Descriptive 2 descriptive questions (1 analytical writing question and 1 contextual writing question. Response to be given in 150 – 200 words each.),20 (40) 20 (40) 2,Interview followed by the test.,,
AU-ET (Assam University Entrance Test),replaced,CUET-UG,,Arts,BSW,Assam,http://www.aus.ac.in/,,As per admit card,Online,1st week of August,+1/-0,10+2 any stream,3rd week of September,Last week of September,Rs. 600/-,"10th and 12th Syllabus, GK and CA",50 (50),,,
AU-ET (Assam University Entrance Test),replaced,CUET-UG,,Arts,BVA,Assam,http://www.aus.ac.in/,,As per admit card,Online,1st week of August,+1/-0,10+2 any stream,3rd week of September,Last week of September,Rs. 600/-,"Art, Culture and Current Affairs Practical Art Work Portfolio Total",(30) (20) (50),,,
AU-ET (Assam University Entrance Test),replaced,CUET-UG,,Computer Science,BSc,Assam,http://www.aus.ac.in/,,As per admit card,Online,1st week of August,+1/-0,10+2 with PCM,3rd week of September,Last week of September,Rs. 600/-,Reasoning English Physics Maths Total,10 (10) 10 (10) 15 (15) 15 (15) 50 (50),,,
AU-ET (Assam University Entrance Test),replaced,CUET-UG,,Law,"BA, LLB",Assam,http://www.aus.ac.in/,,As per admit card,Online,1st week of August,+1/-0,10+2 any stream,3rd week of September,Last week of September,Rs. 600/-,English Current Affairs History Political science Sports Mathematics/Science Total,10 (10) 10 (10) 5 (5) 5 (5) 10 (10) 10(10) 50 (50),,,
AU-ET (Assam University Entrance Test),replaced,CUET-UG,,Performing Arts,BA,Assam,http://www.aus.ac.in/,,As per admit card,Online,1st week of August,+1/-0,10+2 any stream,3rd week of September,Last week of September,Rs. 600/-,GK Practical Performance(Video) in the respective disciplines Total,(25) (25) (50),,,
AU-ET (Assam University Entrance Test),replaced,CUET-UG,,Pharma,BPharm,Assam,http://www.aus.ac.in/,,As per admit card,Online,First week of August,+1/-0,10+2 PCM/B,Third week of September,Last week of September,Rs. 600/-,"Physics, Chemistry, Biology and Mathematics",50 (50),,,
AnantU DET (Design Entrance Test),active,,,Design,BDes,Anant National University,https://anu.edu.in/,90 Minutes,Based on admit card,Online/Offline,1st week of November,,10+2 any Stream,Multiple dates periodically.,As per application.,Rs. 750/-,"Questions on general awareness/current affairs, logical reasoning and basics of design knowledge",90 (100),"Sketch Round, Personal Interaction and Portfolio to follow.",,
B.COM-CET (146) (Common Entrance Test),active,,,Commerce,BCom,Delhi,http://www.ipu.ac.in/,150 Minutes,As per admit card,Online,3rd week of March,+4/-1,10+2 any stream,Last week of April,Mid June,Rs. 1500/-,General English Logical Reasoning Data Interpretation General Awareness Total,25% 25% 35% 15% 150(600),,,
BA-CET (184) (Common Entrance Test),active,,,Arts,BA,Delhi,http://www.ipu.ac.in/,150 Minutes,1700 -1930 Hrs.,Online,3rd week of March,+4/-1,10+2 any stream with English,Last week of April,Mid June,Rs. 1200/-,General English Literary Aptitude General Awareness,50% 30% 20% 150(600),,,
BA-CET (197) (Common Entrance Test),active,,,Economics,BA,Delhi,http://www.ipu.ac.in/,150 Minutes,As per admit card,Online,3rd week of March,+4/-1,10+2 any stream with Maths,Last week of April,Mid June,Rs. 1500/-,General English Economics and Statistics Mathematics Total,20% 40% 40% 150(600),,,
BAJMC-CET (126) (Common Entrance Test),active,,,Journalism & Media,BA,Delhi,http://www.ipu.ac.in/,150 Minutes,800 -1030 Hrs.,Online,3rd week of March,+4/-1,10+2 any stream with English,Last week of April,Mid June,Rs. 1500/-,English Language & Comprehension General Awareness Reasoning Media Aptitude Total,25% 25% 25% 25% 150(600),,,
BBA-CET (125) (Common Entrance Test),active,,,Business,BMS,Delhi,http://www.ipu.ac.in/,150 Minutes,As per admit card,Online,3rd week of March,+4/-1,10+2 any stream,Last week of April,3rd week of June,Rs. 1500/-,English Language & Comprehension G.K. Logical & Analytical Ability Management & Communication Skills Total,25% 25% 25% 25% 150(600),,,
BCA-CET 114 (Common Entrance Test),active,,,Computer Application,BCA,Delhi,http://www.ipu.ac.in/,150 Minutes,As per admit card,Online,4th week of March,+4/-1,10+2 any stream,Last week of April,Mid June,Rs. 1500/-,English Language & Comprehension Mathematics Computer Awareness General Knowledge- IT and Science Related Total,15% 30% 30% 25% 100%,,,
BCECE (Bihar Combined Entrance Competitive Exam),active,,,Agriculture,BSc,Bihar,https://bceceboard.bihar.gov.in/,90 Minutes Each Section,Based on admit card,Offline,1st week of May,+4/-1,10+2 in Science,1st week of June,1st week of July,Rs. 1000/-,Section Combinations: Physics/Chemistry/Biology Physics/Chemistry/ Agriculture Biology/Chemistry/ Agriculture Physics/Chemistry/Maths,Each section will be designed to ask 100 questions. 300 (1200),,,
BCECE (Bihar Combined Entrance Competitive Exam),active,,,Agriculture; Veterinary Science,BFSc,Bihar,https://bceceboard.bihar.gov.in/,90 Minutes Each Section,Based on admit card,Offline,1st week of May,+4/-1,10+2 with PCB,1st week of June,1st week of July,Rs. 1000/-,Section Combinations: Physics/Chemistry/Biology Physics/Chemistry/ Agriculture Biology/Chemistry/ Agriculture Physics/Chemistry/Maths,Each section will be designed to ask 100 questions. 300 (1200),,,
BHMCT-CET (127) (Common Entrance Test),active,,,Hotel Management,BHM,Delhi,http://www.ipu.ac.in/,150 Minutes,As per admit card,Online,3rd week of March,+4/-1,10+2 any stream,Last week of April,Mid June,Rs. 1500/-,Numerical Aptitude Reasoning & Logical Aptitude Verbal Ability Reading Comprehension Total,60 (60) 60 (60) 60 (60) 20 (20) 200 (200),,,
BHU UET (BHU Undergraduate Entrance Test),replaced,CUET-UG,,Fine Arts,BFA,BHU Varanasi,http://bhuonline.in/,60 + 120 Minutes,As per admit card,Online+Offline,2nd week of August,,10+2 any Stream,1st week of September,Last week of September,Rs. 600/-,"Theory: Questions shall be on general awareness in Visual Arts (Painting, Sculpture, Commercial Art/Applied Art, Pottery, Ceramics and Textiles). Practicals",50 (200) (400),,,
BHU-UET (BHU Undergraduate Entrance Test),replaced,CUET-UG,,Commerce,BCom,BHU Varanasi,https://www.bhu.ac.in/,150 Minutes,As per admit card,Online/Offline,2nd week of August,+4/-1,10+2 with Commerce/ Economics/ Maths/ Computer Sc.,1st week of September,Last week of September,Rs. 600/-,Accountancy Financial Statement Analysis Financial Markets Economics Money and Banking Elementary Mathematics Business Organization Business Management Business Environment Computer Basics Currents Economic Affair Total,15 (60) 15 (60) 15 (60) 15 (60) 15 (60) 15 (60)) 15 (60) 15 (60) 15 (60) 6 (24) 9 (36) 150 (600),,,
BHU-UET (Undergraduate Entrance Test),replaced,CUET-UG,,Agriculture,BSc,BHU Varanasi,https://www.bhu.ac.in/,120 Min,As per the admit card,Online/Offline,2nd week of August,+4/-1,10+2 with PCM/B,1st week of September,Last week of September,Rs. 600/-,Mental Ability Chemistry Physics & Maths OR Biology & Zoology OR Agriculture Total,25 (50) 25 (50) 50 (100) 100 (400),,,
BHU-UET (Undergraduate Entrance Test),replaced,CUET-UG,,Arts,BA,BHU Varanasi,https://www.bhu.ac.in/,120 Min,As per the admit card,Online/Offline,2nd week of August,+4/-1,10+2 any stream,1st week of September,Last week of September,Rs. 600/-,GK & CA General Mental Ability/Reasoning Numerical Ability Language Comprehension Total,60 (240) 15 (60) 15 (60) 30 120) 120 (240),,,
BHU-UET (Undergraduate Entrance Test),replaced,CUET-UG,,Economics,BA,BHU Varanasi,https://www.bhu.ac.in/,120 Min,As per the admit card,Online/Offline,2nd week of August,+4/-1,10+2 with Maths,1st week of September,Last week of September,Rs. 600/-,GK & CA General Mental Ability/Reasoning Numerical Ability Language Comprehension Total,60 (240) 15 (60) 15 (60) 30 120) 120 (240),,,
BHU-UET (Undergraduate Entrance Test),replaced,CUET-UG,,Food,BTech,BHU Varanasi,https://www.bhu.ac.in/,150 Min,As per the admit card,Online/Offline,2nd week of August,+4/-1,10+2 with PCM,1st week of September,Last week of September,Rs. 600/-,Physics Chemistry Maths Total,50 (200) 50 (200) 50 (200) 150 (400),,,
BHU-UET (Undergraduate Entrance Test),replaced,UG-CLAT,,Law,"BA, LLB",BHU Varanasi,https://www.bhu.ac.in/,150 Min,As per the admit card,Online/Offline,2nd week of August,+4/-1,10+2 any stream,1st week of September,Last week of September,Rs. 600/-,GA & CA Common Legal knowledge Aptitude and Mental Ability English Comprehension Total,150 (600),,,
BHU-UET (Undergraduate Entrance Test),replaced,CUET-UG,,Science,BSc,BHU Varanasi,https://www.bhu.ac.in/,150 Min,As per the admit card,Online/Offline,2nd week of August,+4/-1,10+2 with PCM,1st week of September,Last week of September,Rs. 600/-,Physics Chemistry Maths Total,50 (200) 50 (200) 50 (200) 150 (400),,,
BHU-UET (Undergraduate Entrance Test),replaced,CUET-UG,,Science,BSc,BHU Varanasi,https://www.bhu.ac.in/,150 Min,As per the admit card,Online/Offline,2nd week of August,+4/-1,10+2 with PCB,1st week of September,Last week of September,Rs. 600/-,Physics Chemistry Biology Total,50 (200) 50 (200) 50 (200) 150 (400),,,
BHU-UET 171 to (Undergraduate Entrance Test),replaced,CUET-UG,,Performing Arts,BA,BHU Varanasi,https://www.bhu.ac.in/,120 Min,As per the admit card,Online/Offline,2nd week of August,+4/-1,10+2 any stream,1st week of September,Last week of September,Rs. 600/-,Section A Common paper for all specializations Section B Specialization Specific Questions Total,40 (160) 60 (240) 100 (400),Practical Exam to follow after test,,
BITSAT (BITS Aptitude Test),active,,,Engineering,BE,Goa,https://www.bitsadmission.com/,180 Minutes 2 Slots on each day,900-1200 & 1400-1700 Hrs.,Online,Last week of January,+3/-1,10+2 with PCM,April & June,4th week of May & 3rd week of June,Rs. 3400/-,Physics Chemistry English Proficiency Logical Reasoning Mathematics Total,30 (90) 30 (90) 10 (30) 20 (60) 40 (120) 130 (390),,,
BITSAT (BITS Aptitude Test),active,,,Pharma,BPharm,BITS,https://www.bitsadmission.com/,180 Minutes 2 Slots on each day,900-1200 & 1400-1700 Hrs.,Online,Last week of January,+3/-1,10+2 with PCM/B,April & June,May & June,Rs. 3400/-,Physics Chemistry English Proficiency Logical Reasoning Mathematics/Biology Total,30 (90) 30 (90) 10 (30) 20 (60) 40 (120) 130 (390),,,
BITSAT (BITS Aptitude Test),active,,,Science,MSc,BITS,https://www.bitsadmission.com/,180 Minutes 2 Slots on each day,900-1200 & 1400-1700 Hrs.,Online,Last week of January,+3/-1,10+2 with PCM,2nd week of April & June,3rd week of May & June,Rs. 3400/-,Physics Chemistry English Logical Reasoning Mathematics Total,40 (120) 40 (120) 15 (45) 10 (30) 45 (135) 150 (450),,,
BSc YOGA-CET (117),active,,,Yoga,BSc,Delhi,http://www.ipu.ac.in/,150 Minutes,As per admit card,Online,3rd week of March,+4/-1,10+2 any stream,Last week of April,Mid June,Rs. 1500/-,Physics Chemistry Biology/ Biotechnology Mathematics General Awareness English Language & Comprehension Total Questions,30 (120) 30 (120) 30 (120) 30 (120) 15 (60) 15 (60) 150(600),,,
BTECH BT CET (Common Entrance Test),replaced,JEE Main,,Engineering,BTech,Delhi,http://www.ipu.ac.in/,150 Minutes,As per admit card,Online,1st week of June,+4/-1,10+2 PCM/B,2nd week of July,2nd week of October,Rs. 1200/-,Physics Chemistry Maths Biology(Botany/Zoology)/ Biotechnology Total,20% 20% 20% 40% 100%,,,
BTech BT -CET (130) (Common Entrance Test),active,,,Biotechnology,BTech,Delhi,http://www.ipu.ac.in/,150 Minutes,As per admit card,Online,3rd week of March,+4/-1,10+2 with PCM,Last week of April,Mid June,Rs. 1500/-,Physics Chemistry Mathematics Biology/Biotechnology Total,20 (80) 20 (80) 20 (80) 40 (160) 100 (400),,,
BU-MAT (Undergraduate Mgmt. Aptitude Test),active,,,Business,BMS,Bharati Vidyapeeth,https://bvuniversity.edu.in/,,As per admit card,Online,March,+1/-0,10+2 any Stream,June 8,2nd week of June,Rs. 1500/-,Numerical Aptitude Reasoning & Logical Aptitude Verbal Ability Reading Comprehension Total,60 (60) 60 (60) 60 (60) 20 (20) 200 (200),,,
BU-MAT (Undergraduate Mgmt. Aptitude Test),active,,,Computer Application,BCA,Bharati Vidyapeeth,https://bvuniversity.edu.in/,,As per admit card,Online,March,+1/-0,10+2 any Stream,2nd week of June,3rd week of June,Rs. 1500/-,Numerical Aptitude Reasoning & Logical Aptitude Verbal Ability Reading Comprehension Total,60 (60) 60 (60) 60 (60) 20 (20) 200 (200),,,
BU-MAT (Undergraduate Mgmt. Aptitude Test),active,,,Hotel Management,BSc,Bharati Vidyapeeth,https://bvuniversity.edu.in/,,As per admit card,Online,March,+1/-0,10+2 any Stream,Third week of July,Last week of July,Rs. 1500/-,Reasoning & Logical Deduction Numerical Ability Scientific Aptitude General knowledge English Language Total,20 (20) 20 (20) 20 (20) 20 (20) 20 (20) 100 (100),,,
"BV-ABOP (Biotechnology, Optometry & Physiotherapy)",active,,,Biotechnology,BSc,Maharashtra,https://bvuniversity.edu.in/,180 Minutes,Based on admit card,Online,1st week of May,+1/-0,10+2 in Science,1st week of June,2nd week of June,Rs. 1500/-,Physics Chemistry Biology Total,60 (60) 60 (60) 80 (80) 200 (200),,,
BV-ABOP CET (Common Entrance Test),active,,,Biotechnology,BSc,Maharashtra,https://bvuniversity.edu.in/,180 Minutes,As per Admit Card,Online,March,+1/-0,10+2 with PCB.,1st week of June,2nd week of June,Rs. 1500/-,Physics Chemistry Biology Total,60 (60) 60 (60) 80 (80) 200 (200),,,
BV-ABOP CET (Common Entrance Test),active,,,Medical Allied,BPT,Maharashtra,https://bvuniversity.edu.in/,180 Minutes,As per Admit Card,Online,March,+1/-0,10+2 with PCM/B for B.Optom & PCB for BPT,1st week of June,2nd week of June,Rs. 1500/-,Physics Chemistry Biology/Maths Total,60 (60) 60 (60) 80 (80) 200 (200),,,
BV-ABOP CET (Common Entrance Test),active,,,Medical Allied,BASLP,Maharashtra,https://bvuniversity.edu.in/,180 Minutes,As per Admit Card,Online,,,,,,,Physics Chemistry Biology/Maths Total,,,,
BV-B.Sc.NURSING CET (Common Entrance Test),active,,,Nursing,BSc,Bharati Vidyapeeth,https://bvuniversity.edu.in/,90 Minutes,As per Admit Card,Online,March,+1/-0,10+2 with PCB,2nd week of June,3rd week of June,Rs. 1500/-,Physics Chemistry Biology Aptitude for Nursing English Total,20 (20) 20 (20) 20 (20) 20 (20) 20 (20) 100 (100),,,
BV-BTECH CET (Common Entrance Test),active,,,Engineering,BTech,Bharati Vidyapeeth,https://bvuniversity.edu.in/,180 Minutes,As per Admit Card,Online,March,+1/-0,10+2 with PCM,Third week of July,First week of August,Rs. 2000/-,Physics Chemistry Mathematics Total,60 (60) 60 (60) 80 (80) 200 (200),,,
BV-LAWUG CET (Common Entrance Test),active,,,Law,"BA, LLB",Bharati Vidyapeeth,https://bvuniversity.edu.in/,,As per admit card,Online,March,+1/-0,10+2 any Stream,1st week of June,3rd week of June,Rs. 1500/-,"English Grammar, Usage & Comprehension Legal aptitude, Analytical ability & Logical Reasoning Current Legal News & GK Social Sciences with an emphasis on Indian Constitution & Political System in India Total",25 (25) 25 (25) 25 (25) 25 (25) 100 (100),,,
BV-OPI & PA (Online Personal Interview + Portfolio Assessment),active,,,Journalism & Media,BA,Bharati Vidyapeeth,https://bvuniversity.edu.in/,As per allotted slot,From 1000 Hrs. to 1730 Hrs.,Online,March,,10+2 any stream,2nd week of June,3rd week of July,Rs. 1000/-,Online Personal Interview and Portfolio Evaluation,,,,
BV-PHARM UG CET (Common Entrance Test),active,,,Pharma,BPharm,Bharati Vidyapeeth,https://bvuniversity.edu.in/,180 Minutes,As per Admit Card,Online,March,+1/-0,10+2 with PCM/B,1st week of June,2nd week of June,Rs. 1700/-,Physics Chemistry Biology/Maths Total,60 (60) 60 (60) 80 (80) 200 (200),,,
CEE-LLB (Commissioner for Entrance Examinations),active,,,Law,"BA, LLB",Kerala,https://cee-kerala.org/,,As per the admit card,Online,2nd week of July,+4/-1,10+2 any Stream,1st week of August,2nd week of August,Rs. 685/-,General English General Knowledge Arithmetic and Mental Ability Aptitude for Legal Studies Total,60 (240) 45 (180) 25 (100) 70 (280) 200 (800),,,
CET (Common Entrance Test),active,,,Medical Allied,BPT,Delhi,https://niepmd.tn.nic.in/,120 Minutes,As per admit card,Offline,,+1/-0,10+2 with PCM/B,,,Rs.800/-,General Aptitude Physics Chemistry Biology/Maths,10 (10) 30 (30) 30 (30) 30 (30) 100 (100),,,
CETUG-AAU (Common Entrance Test),active,,,Agriculture,BSc,Assam,http://www.aau.ac.in/,120 Minutes,Based on admit Card,Computer Based,Mid June,+0.50/-0.25,10+2 with Science,2nd week of July,3rd week of September,Rs. 800/-,Botany Chemistry Zoology Physics Total,200(100),Candidates should belong to the state of Assam with other reservations.,,
CETUG-AAU (Common Entrance Test),active,,,Agriculture; Veterinary Science,BVSc,Assam,http://www.aau.ac.in/,120 Minutes,Based on admit Card,Online,3rd week of June,+1/-0.25,10+2 with PCB,2nd week of July,3rd week of September,Rs. 800/-,Biology Chemistry Physics Total,60 (60) 45 (45) 45 (45) 150 (150),Candidates should belong to the state of Assam with other reservations.,,
CG-PAT (Pre Agriculture Test),active,,,Agriculture,BSc,Chhattisgarh,https://cgkv.ac.in/,180 Minutes,Based on admit card,Offline,Last week of May,+1/-0,10+2 in Science,Mid June,1st week of July,Rs. 200/-,Physics Chemistry Maths/Biology/Agriculture Total,50 (50) 50 (50) 50 (50) 150 (150),,,
CG-PAT (Pre Agriculture Test),active,,,Agriculture; Veterinary Science,BFSc,Chhattisgarh,https://cgkv.ac.in/,180 Minutes,Based on admit card,Offline,Last week of May,+1/-0,10+2 with PCB,Mid June,1st week of July,Rs. 300/-,Physics Chemistry Biology Total,50 (50) 50 (50) 50 (50) 150 (150),,,
CG-PET (Pre Engineering Test),active,,,Agriculture,BTech,Chhattisgarh,https://vyapam.cgstate.gov.in/,180 Minutes,Based on admit card,Offline,3rd week of May,+1/-0,10+2 with PCM,1st week of June,Last week of June,Rs. 200/-,Physics Chemistry Maths Total,50 (50) 50 (50) 50 (50) 150 (150),,,
CG-PET (Pre Engineering Test),active,,,Engineering,BTech,Chhattisgarh,https://cgkv.ac.in/,180 Minutes,Based on admit card,Offline,3rd week of May,+1/-0,10+2 with PCM,2nd week of June,Last week of June,Rs. 200/-,Physics Chemistry Maths Total,50 (50) 50 (50) 50 (50) 150 (150),,,
CMI-EE (CMI Entrance Exam),active,,,Science,BSc,Chennai Mathematical Institute,https://www.cmi.ac.in/,210 Minutes,1000 - 1300 Hrs.,Offline,1st week of March,Differential,10+2 with Mathematics and English.,2nd week of April,1st week of May,Rs. 750/-,Maths (10+2 level) Part A Part B Total,10 (40) 6 (80) 16 (120),,,
"COMEDK UGET (Consortium of Medical, Engineering and Dental Colleges of Karnataka Undergraduate Entrance Test)",active,,,Architecture,BArch,Karnataka,https://www.comedk.org/,180 Minutes,As per admit card,Pen & Paper Based,1st week of February,,"10+2 with PCM, min. 45% aggregate (40% for reserved categories); valid NATA score required",2nd week of April,3rd week of April,Rs. 1000/-,Drawing Aptitude Test (as per NATA/CoA norms),,Admission to private architecture colleges in Karnataka via valid NATA score; counselling based on COMEDK rank.,,
"COMEDK UGET (Consortium of Medical, Engineering and Dental Colleges of Karnataka Undergraduate Entrance Test)",active,,,Engineering,BE,Karnataka,https://www.comedk.org/,180 Minutes,As per admit card,Computer Based,1st week of February,+1/-0,"10+2 with PCM, min. 45% aggregate (40% for reserved categories)",2nd week of April,3rd week of April,Rs. 1000/-,Physics Chemistry Mathematics Total,60 (60) 60 (60) 60 (60) 180 (180),Admission to private engineering colleges in Karnataka; counselling based on COMEDK rank.,,
"COMEDK UGET (Consortium of Medical, Engineering and Dental Colleges of Karnataka Undergraduate Entrance Test)",active,,,Pharma,BPharm,Karnataka,https://www.comedk.org/,180 Minutes,As per admit card,Computer Based,1st week of February,+1/-0,"10+2 with PCM/PCB, min. 45% aggregate (40% for reserved categories)",2nd week of April,3rd week of April,Rs. 1000/-,Physics Chemistry Mathematics/Biology Total,60 (60) 60 (60) 60 (60) 180 (180),Admission to private pharmacy colleges in Karnataka; counselling based on COMEDK rank.,,
CUET (Christ University Entrance Test),active,,,Arts,BA,Christ University,https://christuniversity.in/,90 Minutes,As per the Admit Card,Online,3rd week of January,+1/-0.25,10+2 any Stream,Multiple cycles from February to June,Multiple cycles from February to June,Rs. 5000/-,English General Knowledge Current Affairs Reasoning Subject Related Total,40 (40) 20 (20) 10 (10) 20 (20) 30 (30) 120 (120),Micro Presentation and Personal Interview to follow after test. Academic performance to be taken in consideration.,,
CUET (Christ University Entrance Test),active,,,Business,"BMS, BBA",Christ University,https://christuniversity.in/,90 Minutes,As per Admit Card,Online,3rd week of January 21,+1/-0.25,10+2 any Stream,Multiple cycles from February to June,Multiple cycles from February to June,Rs. 5000/-,English General Knowledge Fundamental Accounting Reasoning Mathematics Data Analysis & Interpretation Total,25 (25) 20 (20) 10 (10) 25 (25) 20 (20) 20 (20) 120 (120),Micro Presentation and Personal Interview to follow after test. Academic performance to be taken in consideration.,,
CUET (Christ University Entrance Test),active,,,Business,BBA,Christ University,https://christuniversity.in/,90 Minutes,As per Admit Card,Online,3rd week of January,+1/-0.25,10+2 any Stream,Multiple cycles from February to June,Multiple cycles from February to June,Rs. 5000/-,English General Knowledge Fundamental Accounting Reasoning Mathematics Data Analysis & Interpretation Quantitative Aptitude Pattern Recognition Design Thinking & Problem Solving Total,25 (25) 20 (20) 10 (10) 13 (13) 10 (10) 10 (10) 10 (10) 12 (12) 10 (10) 120 (120),Micro Presentation and Personal Interview to follow after test. Academic performance to be taken in consideration.,,
CUET (Christ University Entrance Test),active,,,Commerce,BCom,Christ University,https://christuniversity.in/,90 Minutes,As per the Admit Card,Online,4th week of January,+1/-0.25,10+2 any stream,Multiple cycles from February to June,Multiple cycles from February to June,Rs. 5000/-,English General Knowledge Reasoning Fundamental Accounting Mathematics Data Analysis & Interpretation Total,20 (20) 20 (20) 20 (20) 20 (20) 20 (20) 20 (20) 120 (120),Academic performance & Personal Interview conducted after the test.,,
CUET (Christ University Entrance Test),active,,,Computer Science,BSc,Christ University,https://christuniversity.in/,90 Minutes,As per the Admit Card,Online,3rd week of January,+1/-0.25,10+2 any stream For BCA. 10+2 with Maths/Stats for B.Sc.,Multiple cycles from February to June,Multiple cycles from February to June,Rs. 5000/-,English General Knowledge Current Affairs Reasoning Mathematics Data Analysis & Interpretation Economics/ Computer Science Total,20 (20) 15 (15) 10 (10) 20 (20) 15 (15) 15 (15) 25 (25) 120 (120),Micro Presentation & Personal Interview along with Academic performance assessment to be followed after the test in next 2-3 days.,,
CUET (Christ University Entrance Test),active,,,Economics,BSc,Christ University,https://christuniversity.in/,90 Minutes,As per the Admit Card,Online,3rd week of January,+1/-0.25,Eco/Maths/Stats at +2 level,Multiple cycles from February to June,Multiple cycles from February to June,Rs. 5000/-,English General Knowledge Current Affairs Reasoning Mathematics Data Analysis & Interpretation Economics/ Computer Science Total,20 (20) 15 (15) 10 (10) 20 (20) 15 (15) 15 (15) 25 (25) 120 (120),Micro Presentation & Personal Interview along with Academic performance assessment to be followed after the test in next 2-3 days.,,
CUET (Christ University Entrance Test),active,,,Engineering,BTech,Christ University,https://christuniversity.in/,90 Minutes,As per the Admit Card,Online,3rd week of January,+1/-0.25,10+2 with PCM,Multiple cycles from February to June,Multiple cycles from February to June,Rs. 5000/-,English GK Reasoning Data Analysis & Interpretation Mathematics Physics Chemistry Total,15 (15) 15 (15) 20 (20) 15 (15) 25 (25) 15 (15) 15 (15) 120(120),Academic performance & Personal Interview conducted after the test.,,
CUET (Christ University Entrance Test),active,,,Hotel Management,BHM,Christ University,https://christuniversity.in/,90 Minutes,As per the Admit Card,Online,4th week of January,+1/-0.25,10+2 any stream,Multiple cycles from February to June,Multiple cycles from February to June,Rs. 5000/-,English General Knowledge Reasoning Fundamental Accounting Mathematics Data Analysis & Interpretation Total,20 (20) 20 (20) 20 (20) 20 (20) 20 (20) 20 (20) 120 (120),Academic performance & Personal Interview conducted after the test.,,
CUET (Christ University Entrance Test),active,,,Journalism & Media,BA,Christ University,https://christuniversity.in/,90 Minutes,As per the Admit Card,Online,3rd week of January,+1/-0.25,10+2 any Stream,Multiple cycles from February to June,Multiple cycles from February to June,Rs. 5000/-,English General Knowledge Current Affairs Reasoning Subject Related Total,40 (40) 20 (20) 10 (10) 20 (20) 30 (30) 120 (120),Micro Presentation and Personal Interview to follow after test. Academic performance to be taken in consideration.,,
CUET (Christ University Entrance Test),active,,,Law,"BA, LLB",Christ University,https://christuniversity.in/,90 Minutes,As per the Admit Card,Online,3rd week of January,+1/-0.25,10+2 any stream,Multiple cycles from February to June,Multiple cycles from February to June,Rs. 5000/-,English General Knowledge Current Affairs Reasoning Data Analysis & Interpretation Total,30 (30) 30 (30) 15 (15) 25 (25) 20 (20) 120 (120),Academic performance & Personal Interview conducted after the test.,,
CUET (Christ University Entrance Test),active,,,Performing Arts,BA,Christ University,https://christuniversity.in/,,As per Admit Card,Online,3rd week of January,,10+2 any stream,Multiple cycles from February to June,Multiple cycles from February to June,Rs. 5000/-,Audition Video,,Academic performance & Personal Interview conducted after the test.,,
CUET (Christ University Entrance Test),active,,,Psychology,BSc,Christ University,https://christuniversity.in/,90 Minutes,As per Admit Card,Online,,,,,,,English General Knowledge Current Affairs Reasoning Psychology Total,30 (30) 30 (30) 10 (10) 20 (20) 30 (30) 120 (120),,,
CUET (UG) (Common University Entrance Test),active,,,Agriculture,BSc,All India,https://cuet.samarth.ac.in/,Based on admit card,Based on admit card,Online,2nd week of February,+5/-1,Eligibility and test syllabus may vary for same course from University to University.,Last week of March,3rd week of May and June,Rs. 650 onward/-,Section IA: Choose any 1 of 13 Languages Section IB: Choose any 1 of 20 Languages other than IA Section II: Choose Maximum 6 of 27 Domain Specific Subjects as desired for particular course by applicable University Section III: General Aptitude Test,Section-I 40/50 (200) Section-II 40/50 (200) Section-III 60/75 (300),Any 1 or all 5 Domains can be opted for Section 2.,,
CUET (UG) (Common University Entrance Test),active,,,Arts,BA,All India,https://cuet.samarth.ac.in/,Slot-1 195 Min. Slot-2 225 Min.,900-1215 Hrs. & 1500-1845 Hrs. Timing: Based on Admit Card,Online,2nd week of February,+5/-1,Check Individual University Website,2nd week of April,Spread Across in May & June,Rs. 650/- to 1750/- (3 to 10 Subjects),Section IA: Choose any 1 of 13 Languages Section IB: Choose any 1 of 20 Languages other than IA Section II: Choose Maximum 6 of 27 Domain Specific Subjects as desired for particular course by applicable University Section III: General Aptitude Test,Section-I 40/50 (200) Section-II 40/50 (200) Section-III 60/75 (300),,,
CUET (UG) (Common University Entrance Test),active,,,Business,BBA,All India,https://cuet.samarth.ac.in/,Slot-1 195 Min. Slot-2 225 Min.,900-1215 Hrs. & 1500-1845 Hrs.,Online,2nd week of Feb,+5/-1,Check Individual University Website,2nd week of April,Spread across in May & June,Rs. 650/- to 1750/- (3 to 10 Subjects),Section IA: Choose any 1 of 13 Languages Section IB: Choose any 1 of 20 Languages other than IA Section II: Choose Maximum 6 of 27 Domain Specific Subjects as desired for particular course by applicable University Section III: General Aptitude Test,Section-I 40/50 (200) Section-II 40/50 (200) Section-III 60/75 (300),,,
CUET (UG) (Common University Entrance Test),active,,,Commerce,BCom,All India,https://cuet.samarth.ac.in/,Slot-1 195 Min. Slot-2 225 Min.,900-1215 Hrs. & 1500-1845 Hrs.,Online,2nd week of February,+5/-1,Check Individual University Website,2nd week of April,3rd week of May and June,Rs. 650/-,Section IA: Choose any 1 of 13 Languages Section IB: Choose any 1 of 20 Languages other than IA Section II: Choose Maximum 6 of 27 Domain Specific Subjects as desired for particular course by applicable University Section III: General Aptitude Test,Section-I 40/50 (200) Section-II 40/50 (200) Section-III 60/75 (300),,,
CUET (UG) (Common University Entrance Test),active,,,Computer Application,BCA,All India,https://cuet.samarth.ac.in/,Slot-1 195 Min. Slot-2 225 Min.,900-1215 Hrs. & 1500-1845 Hrs.,Online,2nd week of February,+5/-1,Check Individual University Website,2nd week of April,Multiple dates spread across May & June,Rs. 650/-,Section IA: Choose any 1 of 13 Languages Section IB: Choose any 1 of 20 Languages other than IA Section II: Choose Maximum 6 of 27 Domain Specific Subjects as desired for particular course by applicable University Section III: General Aptitude Test,Section-I 40/50 (200) Section-II 40/50 (200) Section-III 60/75 (300),,,
CUET (UG) (Common University Entrance Test),active,,,Economics,BA,All India,https://cuet.samarth.ac.in/,Slot-1 195 Min. Slot-2 225 Min.,900-1215 Hrs. & 1500-1845 Hrs.,Online,2nd week of February,+5/-1,Check Individual University Website,2nd week of April,Multiple dates spread across May and June,Rs. 650/-,Section IA: Choose any 1 of 13 Languages Section IB: Choose any 1 of 20 Languages other than IA Section II: Choose Maximum 6 of 27 Domain Specific Subjects as desired for particular course by applicable University Section III: General Aptitude Test,Section-I 40/50 (200) Section-II 40/50 (200) Section-III 60/75 (300),,,
CUET (UG) (Common University Entrance Test),active,,,Journalism & Media,BA,All India,https://cuet.samarth.ac.in/,Slot-1 195 Min. Slot-2 225 Min.,900-1215 Hrs. & 1500-1845 Hrs.,Online,2nd week of February,+5/-1,Check Individual University Website,2nd week of April,Multiple dates spread across May and June,Rs. 650/-,Section IA: Choose any 1 of 13 Languages Section IB: Choose any 1 of 20 Languages other than IA Section II: Choose Maximum 6 of 27 Domain Specific Subjects as desired for particular course by applicable University Section III: General Aptitude Test,Section-I 40/50 (200) Section-II 40/50 (200) Section-III 60/75 (300),,,
CUET (UG) (Common University Entrance Test),active,,,Science,BSc,All India,https://cuet.samarth.ac.in/,Slot-1 195 Min. Slot-2 225 Min.,900-1215 Hrs. & 1500-1845 Hrs.,Online,2nd week of February,+5/-1,Check Individual University Website,2nd week of April,May to June,Rs. 650/-,Section IA: Choose any 1 of 13 Languages Section IB: Choose any 1 of 20 Languages other than IA Section II: Choose Maximum 6 of 27 Domain Specific Subjects as desired for particular course by applicable University Section III: General Aptitude Test,Section-I 40/50 (200) Section-II 40/50 (200) Section-III 60/75 (300),,,
CUET (UG) (Common University Entrance Test),active,,,Yoga,BPES,All India,https://cuet.samarth.ac.in/,Slot-1 195 Min. Slot-2 225 Min.,900-1215 Hrs. & 1500-1845 Hrs.,Online,2nd week of February,+5/-1,Check Individual University Website,2nd week of April,Multiple dates spread across May and June,Rs. 650/-,Section IA: Choose any 1 of 13 Languages Section IB: Choose any 1 of 20 Languages other than IA Section II: Choose Maximum 6 of 27 Domain Specific Subjects as desired for particular course by applicable University Section III: General Aptitude Test,Section-I 40/50 (200) Section-II 40/50 (200) Section-III 60/75 (300),,,
DAT-Mains (Design Aptitude Test),active,,,Design,BDes,NID,https://www.nid.edu/,180 Minutes,As per admit card,Offline,,,,,,,Studio Test & Interview,70% (100Marks),,,
DAT-Prelims (Design Aptitude Test),active,,,Design,BDes,NID,https://www.nid.edu/,180 Minutes,As per admit card,Offline,,,,,,,Part 1 MCQ Part 2 Subjective/Creative,30% 26 (100Marks),,,
DT-MAHE (Department Test),active,,,Design,BDes,Manipal University,https://manipal.edu/,120 Minutes,As per admit card,Online,1st week of October,+4/-1,10+2 any stream,3rd week of April,Multiple dates as per application,Rs. Rs. 600/- + Rs. 1400/-,"Design Fundamentals (Design Appreciation, Understanding of Basic Design Elements, Principles of Design, Line, Form, Shape, Color, Balance, Rhythm, Proportion, Harmony, Emphasis, Gestalt perception, One Point & Two Point Perspectives)",-50,,,
DT-MAHE (Department Test),active,,,Hotel Management,BA,Manipal University,https://manipal.edu/,30 Minutes,As per Admit Card,Online,1st week of October,+1/-0,10+2 any stream,June,Multiple Dates as per application,Rs. 600+1400/-,"English Numerical Ability, Analytical Reasoning & Logical Deduction G.K. & CA Total",10 (10) 10 (10) 10 (10) 30 (30),Online Panel and Personal Interview after test.,,
DU-LLB EE (DU LLB Entrance Exam),replaced,UG-CLAT,,Law,"BA, LLB",Delhi,https://nta.ac.in/DuetExam,,As per admit card,Online,Last week of June,+4/-1,Graduation,3rd week of August,Last week of September,Rs. 750/-,English Language Comprehension Analytical Abilities Legal Awareness & Aptitude General Knowledge Total,25 (75) 25 (75) 25 (75) 25 (75) 100 (400),,,
DUET (Delhi University Entrance Test),replaced,CUET-UG,,Arts,BA,Delhi,https://nta.ac.in/duetexam,120 Minutes,800 Hrs. to 1000 Hrs.,Online,1st week of August,+4/-1,10+2 with English,Last week of August,Last week of September,Rs. 750/-,General Awareness Current Affairs General Knowledge Communication skills (English/Hindi) Logical Reasoning and Analytical Ability Total,100(400),,,
DUET (Delhi University Entrance Test),replaced,CUET-UG,,Sports and Physical Education,BSc,Delhi,https://nta.ac.in/duetexam,Based on admit card,Based on admit card,Online,1st week of August,,10+2 with English,Last week of August,Last week of September,Rs. 750/-,Written Test Physical Fitness Test Sports Proficiency Awards,50% 20% 30%,,,
DUET-UG (Delhi University Entrance Test),replaced,CUET-UG,,Business,BBA,Delhi,https://nta.ac.in/DuetExam,120 Minutes,As per admit card,Online,First week of August,+4/-1,10+2 with English & Maths.,Last week of August,Last week of September,Rs. 1500/-,Quantitative Ability Reasoning and Analytical Ability General English Business and General Awareness Total,25 (100) 25 (100) 25 (100) 25 (100) 100(400),"Weightage – ET: 65%, 12th: 35%",,
DUET-UG (Delhi University Entrance Test),replaced,CUET-UG,,Business,BA,Delhi,https://nta.ac.in/DuetExam,120 Minutes,As per admit card,Online,First week of August,+4/-1,10+2 with Maths,Last week of August,Last week of September,Rs. 1500/-,Quantitative Ability Reasoning and Analytical Ability General English Business and General Awareness Total,25 (100) 25 (100) 25 (100) 25 (100) 100(400),"Weightage – ET: 65%, 12th: 35%",,
DUET-UG (Delhi University Entrance Test),replaced,CUET-UG,,Journalism & Media,BA,Delhi,https://nta.ac.in/DuetExam,120 Minutes,As per admit card,Online,1st week of August,+4/-1,10+2,Last week of August,Last week of September,Rs. 1500/-,General Awareness Media Awareness Current Affairs English Comprehension& Grammatical Analytical Skills Total,20 (80) 20 (80) 20 (80) 20 (80) 20 (80) 100 (400),,,
Design-CET (600) (Common Entrance Test),active,,,Design,BDes,Delhi,http://www.ipu.ac.in/,150 Minutes,As per admit card,Online,3rd week of March,,10+2 any stream,Last week of Apri,Mid June,Rs. 1500/-,Analytical and logical reasoning ability Visual aptitude General awareness,,,,
EAT (Eligibility Assessment Test),active,,,Hotel Management,BHM,Maharashtra,https://www.ssca.edu.in/,As per admit card,As per admit card,Online,4th week of January,,10+2 any Stream,Last week of June,Multiple dates as per application,Rs. 1250,Test Followed by WAT & PI,,Separate Application Fee to be paid for different courses,,
FDDI AIST (FDDI All India Selection Test),active,,,Design,BBA,All India,https://www.fddiindia.com/,180 minutes,As per Admit Card,Offline,,,,,,,Sec. A: Quantitative Aptitude Sec B: Verbal Ability –Comprehension Verbal Ability –Grammar Usage Sec C: General Awareness Sec. D Business Aptitude Test Design Aptitude Test Total,25 (25) 10 (10) 30 (30) 35 (35) 25 (50) 25 (50) 150 (200),,,
FEAT (FLAME Entrance Aptitude Test),active,,,Arts,BA,"FLAME University, Pune",https://www.flame.edu.in/,120 Minutes,As per the Admit card,Online,December,+1/-0,10+2 any Stream,Multiple cycles till June,Multiple dates as per application,Rs. 2000/-,Verbal Ability Logical Reasoning Quantitative Ability GK Total,50 (50) 40 (40) 30 (30) 20 (20) 140 (140),Test Followed Essay and PI,,
GAT & CAT (General Aptitude Test& Creative Aptitude Test),active,,,Design,BDes,NIFT,https://nift.ac.in/,GAT:120 Min + CAT:120 Min,Based on admit card,Online+Offline,,,,,,,General Aptitude Test: (30%) Quantitative Ability Communication Ability English Comprehension Analytical Ability General Knowledge and Current Affairs Total Creative Aptitude Test: (50%) Situation Test: (20%),,,,
GAT (General Aptitude Test),active,,,Fashion,BFTech,NIFT,https://nift.ac.in/,180 Minutes,Based on admit card,Online,1st week of November,+1/-0.25,10+2 with PCM,Last week of December,1st week of February,Rs. 3000/-,Quantitative Ability Communication Ability & English Comprehension Analytical & Logical Ability General Knowledge and Current Affairs Case Study Total,30 (30) 45 (45) 25 (25) 25 (25) 25 (25) 150 (150),,,
GBPUAT-CEE (Common Entrance Exam),active,,,Agriculture,BSc,Uttarakhand,https://gbpuat.ac.in/,180 Minutes,Based on admit card,Offline,1st week of March,+3/-1,10+2 in Science,Last week of August,3rd week of September,Rs. 1200/-,Mental Ability Physics Chemistry Biology/Maths/Agriculture Total,30 (90) 50 (150) 50 (150) 70 (210) 200 (600),Candidates should belong to Uttarakhand with other reservations.,,
GBPUAT-CEE (Common Entrance Exam),active,,,Agriculture; Veterinary Science,BFSc,Uttarakhand,https://gbpuat.ac.in/,180 Minutes,Based on admit card,Offline,1st week of March,+3/-1,10+2 with PCB,Last week of August,3rd week of September,Rs. 1200/-,Mental Ability Physics Chemistry Biology Total,30 (90) 50 (150) 50 (150) 70 (210) 200 (600),Candidates should belong to Uttarakhand with other reservations.,,
GUJCET (Gujarat Common Entrance Test),active,,,Agriculture,BSc,Gujarat,https://www.gseb.org/,180 Minutes,1000 – 1200 Hrs 1400 – 1600 Hrs,Pen & Paper Based,1st week of January,+1/-0.25,10+2 in Science,Last week of January,1st week of April,Rs. 350/-,Physics Chemistry Mathematics/Biology Total,40 (40) 40 (40) 40 (40) 120 (120),,GUJCET,gujcet
GUJCET (Gujarat Common Entrance Test),active,,,Agriculture; Veterinary Science,BVSc,Gujarat,https://www.gseb.org/,180 Minutes,1000 – 1230 Hrs.,Pen & Paper Based,1st week of January,+1/-0.25,10+2 with PCB,Last week of January,1st week of April,Rs. 350/-,Physics Chemistry Biology Total,40 (40) 40 (40) 40 (40) 120 (120),,GUJCET,gujcet
GUJCET (Gujarat Common Entrance Test),active,,,Engineering,BE,Gujarat,https://www.gseb.org/,180 Minutes,1000 – 1200 Hrs 1400 – 1600 Hrs,Pen & Paper Based,1st week of January,+1/-0.25,10+2 with PCM,Last week of January,1st week of April,Rs. 300/-,Physics Chemistry Mathematics/Biology Total,40 (40) 40 (40) 40 (40) 120 (120),,GUJCET,gujcet
GUJCET (Gujarat Common Entrance Test),active,,,Pharma,BPharm,Gujarat,https://www.gseb.org/,180 Minutes,1000 – 1200 Hrs 1400 – 1600 Hrs,Pen & Paper Based,1st week of January,+1/-0.25,10+2 with PCM,Last week of January,1st week of April,Rs. 300/-,Physics Chemistry Mathematics/Biology Total,40 (40) 40 (40) 40 (40) 120 (120),,GUJCET,gujcet
GUJCET (Gujarat Common Entrance Test),active,,,Planning,BE,Gujarat,https://www.gseb.org/,180 Minutes,1000 – 1200 Hrs 1400 – 1600 Hrs,Pen & Paper Based,1st week of January,+1/-0.25,10+2 with PCM,Last week of January,1st week of April,Rs. 300/-,Physics Chemistry Mathematics Total,40 (40) 40 (40) 40 (40) 120 (120),,GUJCET,gujcet
HAU-AAT (Haryana Agriculture University Agriculture Aptitude Test),active,,,Agriculture,BSc,Haryana,http://www.hau.ac.in/,150 Minutes,1030 -1300 Hrs.,Pen & Paper Based,1st week of June,+1/-0,10th Pass with 60% Marks,1st week of July,3rd week of July,Rs. 1500/-,Gen. Aptitude in Agricultural Sc. General Science Total,60 (60) 40 (40) 100 (100),,,
HAU-ET (Haryana Agriculture University Agriculture Entrance Test),active,,,Agriculture,BSc,Haryana,http://www.hau.ac.in/,150 Minutes,1030 -1300 Hrs.,Pen & Paper Based,1st week of June,+1/-0 for PC and +0.25/-0 for M/B/A,10+2 in Science,1st week of July,Mid July,Rs. 1500/-,Physics Chemistry Maths/Biology/Agriculture Total,50 (25) 50 (25) 100 (50) 200 (100),,,
HAU-ET (Haryana Agriculture University Agriculture Entrance Test),active,,,Agriculture; Veterinary Science,BFSc,Haryana,http://www.hau.ac.in/,150 Minutes,1030 -1300 Hrs.,Pen & Paper Based,1st week of June,+1/-0 for PC and +0.25/-0 for B/A,"10+2 with Physics, Chemistry, Biology/Agriculture",1st week of July,4th week of July,Rs. 1500/-,Physics Chemistry Biology/Agriculture Total,50 (25) 50 (25) 100 (50) 200 (100),,,
HAU-ET (Haryana Agriculture University Community Sc. Entrance Test),active,,,Agriculture,BSc,Haryana,http://www.hau.ac.in/,120 Minutes,1030 -1230 Hrs.,Pen & Paper Based,1st week of June,+1/-0,10+2 in Science/Home Science,1st week of July,3rd week of July,Rs. 1500/-,Gen. Aptitude in Community Sc. General Science Total,40 (40) 60 (60) 100 (100),,,
HSEE (IIT-Madras) (Humanities & Social Sciences Entrance Exam),discontinued,,,Arts,BA,IIT Madras,https://hsee.iitm.ac.in/,150 + 30 Minutes,900-1200 Hrs.,Online (Pen & Paper can be opted for Part B),2nd Week of Dec,+1/-0.25,10+2 any Stream,4th Week of Jan,3rd Week of April,Rs. 2400/-,"Part A • English& Comprehension Skill • Analytical & Quantitative Ability • General Studies: Indian Economy, Indian Society & Culture, World Affairs, Environment & Ecology Part B • Essay Writing (300 words) Total",25% (36) 25% (36) 50% (72) (30) (174),Part B shall be Essay Writing.,,
IAT (IISER Aptitude Test),active,,,Science,BSc,All India,https://www.iiseradmission.in/,180 Minutes,Based on admit card,Online,2nd week of April,+4 & -1,Aggregate 60% in Maths and science in in 12th grade,4th week of May,3rd week of June,Rs. 2000/-,Maths Physics Chemistry Biology Total,15 (60) 15 (60) 15 (60) 15 (60) 60 (240),,,
ICAR-AIEEA UG (All India Entrance Examination for Admission),replaced,CUET-UG,,Agriculture,BSc,All India,https://icar.nta.ac.in/,150 Minutes,As per admit card,Computer Based,Last week of July,+4/-1,"10+2 with PCM/MB for B.Tech. Agricultural Engineering, Dairy Technology, Food Technology & Bio- Technology. 10+2 with PCB/MB/M/Inter- Agriculture for B.Sc. Agriculture and Horticulture. 10+2 with PCB/MB/ Inter-Agriculture for B.Sc. Forestry. 10+2 with PCB/MB/M for B.Sc. Community Science, Food Nutrition and Dietetics, Sericulture & B.Tech. Biotechnology.",3rd week of August,2nd and 3rd week of September,Rs. 770/-,Section Combinations: Physics/Chemistry/Biology Physics/Chemistry/ Agriculture Agriculture/Biology/ Chemistry Physics/Chemistry/Maths Candidates must ensure that they fulfill eligibility criteria for choosing the subject combination and attempt test only for the selected Combination in the form.,Each section will be designed to ask 50 questions. 150 (600),"15% seats in Bachelor Degrees in Agriculture and Allied Sciences at Agricultural Universities (100% seats at NDRI Karnal, RLBCAU Jhansi & Dr. RPCAU Pusa).",,
IDSS–OEE (Online Entrance Exam),active,,,Arts,BA,Pune University,http://www.unipune.ac.in/,120 Minutes,Based on Admit Card,Online,2nd week of May,,10+2 any Stream,2nd week of June,4th week of June,,"Section A: Logic, Comprehension, Numerical Ability, English Grammar, Vocabulary & General Aptitude Section B: Literature & Art, Social Sciences, Math, Science and Technology, Environment, Health, Agriculture, Media, Current Affairs Total",20 (20) 80 (80) 100 (100),,,
IDSS–OEE (Online Entrance Exam),active,,,Science,BSc,Pune University,http://www.unipune.ac.in/,120 Minutes,Based on Admit Card,Online,2nd week of May,,10+2 with PCM/B,2nd week of June,Last week of June,,"Section A: Logic, Comprehension, Numerical Ability, English Grammar, Vocabulary & General Aptitude Section B: Physics, Chemistry, Biology/Maths Total",20 (20) 80 (80) 100 (100),,,
IHM-A,active,,,Hotel Management,BHM,Maharashtra,https://ihmaurangabad.ac.in/,,,,1st week of January,,10+2 any stream,1st week of April,Multiple Dates in April & May,Rs. 1500/-,Profiling Assessment Statement of Purpose Group Discussion Personal Interview,20% 10% 20% 50%,Your electronic profiling assessment will be sent to your registered email address.,,
IICD ET (IICD Entrance Test),active,,,Design,BDes,"International Institute of Craft & Design, Jaipur",http://www.iicd.ac.in/,120+120 minutes (Part A & B(a)),Part A: 1000-1200 Hrs. Part B (a): 1300-1500 Hrs.,Online,3rd week of October,,10+2 any Stream,: 3rd week of January,2nd week of February,Rs. 1750/-,"Part A: General Awareness, Creativity & Perception Test Part B (a): Material, Color & Conceptual Test Part B (b): Personal Interview",35% 45% 20%,,,
IMAT (Indian Medical Aptitude Test),active,,,Medical Allied,BPT,All India,https://www.ihsindia.org/,90 Minutes,As per Admit Card,Online,March,,"10+2 with Physics, Chemistry & Biology.",June,July,Rs.2000/-,English Physics Chemistry Biology Total,-90,,,
IMAT (Indian Medical Aptitude Test),active,,,Medical Allied,BASLP,All India,https://www.ihsindia.org/,90 Minutes,As per Admit Card,Computer Based,,,,,,,English Physics Chemistry Biology Total,,,,
IPL-AT (Rohtak) (Integrated Program in Law Aptitude Test),active,,,Law,"BA, LLB",IIM Rohtak,https://www.iimrohtak.ac.in/,140 Minutes,900-1120 Hrs.,Online,1st week of February,+4/-1,10+2 any Stream,2nd week of April,3rd week of May,Rs. 4175/-,Quantitative ability Logical Reasoning Verbal ability Legal Reasoning Total,40 (160) 40 (160) 40 (160) 20 (60) 140 (500),"Personal Interview to be conducted later. Weightage: IPMAT – 45%, PI – 15%, Past Academics",,
IPM-AT (Indore & Ranchi) (Integrated Program in Management Aptitude Test),active,,,Business,"BMS, MBA",IIM Indore / IIM Ranchi,https://www.iimidr.ac.in/,120 Minutes,1400-1600 hrs,Online,2nd week of March,+4/-1 for MCQs,10+2 any Stream,Mid April,Mid June,Rs. 4130/-,Quantitative Ability(MCQs) Quantitative Ability (Short answer questions) Verbal Ability (MCQs) Total,20(80) 10(40) 30(120) 60 (240),There would be a cutoff for every section. Test Followed by Personal Assessment.,,
IPM-AT (Rohtak) (Integrated Program in Management Aptitude Test),active,,,Business,"BMS, MBA",IIM Rohtak,https://www.iimrohtak.ac.in/,120 Minutes,900-1100 Hrs.,Online,1st week of Feb,+4/-1,10+2 any Stream,2nd week of April,4th week of May,Rs. 4175/-,Quantitative ability Logical Reasoning Verbal ability Total,40 (160) 40 (160) 40 (160) 120 (480),"Personal Interview to be conducted later. Weightage: IPMAT – 45%, PI – 15%, Past Academics",,
ISDI Challenge,active,,,Design,BDes,"ISDI, Mumbai",https://www.isdi.in/,"Step B- 60 min, Step C- 25 min",Based on admit card,Online,Mid September,,10+2 any stream,Multiple Cycles,As per the Application till June,Rs. 3500/-,Step A Upload Portfolio or Complete a Design Project Step B (Design Aptitude Test) General Awareness Logical Reasoning Analytical Thinking Storytelling Step C (Personal Interview),40% (100) 30% (100) 15 (30) 15 (30) 10 (20) 1 (20) 30% (100),,,
ISI-AT (ISI Admission Test),active,,,Science,BSc,Indian Statistical Institute,https://www.isical.ac.in/,120 Minutes,As per admit card,Offline,2nd week of March,Differential,10+2 with Mathematics and English. Application Fee: Rs. 1500/-,2nd week of April,Mid May,,Maths (10+2 level) Multiple Choice Questions Short-Answer Questions,,,,
JCAT (Jindal Creative Aptitude Test),active,,,Arts,BDes,Jindal Global School,https://jgu.edu.in/,Part A: 120 Min,As per the admit card,Online,2nd week of January,Section 1: +1/-0 Section 2 & 4: +2/-0 Section 3: +2.5/-0,10+2 any stream,Last week of May,Multiple dates in June,Rs. 3000/-,Part A Section 1 – Verbal & Quantitative Section 2 – Visual Reasoning Section 3 – Making & Materiality Section 4 – Verbal Ability English Section 5 – Essay Part B Portfolio and Interview Total,26 (26) 14 (28) 4 (10) 13 (26) 1 (10) 58 (100),"To get call for interview & portfolio, you must score 50% marks in JCAT Part A.",,
JCECE - Nursing (Combined Entrance Competitive Exam),active,,,Nursing,BSc,Jharkhand,https://jceceb.jharkhand.gov.in/,150 Minutes,As per admit card,Offline,,+1/-0.25,10+2 with PCB,,,Rs.900/-,Physics Chemistry Biology Total,50 (50) 50 (50) 50 (50) 150 (150),,,
JCECE Agriculture & Allied (Jharkhand Combined Entrance Competitive Examination),active,,,Agriculture,BSc,Jharkhand,https://jceceb.jharkhand.gov.in/,180 to 240 Minutes,Based on admit card.,Offline,Last week of May,+1/-0.25,10+2 in science,3rd week of June,1st week of July,Rs. 1000/-,Physics Chemistry Maths and/or Biology Total,50 (50) 50 (50) 50 (50)* 150 (150),Candidates should belong to Jharkhand with other reservations. Candidate may opt to appear for Math and Biology both. In that case the Total marks of test would be 200(200).,,
JCECE Agriculture & Allied (Jharkhand Combined Entrance Competitive Examination),active,,,Agriculture; Veterinary Science,BVSc,Jharkhand,https://jceceb.jharkhand.gov.in/,180 to 240 Minutes,Based on admit card.,Offline,Last week of May,+1/-0.25,10+2 in science,3rd week of June,1st week of July 7,Rs. 1000/-,Physics Chemistry Maths and/or Biology Total,50 (50) 50 (50) 50 (50)* 150 (150),Candidates should belong to Jharkhand with other reservations. Candidate may opt to appear for Math and Biology both. In that case the Total marks of test would be 200(200).,,
JEE Advanced (Joint Entrance Examination),active,,,Engineering,BTech,All India,https://www.jeeadv.ac.in/,180 + 180 Minutes,900-1200 & 1400-1700 Hrs.,Online,Last week of April,Variable Negative,"Candidates should be among the top 2,50,000 (including all categories) in B.E./B.Tech. paper of JEE (Main) 2023.",1st week of May,1st week of June,Rs. 2900/-,"Maths Physics Chemistry Paper-1 (Same pattern for All 3 Subjects Section I = Physics, Section II = Chemistry, Section III = Maths, Each section has 3 Parts) Part I, Part II, Part III Paper-2 (Same Pattern as Paper-I) Gross Total","18 (60) 18 (60) 18 (60) 6(24), 8(24), 4(12) 18 (60x3=180) 108 (60)",,JoSAA,josaa
JEE Advanced (Joint Entrance Examination),active,,,Science,BSc,All India,https://www.jeeadv.ac.in/,180 + 180 Minutes,900-1200 & 1400-1700 Hrs.,Online,Last week of April,Variable Negative,"Candidates should be among the top 2,50,000 (including all categories) in B.E./B.Tech. paper of JEE (Main) 2023.",2nd week of May,1st week of June,Rs. 2900/-,"Maths Physics Chemistry Paper-1 (Same pattern for All 3 Subjects Section I = Physics, Section II = Chemistry, Section III = Maths, Each section has 3 Parts) Part I, Part II, Part III Paper-2 (Same Pattern as Paper-I) Gross Total","18 (60) 18 (60) 18 (60) 6(24), 8(24), 4(12) 18 (60x3=180) 108 (60)",,JoSAA,josaa
JEE Main- Paper 1 (Joint Entrance Examination),active,,,Agriculture,BTech,All India,https://jeemain.nta.nic.in/,180 Minutes 2 Shifts on each day,900 - 1200 Hrs. or 1500 -1800 Hrs.,Online,Mid Decembervand Feb,+4 /-1,Physics and Mathematics as compulsory subjects along with one of the Chemistry/ Biotechnology/Biology/ Technical Vocational subject.,2nd week of January and March,Multiple dates in Jan and April,,Maths Physics Chemistry Total *20 questions will be MCQs and 5 out of 10 questions will have answers to be filled as numerical value.,20+5 (100) 20+5 (100) 20+5 (100) 90 (300),,JoSAA,josaa
JEE Main- Paper 1 (Joint Entrance Examination),active,,,Engineering,BE,All India,https://jeemain.nta.nic.in/,180 Minutes 2 Slots on each day,900 – 1200 Hrs. or 1500 -1800 Hrs.,Online,Mid December and February,+4 /-1,10+2 with PCM,2nd week of January and March,Multiple dates in January and April,Rs. 1000/-,Maths Physics Chemistry Total *20 questions will be MCQs and 5 out of 10 questions will have answer to be filled as numerical value.,20+5* (100) 20+5* (100) 20+5* (100) 75 (300),,JoSAA,josaa
JEE Main- Paper 1 (Joint Entrance Examination),active,,,Science,BSc,All India,https://jeemain.nta.nic.in/,180 Minutes 2 Slots on each day,900 - 1200 Hrs. or 1500 -1800 Hrs.,Online,Mid December and February,+4 /-1,Physics and Mathematics as compulsory subjects along with one of the Chemistry/ Biotechnology/Biology/ Technical Vocational subject.,2nd week of January and March,Multiple dates in January and April,Rs. 1000/-,Maths Physics Chemistry Total *20 questions will be MCQs and 5 out of 10 questions will have answer to be filled as numerical value.,20+5* (100) 20+5* (100) 20+5* (100) 75 (300),,JoSAA,josaa
JEE Main- Paper 2A (Joint Entrance Examination B.Arch.),active,,,Architecture,BA,All India,https://jeemain.nta.nic.in/,180 Minutes 2 Shifts on each day,900 - 1200 Hrs. or 1500 -1800 Hrs.,Part-I and II: Online Part-III: Offline,3rd week of December/ 1st week of February,+4 /-1,"10+2 with Physics, Mathematics and Chemistry",2nd week of January/ 1st week of March (Candidate can apply for one or more attempts and pay fee accordingly),Last week of January/ 2nd week of April,,"Maths (Part-1) Aptitude Test (Part-2) Drawing Test (Part-3) Total *For Part-I, 20 questions will be MCQs and 5 questions will have answers to be filled as a numerical.",20+5(100) 50 (200) 2 (100) 77 (400),,,
JEE Main- Paper 2B (Joint Entrance Examination),active,,,Engineering,BPlan,All India,https://www.jeeadv.ac.in/,180 Minutes 2 Shifts on each day,900 - 1200 Hrs. or 1500 -1800 Hrs.,Online,Mid December/ 1st week of February,+4 /-1,10+2 with PCM.,2nd week of January and March (Candidate can apply for one or more attempts and pay fee accordingly),Last week of January/ 2nd week of April,,"Maths (Part-1) Aptitude Test (Part-2) Planning Based MCQs (Part-3) Total *For Part-1, 20 questions will be MCQs and 5 questions will have answers to be filled in numerical.",20+5 (100) 50 (200) 25 (100) 100 (400),,,
JET-DE (Jain Entrance Test-Design Exam),active,,,Design,BDes,Jain University,https://www.jainuniversity.ac.in/,120 Minutes,Based on admit card,Online,1st week of November,,10+2 any Stream,Multiple Phases till July.,As per application.,Rs. 550/-,General Knowledge Basic Mathematics Basic Sciences Logical Perception Scenario Visualization (Drawing Based) Total,10 (10) 10 (10) 10 (10) 10 (40) 2 (30) 42 (100),Portfolio and Interview to follow.,,
JIPMAT (Joint Integrated Program in Management Admission Test),active,,,Business,"BMS, MBA",All India,https://jipmat.nta.ac.in/,150 Minutes,1500 – 1730 Hrs.,Online,1st week of April,+4/-1,10+2 any Stream,Last week of April,Last week of May,Rs. 2000/-,Quantitative Aptitude Data Interpretation and Logical Reasoning Verbal Ability & Reading Comprehension Total,33 (132) 33 (132) 34 (136) 100 (400),Applying to JIPMAT implies applying to IPM of both the IIMs (Bodh Gaya and Jammu).,,
JIPMER-EE (JIPMER Entrance Exam),replaced,NEET-UG,,Medical Allied,BSc,Puducherry,https://www.jipmer.edu.in/,90 Minutes,1000-1130 Hrs.,Computer Based,,+1/-0,10+2 with PCM,3rd week of May Exam Date : 3rd week of June,,Rs. 1500/-,Physics Chemistry Biology English Language & Comprehension Reasoning Total,20 (20) 20 (20) 40 (40) 10 (10) 10 (10) 100 (100),,,
JMI-ET (JMI Entrance Test),active,,,Arts,BA,Delhi,https://www.jmi.ac.in/,90 Minutes,As per admit card,Online,1st week of March,+1/-0.25 for Part A,10+2 with English,1st week of April,Last week of April,Rs. 700/-,"Part A – MCQs on Authors, books, current literary scenes in India and abroad Part B – Comprehension Grammar and Vocabulary Essay Total",40 (40) (20) (10) (30) (100),Interview followed by the test.,,
JMI-ET (JMI Entrance Test),active,,,Arts,BA,Delhi,https://www.jmi.ac.in/,90 Minutes,As per admit card,Online,1st week of March,+1/-0.25,10+2 with English,1st week of April,End of April and 1st week of May,Rs. 700/-,English General Awareness Reasoning Social Awareness Total,20 (20) 40 (40) 20 (20) 20 (20) 100 (100),Interview followed by the test.,,
JMI-ET (JMI Entrance Test),replaced,CUET-UG,,Arts,BA,Delhi,https://www.jmi.ac.in/,90 Minutes,As per admit card,Online,3rd week of May,+1/-0.25,10+2 with English,Last week of June,2nd week of August,Rs. 550/-,Indian History World History Current Affair General Knowledge General Science Social Science (Other than history) Total,50 (50) 10 (10) 10 (10) 10 (10) 10 (10) 10 (10) 100 (100),Interview followed by the test.,,
JMI-ET (JMI Entrance Test),replaced,CUET-UG,,Economics,BA,Delhi,https://www.jmi.ac.in/,90 Minutes,As per admit card,Online,3rd week of May,+1/-0.25,10+2 with English,Last week of June,2nd week of August,Rs. 550/-,Language Skills General Awareness Reasoning Numeric Ability Total,20 (20) 40 (40) 20 (20) 20 (20) 100 (100),Interview followed by the test.,,
JMI-ET (JMI Entrance Test),active,,,Journalism & Media,BA,Delhi,https://www.jmi.ac.in/,90 Minutes,As per admit card,Pen & Paper Based,1st week of March,+1/-0.25 for Part A,10+2 any stream,1st week of April,Last week of April,Rs. 550/-,"Part A – MCQs on GK, Current Affairs and Contemporary National & International Events. Part B – Descriptive Questions based on GK, Current Affairs, Literature and Culture, General Awareness of Media Hindi Newspapers and Magazines, Radio, TV Programs, Film & Ads. Total",40 (40) 8 (60) 5*(6)&3*(10) 48 (100),Interview followed by the test.,,
JMI-ET (JMI Entrance Test),active,,,Arts,BFA,Delhi,https://www.jmi.ac.in/,180 Minutes,As per admit card,Offline,1st week of March,+1/-0.25 for MCQs,10+2 any stream,1st week of April,Third week of May,Rs. 700/-,Paper 1 (MCQs) Aptitude Test & GK Paper 2 (Practical) Composition (Painting) Paper 3 (Practical) Life Drawing from Model (Pencil) Total,40 (40) (30) (30) 100 (100),,,
JMI-ET (JMI Entrance Test),active,,,Arts,BFA,Delhi,https://www.jmi.ac.in/,180 Minutes,As per admit card,Offline,1st week of March,+1/-0.25 for MCQs,10+2 any stream,1st week of April,Third week of May,Rs. 700/-,"Paper 1 (MCQs) Aptitude Test, GK from Sculpture, CA) Paper 2 (Practical) Life Drawing from Model (Pencil) Paper 3 (Practical) Work in Clay Total",40 (40) (20) (40) 100 (100),,,
JMI-ET (JMI Entrance Test),active,,,Business,BMS,Delhi,https://www.jmi.ac.in/,90 Minutes,Based on admit card,Offline,1st week of March,+1/-0.25,10+2 any stream,1st week of April,Last week of April,Rs. 700/-,Language Skills General Awareness Reasoning Ability Numerical Ability Total,20 (20) 40 (40) 20 (20) 20 (20) 100 (100),,,
JMI-ET (JMI Entrance Test),active,,,Commerce,BCom,Delhi,https://www.jmi.ac.in/,90 Minutes,Based on admit card,Online,1st week of March,+1/-0.25,10+2 any stream,1st week of April,Last week of April,Rs. 700/-,Language Skills General Awareness Reasoning Ability Numerical Ability Total,20 (20) 40 (40) 20 (20) 20 (20) 100 (100),,,
JMI-ET (JMI Entrance Test),active,,,Law,"BA, LLB",Delhi,https://www.jmi.ac.in/,,As per admit card,Online,1st week of March,+1/-0.25,10+2 any stream Application Fees: Rs. 700/-,1st week of April,1st week of May,,Legal language English including Comprehension Current Affairs Legal Aptitude/Legal Reasoning General Studies Elementary Mathematics (Numerical Ability) Total,30 (30) 30 (30) 40 (40) 40 (40) 10 (10) 150 (150),,,
JMI-ET (JMI Entrance Test),active,,,Medical Allied,BPT,Delhi,https://www.jmi.ac.in/,90 Minutes,As per admit card,Online,1st week of March,+1/-0.25,"10+2 with Physics, Chemistry & Biology",1st week of April,1st week of May,Rs. 700/-,Physics Chemistry Biology Total,100 (100),,,
JMI-ET (JMI Entrance Test),active,,,Science,BSc,Delhi,https://www.jmi.ac.in/,90 Minutes,As per admit card,Online,1st week of March,+1/-0.25,"10+2 with Physics, Chemistry & Biology/Mathematics.",1st week of April,Last week of April,Rs. 700/-,"Biological Sciences Physics, Chemistry, Maths Total",50% 50% 100 (100),,,
JMI-ET (JMI Entrance Test),active,,,Science,BSc,Delhi,https://www.jmi.ac.in/,90 Minutes,As per admit card,Online,1st week of March,+1/-0.25,"10+2 with Physics, Chemistry & Mathematics.",1st week of April,Last week of April,Rs. 700/-,Physics Chemistry Maths General Studies,100 (100),,,
JMI-ET (JMI Entrance Test),active,,,Science,BSc,Delhi,https://www.jmi.ac.in/,90 Minutes,As per admit card,Online,1st week of March,+1/-0.25,"10+2 with Physics, Chemistry & Mathematics.",1st week of April,Last week of April,Rs. 700/-,"Mathematics General Awareness, Reasoning, General English Total",75 (75) 24 (24) 100 (100),,,
JMI-ET (JMI Entrance Test),replaced,CUET-UG,,Science,BSc,Delhi,https://www.jmi.ac.in/,90 Minutes,As per admit card,Online,3rd week of May,+1/-0.25,"10+2 with Physics, Chemistry & Mathematics.",Last week of June,2nd week of August,Rs. 700/-,English and General Awareness Chemistry Physics + Mathematics Total,25 (25) 37 (37) 38 (38) 100 (100),,,
JMI-ET (JMI Entrance Test),active,,,Hotel Management,BHM,Delhi,http://jmicoe.in/,90 Minutes,As per admit card,Online,1st week of March,+1/-0.25,10+2 any stream,1st week of April,1st week of May,Rs. 700/-,Quantitative Aptitude Reasoning English General Awareness Total,20 (20) 20 (20) 30 (30) 20 (20) 90 (90),"Interview to follow. Weightage: 90% ET, 10% Interview.",,
JSAT (Jindal Scholastic Aptitude Test),active,,,Arts,BA,Jindal Global School,https://jgu.edu.in/,120 Min,As per the admit card,Online,2nd week of January,+1/-0,10+2 any stream,Last week of June,Multiple Dates as per application,Rs. 3000/-,English Verbal Ability Logical Reasoning Quantitative Skills Total,40(40) 40(40) 40(40) 120(120),Interview to follow after Test.,,
JSAT (Jindal Scholastic Aptitude Test),active,,,Arts,BFA,Jindal Global School,https://jgu.edu.in/,120 Min,As per the admit card,Online,2nd week of January,+1/-0,10+2 any stream,Last week of June,Multiple Dates as per application,Rs. 3000/-,English Verbal Ability Logical Reasoning Quantitative Skills Total,40(40) 40(40) 40(40) 120(120),Application assessment and Supplementary questions to be conducted before JSAT. Interview to follow after Test.,,
JSAT (Jindal Scholastic Aptitude Test),active,,,Business,"BMS, MBA",Jindal Global School,https://jgu.edu.in/,120 Min,As per the admit card,Online,2nd week of January,+1/-0,10+2 any stream,Last week of June,Multiple Dates as per application,Rs. 3000/-,English Verbal Ability Logical Reasoning Quantitative Skills Total,40(40) 40(40) 40(40) 120(120),Interview to follow after Test.,,
JSAT (Jindal Scholastic Aptitude Test),active,,,Commerce,BCom,Jindal Global School,https://jgu.edu.in/,120 Min,As per the admit card,Online,2nd week of January,+1/-0,10+2 any stream,Last week of June,Multiple Dates as per application,Rs. 3000/-,English Verbal Ability Logical Reasoning Quantitative Skills Total,40(40) 40(40) 40(40) 120(120),Interview to follow after Test.,,
JSAT (Jindal Scholastic Aptitude Test),active,,,Economics,BA,Jindal Global School,https://jgu.edu.in/,120 Min,As per the admit card,Online,2nd week of January,+1/-0,10+2 any stream (Maths Preferred),Last week of June,Multiple Dates as per application,Rs. 3000/-,English Verbal Ability Logical Reasoning Quantitative Skills Total,40(40) 40(40) 40(40) 120(120),Interview to follow after Test.,,
JSAT (Jindal Scholastic Aptitude Test),active,,,Journalism & Media,BA,Jindal Global School,https://jgu.edu.in/,120 Min,As per the admit card,Online,2nd week of January,+1/-0,10+2 any stream,Last week of June,Multiple Dates as per application,Rs. 3000/-,English Verbal Ability Logical Reasoning Quantitative Skills Total,40(40) 40(40) 40(40) 120(120),Interview to follow after Test.,,
KALSEE (Kalinga Scholastic Entrance Examination),active,,,Arts,BA,Chhattisgarh,https://kalingauniversity.ac.in/,90 Min,As per Application,Online,3rd week of February,+1/-0,10+2 any stream,Last week of June,Multiple Dates as per Application,Rs. 1000/-,English Communication Logical Reasoning Quantitative Aptitude General Aptitude Total,25(25) 25(25) 20(20) 20(20) 90(90),,,
KALSEE (Kalinga Scholastic Entrance Examination),active,,,Business,BBA,Chhattisgarh,https://kalingauniversity.ac.in/,90 Min,As per Application,Online,4th week of Feb,+1/-0,10+2 any Stream,Last week of June,Multiple Dates as per Application,Rs. 1000/-,English Communication Logical Reasoning Quantitative Aptitude General Aptitude Total,25(25) 25(25) 20(20) 20(20) 90(90),,,
KALSEE (Kalinga Scholastic Entrance Examination),active,,,Commerce,BCom,Chhattisgarh,https://kalingauniversity.ac.in/,90 Min,As per Application,Online,3rd week of February,+1/-0,10+2 any Stream,Last week of June,Multiple Dates as per Application,Rs. 1000/-,English Communication Logical Reasoning Quantitative Aptitude General Aptitude Total,25(25) 25(25) 20(20) 20(20) 90(90),,,
KALSEE (Kalinga Scholastic Entrance Examination),active,,,Computer Application,BCA,Chhattisgarh,https://kalingauniversity.ac.in/,90 Min,As per Application,Online,3rd week of February,+1/-0,10+2 any Stream,Last week of June,Multiple Dates as per Application,Rs. 1000/-,English Communication Logical Reasoning Quantitative Aptitude General Aptitude Total,25(25) 25(25) 20(20) 20(20) 90(90),,,
KALSEE (Kalinga Scholastic Entrance Examination),active,,,Engineering,BTech,Chhattisgarh,https://kalingauniversity.ac.in/,90 Min,As per Application,Online,3rd week of February,+1/-0,10+2 with PCM,Last week of June,Multiple Dates as per Application,Rs. 1000/-,Physics Chemistry Maths English Communication Total,25(25) 25(25) 25(25) 15(5) 90(90),,,
KALSEE (Kalinga Scholastic Entrance Examination),active,,,Journalism & Media,BA,Chhattisgarh,https://kalingauniversity.ac.in/,90 Min,As per Application,Online,3rd week of February,+1/-0,10+2 any stream,Last week of June,Multiple Dates as per Application,Rs. 1000/-,English Communication Logical Reasoning Quantitative Aptitude General Aptitude Total,25(25) 25(25) 20(20) 20(20) 90(90),,,
KALSEE (Kalinga Scholastic Entrance Examination),active,,,Law,"BA, LLB",Chhattisgarh,https://kalingauniversity.ac.in/,90 Min,As per Application,Online,3rd week of February,+1/-0,10+2 any stream,Last week of June,Multiple Dates as per Application,Rs. 1000/-,English Communication Logical Reasoning Quantitative Aptitude General Aptitude Total,25(25) 25(25) 20(20) 20(20) 90(90),,,
KALSEE (Kalinga Scholastic Entrance Examination),active,,,Pharma,BPharm,Chhattisgarh,https://kalingauniversity.ac.in/,90 Min,As per Application,Online,Feb 18,+1/-0,10+2 with PCM/B,June 30,Multiple Dates as per Application,Rs. 1000/-,English Communication Logical Reasoning Quantitative Aptitude General Aptitude Total,25(25) 25(25) 20(20) 20(20) 90(90),,,
KALSEE (Kalinga Scholastic Entrance Examination),active,,,Science,BSc,Chhattisgarh,https://kalingauniversity.ac.in/,90 Min,As per Application,Online,3rd week of February,+1/-0,10+2 with PCM/B,Last week of June,Multiple Dates as per Application,Rs. 1000/-,English Communication Logical Reasoning Quantitative Aptitude General Aptitude Total,25(25) 25(25) 20(20) 20(20) 90(90),,,
KALSEE (Kalinga Scholastic Entrance Examination),active,,,Yoga,BSc,Chhattisgarh,https://kalingauniversity.ac.in/,90 Min,As per Application,Online,3rd week of February,+1/-0,10+2 any stream,Last week of June,Multiple Dates as per Application,Rs. 1000/-,English Communication Logical Reasoning Quantitative Aptitude General Aptitude Total,25(25) 25(25) 20(20) 20(20) 90(90),,,
KEA-CET (Karnataka Examination Authority Common Entrance Test),active,,KCET,Agriculture,BSc,Karnataka,https://cetonline.karnataka.gov.in/kea/,"240 Minutes, 80 Minutes for Each",1030-1150 Hrs & 1430-1550 Hrs on both days,Offline,1st week of March,+1/-0,10+2 with PCM for Engineering and PCM/B for B.Sc. Courses,1st week of April,3rd week of May,Rs. 650/-,Biology/ Maths Physics Chemistry Total,60 (60) 60 (60) 60 (60) 180 (180),,KCET,kcet
KEA-CET (Karnataka Examination Authority Common Entrance Test),active,,KCET,Agriculture; Veterinary Science,BVSc,Karnataka,https://cetonline.karnataka.gov.in/kea/,"240 Minutes, 80 Minutes for Each",1030-1150 Hrs & 1430-1550 Hrs on both days,Offline,1st week of March,+1/-0,10+2 with PCB,1st week of April,3rd week of May,Rs. 650/-,Biology Physics Chemistry Total,60 (60) 60 (60) 60 (60) 180 (180),,KCET,kcet
KEA-CET (Karnataka Examination Authority Common Entrance Test),active,,KCET,Engineering,BE,Karnataka,https://cetonline.karnataka.gov.in/kea/,"240 Minutes, 80 Minutes for Each",1030-1150 Hrs & 1430-1550 Hrs on both days,Offline,1st week of March,+1/-0,10+2 with PCM,1st week of April,3rd week of May,Rs. 650/-,Maths Physics Chemistry Total,60 (60) 60 (60) 60 (60) 180 (180),,KCET,kcet
KEA-CET (Karnataka Examination Authority Common Entrance Test),active,,KCET,Naturopathy,BSc,Karnataka,https://cetonline.karnataka.gov.in/kea/,"240 Minutes, 80 Minutes for Each",1030-1150 Hrs & 1430-1550 Hrs on both days,Offline,1st week of March,+1/-0,10+2 with PCB,1st week of April,3rd week of May,Rs. 650/-,Biology Physics Chemistry Total,60 (60) 60 (60) 60 (60) 180 (180),,KCET,kcet
KEA-CET (Karnataka Examination Authority Common Entrance Test),active,,KCET,Pharma,BPharm,Karnataka,https://cetonline.karnataka.gov.in/kea/,"240 Minutes, 80 Minutes for Each",1030-1150 Hrs & 1430-1550 Hrs on both days,Offline,1st week of March,+1/-0,10+2 with PCM/B,1st week of April,3rd week of May,Rs. 650/-,Biology/ Maths Physics Chemistry Total,60 (60) 60 (60) 60 (60) 180 (180),,KCET,kcet
"KEAM (Kerala Engineering, Architecture and Medical Entrance Exam)",active,,,Agriculture,BSc,Kerala,https://cee.kerala.gov.in/,150 Minutes for each paper,Paper 1: 1000-1230 Hrs Paper 2: 1430-1700 Hrs.,Offline,3rd week of March,+4/-1,"10+2 with PCB for B.Sc. and B.Tech (Biotech.) PCM for B.Tech. (Dairy Tech., Food Tech. & Agr. Engg.)",2nd week of April,3rd week of May,Rs. 700/-,Paper 1 Physics Chemistry Paper 2 Mathematics Total,72 (288) 48 (192) 120 (480) 240 (960),,KEAM,keam
"KEAM (Kerala Engineering, Architecture and Medical Entrance Exam)",active,,,Agriculture; Veterinary Science,BVSc,Kerala,https://cee.kerala.gov.in/,150 Minutes for each paper,Paper 1: 1000-1230 Hrs,,3rd week of March,+4/-1,10+2 with PCB,2nd week of April,3rd week of May,Rs. 700/-,Paper 1 Physics Chemistry Paper 2 Biology Total,72 (288) 48 (192) 120 (480) 240 (960),,KEAM,keam
"KEAM (Kerala Engineering, Architecture and Medical Entrance Exam)",active,,,Engineering,BTech,Kerala,https://cee.kerala.gov.in/,150 Minutes for each paper,Paper 1: 1000-1230 Hrs Paper 2: 1430-1700 Hrs.,Offline,3rd week of March,+4/-1,10+2 with PCB/M,2nd week of April,3rd week of May,Rs. 700/-,Paper 1 Physics Chemistry Paper 2 Biology/Maths Total,72 (288) 48 (192) 120 (480) 240 (960),,KEAM,keam
"KEAM (Kerala Engineering, Architecture and Medical Entrance Exam)",active,,,Pharma,BPharm,Kerala,https://cee.kerala.gov.in/,150 Minutes for each paper,Paper 1: 1000-1230 Hrs Paper 2: 1430-1700 Hrs.,Offline,3rd week of March,+4/-1,10+2 with PCM/B,2nd week of April,3rd week of May,Rs. 700/-,Paper 1 Physics Chemistry Paper 2 Mathematics/Biology Total,72 (288) 48 (192) 120 (480) 240 (960),,KEAM,keam
KIIT-EE (KIIT- Entrance Test),active,,,Architecture,BA,KIIT Bhubaneswar,https://kiit.ac.in/,180 Minutes,As per Admit Card,Online,"December, April, May",+4/-1,10+2 with PCM,"April, May, June","April, May, June",No Application/Examination Fees,Maths Physics Chemistry Total,40 (160) 40 (160) 40 (160) 120 (480),Candidates should qualify in NATA to become eligible for selection.,,
KIIT-EE (KIIT- Entrance Test),active,,,Arts,BA,KIIT Bhubaneswar,https://kiit.ac.in/,180 Minutes,As per Admit Card,Online,"December, April, May",+4/-1,10+2 any stream,"April, May, June","April, May, June",No Application/Examination Fees,Mathematical Ability Analytical & Logical Ability Verbal Ability G.K. Total,30 (120) 30 (120) 40 (160) 20 (80) 120 (480),,,
KIIT-EE (KIIT- Entrance Test),active,,,Biotechnology,BSc,KIIT Bhubaneswar,https://kiit.ac.in/,180 Minutes,As per Admit Card,Online,"December, April, May",+4/-1,10+2 with PCM/B,"April, May, June","April, May, June",No Application/Examination Fees,Maths/Biology Physics Chemistry Total,40 (160) 40 (160) 40 (160) 120 (480),,,
KIIT-EE (KIIT- Entrance Test),active,,,Business,BBA,KIIT Bhubaneswar,https://kiit.ac.in/,180 Minutes,As per Admit Card,Online,"December, April, May",+4/-1,10+2 any stream,"April, May, June","April, May, June",No Application/Examination Fees,Mathematical Ability Analytical & Logical Ability Verbal Ability G.K. Total,30 (120) 30 (120) 40 (160) 20 (80) 120 (480),,,
KIIT-EE (KIIT- Entrance Test),active,,,Computer Application,BCA,KIIT Bhubaneswar,https://kiit.ac.in/,180 Minutes,As per Admit Card,Online,"December, April, May",+4/-1,10+2 any stream,"April, May, June","April, May, June",No Application/Examination Fees,Mathematical Ability Analytical & Logical Ability Verbal Ability G.K. Total,30 (120) 30 (120) 40 (160) 20 (80) 120 (480),,,
KIIT-EE (KIIT- Entrance Test),active,,,Computer Science,BSc,KIIT Bhubaneswar,https://kiit.ac.in/,180 Minutes,As per Admit Card,Online,"December, April, May",+4/-1,10+2 with PCM,"April, May, June","April, May, June",No Application/Examination Fees,Maths Physics Chemistry Total,40 (160) 40 (160) 40 (160) 120 (480),,,
KIIT-EE (KIIT- Entrance Test),active,,,Design,BDes,KIIT Bhubaneswar,https://kiit.ac.in/,180 Minutes,As per Admit Card,Online,"December, April, May",+4/-1,10+2 any stream,"April, May, June","April, May, June",No Application/Examination Fees,Mathematical Ability Analytical & Logical Ability Verbal Ability G.K. Total,30 (120) 30 (120) 40 (160) 20 (80) 120 (480),,,
KIIT-EE (KIIT- Entrance Test),active,,,Economics,BA,KIIT Bhubaneswar,https://kiit.ac.in/,180 Minutes,As per Admit Card,Online,"December, April, May",+4/-1,10+2 any stream,"April, May, June","April, May, June",No Application/Examination Fees,Mathematical Ability Analytical & Logical Ability Verbal Ability G.K. Total,30 (120) 30 (120) 40 (160) 20 (80) 120 (480),,,
KIIT-EE (KIIT- Entrance Test),active,,,Engineering,BTech,KIIT Bhubaneswar,https://kiit.ac.in/,180 Minutes,As per Admit Card,Online,"December, April, May",+4/-1,10+2 with PCM,"April, May, June","April, May, June",No Application/Examination Fees,Maths Physics Chemistry Total,40 (160) 40 (160) 40 (160) 120 (480),,,
KIIT-EE (KIIT- Entrance Test),active,,,Journalism & Media,BA,KIIT Bhubaneswar,https://kiit.ac.in/,180 Minutes,As per Admit Card,Online,"December, April, May",+4/-1,10+2 any stream,"April, May, June","April, May, June",No Application/Examination Fees,Mathematical Ability Analytical & Logical Ability Verbal Ability G.K. Total,30 (120) 30 (120) 40 (160) 20 (80) 120 (480),,,
KIIT-EE (KIIT- Entrance Test),active,,,Law,"BA, LLB",KIIT Bhubaneswar,https://kiit.ac.in/,120 Minutes,As per Admit Card,Online,"December, April, May",+4/-1,10+2 any stream,"April, May, June","April, May, June",No Application/Examination Fees,Mathematical Ability Analytical & Logical Ability Verbal Ability G.K. Total,30 (120) 30 (120) 40 (160) 20 (80) 120 (480),,,
KIIT-EE (KIIT- Entrance Test),active,,,Nursing,BSc,KIIT Bhubaneswar,https://kiit.ac.in/,180 Minutes,As per Admit Card,Online,"December, April, May",+4/-1,10+2 with PCB,"April, May, June","April, May, June",No Application/Examination Fees,Biology Physics Chemistry Total,40 (160) 40 (160) 40 (160) 120 (480),,,
KREA-AP (KREA Admission Process),active,,,Arts,BA,Krea University,https://krea.edu.in/,75 minutes,As per the admit card,Pen & Paper Based,2nd week of October,,10+2 any Stream,Multiple cycles in till May,As per application,Rs. 100/-,Logical reasoning Numerical reasoning Verbal ability and critical analysis Essay writing,,SOP Submission before Test and GD & PI after test to be conducted.,,
KREA-AP (KREA Admission Process),active,,,Business,BBA,Krea University,https://krea.edu.in/,75 minutes,As per the admit card,Pen & Paper Based,2nd week of October,,10+2 any Stream,Multiple cycles in till May,As per application,Rs. 100/-,Logical reasoning Numerical reasoning Verbal ability and critical analysis Essay writing,,SOP Submission before Test and GD & PI after test to be conducted.,,
KUAT (Karnavati University Admission Test),active,,,Arts,BA,Karnavati University,https://karnavatiuniversity.edu.in/,,As per admit card,Online,April,+1/-0,10+2 any Stream,June,Multiple dates as per application,Rs. 1000/-,GK Verbal Quantitative Aptitude Logical Reasoning Creative Writing (Essay) Total,40 (40) 20 (20) 20 (20) 20 (20) 1 (25) 101 (125),Test Followed by Personal Interview,,
KUAT (Karnavati University Admission Test),active,,,Business,BMS,Karnavati University,https://karnavatiuniversity.edu.in/,,As per admit card,Online,April,+1/-0,10+2 any Stream,June,Multiple dates as per application,Rs. 1000/-,GK Verbal Quantitative Aptitude Logical Reasoning Creative Writing (Essay) Total,40 (40) 20 (20) 20 (20) 20 (20) 1 (25) 101 (125),Test Followed by Personal Interview,,
KUAT (Karnavati University Admission Test),active,,,Commerce,BCom,Karnavati University,https://karnavatiuniversity.edu.in/,,As per admit card,Online,April,+1/-0,10+2 with commerce subjects,June,Multiple dates as per application,Rs. 1000/-,GK Verbal Quantitative Aptitude Logical Reasoning Creative Writing (Essay) Total,40 (40) 20 (20) 20 (20) 20 (20) 1 (25) 101 (125),Test Followed by Personal Interview,,
KUAT (Karnavati University Admission Test),active,,,Computer Science,BSc,Karnavati University,https://karnavatiuniversity.edu.in/,,As per admit card,Online,April,+1/-0,10+2 any Stream,June,Multiple dates as per application,Rs. 1000/-,GK Verbal Quantitative Aptitude Logical Reasoning Creative Writing (Essay) Total,40 (40) 20 (20) 20 (20) 20 (20) 1 (25) 101 (125),Test Followed by Personal Interview,,
KUAT (Karnavati University Admission Test),active,,,Journalism & Media,BA,Karnavati University,https://karnavatiuniversity.edu.in/,,As per admit card,Online,April,+1/-0,10+2 any Stream,June,Multiple dates as per application,Rs. 1000/-,GK Verbal Quantitative Aptitude Logical Reasoning Creative Writing (Essay) Total,40 (40) 20 (20) 20 (20) 20 (20) 1 (25) 101 (125),Test Followed by Personal Interview,,
KUAT (Karnavati University Admission Test),active,,,Law,"BA, LLB",Karnavati University,https://karnavatiuniversity.edu.in/,,As per admit card,Online,April,+1/-0,10+2 any Stream,June,Multiple dates as per application,Rs. 1000/-,GK Verbal Quantitative Aptitude Logical Reasoning Creative Writing (Essay) Total,40 (40) 20 (20) 20 (20) 20 (20) 1 (25) 101 (125),Test Followed by Personal Interview,,
KUAT (Karnavati University Admission Test),active,,,Psychology,BSc,Karnavati University,https://karnavatiuniversity.edu.in/,,As per admit card,Online,April,+1/-0,10+2 any Stream,June,Multiple dates as per application,Rs. 1000/-,GK Verbal Quantitative Aptitude Logical Reasoning Creative Writing (Essay) Total,40 (40) 20 (20) 20 (20) 20 (20) 1 (25) 101 (125),Test Followed by Personal Interview,,
LHMC B.Sc. Nursing-EE (LHMC Entrance Exam),replaced,NEET-UG,,Nursing,BSc,Delhi,http://www.lhmc-hosp.gov.in/,As per Admit card,As per Admit card,Online,,+3/-0,10+2 with PCB,,,Rs. 1000/-,Biology Physics Chemistry English GK Total,50 (150) 25 (75) 25 (75) 10 (30) 10 (30) 120 (360),,,
LKK–OEE (LKK Online Entrance Exam),active,,,Performing Arts,BA,Pune University,http://www.unipune.ac.in/,Based on Admit Card,Based on Admit Card,Computer Based,2nd week of May,"Sec. 1: +1/-0, Sec. 2: +4/-0",10+2 any Stream,2nd week of June,Last week of June,,Section 1: Logic Comprehension General Aptitude Section 2: General Knowledge in Respective Art Form Total,20 (20) 20 (80) 40 (100),Audition Aptitude Test in relative field to be conducted after Entrance Exam.,,
MAH B.Design - CET (Maharashtra Applied Arts & Crafts Common Entrance Test),active,,,Design,BDes,Maharashtra,http://cetcell.mahacet.org/,180 minutes,Based on admit card,Offline,4th week of March,,10+2 any stream,1st week of April,Last week of April,Rs. 1700/-,Part A: (MCQ based) GK/GA Art & Design Fundamentals Science – Technology related Questions Analytical & Logical Reasoning Part B: (Sketching skill based) Visualization & Illustration ability Design Thinking & Problem Solving Total,20 (20) 20 (20) 15 (30) 15 (30) 1 (40) 1 (60) 72 (200),,,
MAH-B.Planning-CET (Maharashtra Technical Common Entrance Test),active,,,Planning,BPlan,Maharashtra,http://cetcell.mahacet.org,120 Minutes,As per admit card,Computer Based,Last week of March,+2/-0,10+2 with Maths,2nd week of April,4th week of April,Rs. 800/-,Mathematics Aptitude Test Planning Based Questions Total,25 (50) 50 (100) 25 (50) 150 (200),,,
MAH-BHMCT-CET (Common Entrance Test),active,,,Hotel Management,BHM,Maharashtra,http://cetcell.mahacet.org/,,As per the Admit card,Computer Based,Last week of March,+1/-0,10+2 any Stream,1st week of April,3rd week of April,Rs. 800/-,English Reasoning (Verbal& Arithmetic) GK Total,40 (40) 30 (30) 30 (30) 100 (100),,,
MAH-LLB 3 Yrs-CET (Common Entrance Test),active,,,Law,"BA, LLB",Maharashtra,http://cetcell.mahacet.org/,,As per the Admit card,Online,Mid January,+1/-0,Graduation,Last week of January,2nd week of March,Rs. 800/-,Legal Aptitude & Legal Reasoning GK with CA Logical & Analytical Reasoning English Total,30 (30) 40 (40) 30 (30) 50 (50) 150 (150),,,
MAH-LLB 5 Yrs-CET (Common Entrance Test),active,,,Law,"BA, LLB",Maharashtra,http://cetcell.mahacet.org/,,As per the Admit card,Online,3rd week of January,+1/-0,10+2 any Stream,3rd week of February,1st week of May,Rs. 800/-,Legal Aptitude & Legal Reasoning GK with CA Logical & Analytical Reasoning English Mathematical Aptitude Total,40 (40) 30 (30) 40 (40) 30 (30) 10 (10) 150 (150),,,
MET (Manipal Entrance Test),active,,,Biotechnology,BSc,Manipal University,https://manipal.edu/,120 Minutes,As per admit card,Online,1st week of October,"+4/-1 for MCQs, +4/-1 for NAT",10+2 with PCB,Mid April,Last week of April,Rs. Rs. 600/- + Rs. 1400/-,(Multiple Choice Que.) Biology Physics Chemistry English (Numeric Answer Type) Biology Physics Chemistry Total,15 (60) 10 (40) 10 (40) 10 (40) 5 (20) 5 (20) 5 (20) 60 (240),,,
MET (Manipal Entrance Test),active,,,Business,"BMS, MBA",Manipal University,https://manipal.edu/,120 Minutes,As per Admit Card,Online,1st week of October,+4/-1,10+2 any Stream,3rd week of April,Last week of April,Rs. 600+1400/-,Numeracy Conceptual General English General Awareness Case Study Total,20 (80) 25 (100) 20 (80) 20 (80) 15 (60) 100 (400),,,
MET (Manipal Entrance Test),active,,,Engineering,BTech,Manipal University,https://manipal.edu/,120 Minutes,As per admit card,Online,1st week of October,"+4/-1 for MCQs., +4/-0 for NAT","average of 50% marks with Physics, Mathematics and English as compulsory subjects and Chemistry or Biotechnology or Biology or any technical vocational subject.",3rd week of April & May,Last week of April & May,Rs. Rs. 600/- + Rs. 1400/-,(Multiple Choice Que.) Maths Physics Chemistry English (Numeric Answer Type) Maths Physics Chemistry Total,15 (60) 10 (40) 10 (40) 10 (40) 5 (20) 5 (20) 5 (20) 60 (240),,,
MET (Manipal Entrance Test),active,,,Health Science,BSc,Manipal University,https://manipal.edu/,120 Minutes,As per admit card,Online,1st week of October,+4/-1,10+2 with PCB/M,3rd week of April,Last week of April,Rs. Rs. 600/- + Rs. 1400/-,Maths/Biology Physics Chemistry English,30 (120) 25 (100) 25 (100) 20 (80) 100 (400),,,
MET (Manipal Entrance Test),active,,,Journalism & Media,BA,Manipal University,https://manipal.edu/,120 Minutes,As per Admit Card,Online,1st week of October,+1/-0,10+2 any Stream,3rd week of April,Last week of April,Rs. 600+1400/-,Numeracy Conceptual General English General Awareness Case Study Total,10 (40) 25 (100) 25 (100) 30 (120) 10 (40) 100 (400),,,
MET (Manipal Entrance Test),active,,,Medical Allied,BASLP,Manipal University,https://manipal.edu/,120 Minutes,As per admit card,Online,,,,,,,Maths/Biology Physics Chemistry English,30 (120) 25 (100) 25 (100) 20 (80) 100 (400),,,
MET (Manipal Entrance Test),active,,,Nursing,BSc,Manipal University,https://manipal.edu/,120 Minutes,As per admit card,Online,1st week of October,+4/-1,10+2 with PCB,3rd week of April,Last week of April,Rs. Rs. 600/- + Rs. 1400/-,Biology Physics Chemistry English,20 (80) 20 (80) 20 (80) 20 (80) 100 (400),,,
MET (Manipal Entrance Test),active,,,Nutrition,BSc,Manipal University,https://manipal.edu/,120 Minutes,As per admit card,Online,1st week of October,+4/-1,10+2 with PCB/M,Mid April,Last week of April,Rs. Rs. 600/- + Rs. 1400/-,Maths/Biology Physics Chemistry English,30 (120) 25 (100) 25 (100) 20 (80) 100 (400),,,
MET (Manipal Entrance Test),active,,,Pharma,BPharm,Manipal University,https://manipal.edu/,120 Minutes,As per admit card,Online,1st week of October,"+4/-1 for MCQs., +4/-0 for NAT","average of 50% marks with Physics, Mathematics and English as compulsory subjects and Chemistry or Biotechnology or Biology or any technical vocational subject.",April & May,April & May,Rs. Rs. 600/- + Rs. 1400/-,(Multiple Choice Que.) Maths/Biology Physics Chemistry English (Numeric Answer Type) Maths/ Biology Physics Chemistry Total,15 (60) 10 (40) 10 (40) 10 (40) 5 (20) 5 (20) 5 (20) 60 (240),,,
MET (Manipal Entrance Test),active,,,Sports and Physical Education,BSc,Manipal University,https://manipal.edu/,120 Minutes,As per admit card,Online,1st week of October,+4/-1,10+2 with PCB,3rd week of April,Last week of April,Rs. Rs. 600/- + Rs. 1400/-,Maths Physics Chemistry English,30 (120) 25 (100) 25 (100) 20 (80) 100 (400),,,
MH AAC CET (Maharashtra Applied Arts & Crafts Common Entrance Test),active,,,Design,BDes,Maharashtra,http://cetcell.mahacet.org/,390 minutes,Based on admit card,Online,1st week of March,,10+2 any Stream,3rd week of March,Mid April,Rs. 1700/-,Paper 1 Design Practical Paper 2 Object Drawing Practical Paper 3 Memory Drawing Practical Paper 4 General Knowledge Total,1 (50) 1 (50) 1 (50) 40 (40) 43 (190),,,
MH-B.Sc.Nursing-CET (Common Entrance Test),active,,,Nursing,BSc,Maharashtra,http://cetcell.mahacet.org,90 minutes,as per admit card,Computer Based,3rd week of May,+1/-0,10+2 with PCB,Last week of May,2nd week of June,Rs. 800/-,Physics Chemistry Biology English Nursing Aptitude Total,20 (20) 20 (20) 20 (20) 20 (20) 20 (20) 100 (100),,,
MHT-CET (Maharashtra Technical Common Entrance Test),active,,,Agriculture,BSc,Maharashtra,http://cetcell.mahacet.org,180 Minutes (2 shifts),900-1200 hrs and 1400-1600 hrs,Computer Based,2nd week of March,+1/-0,"50% in 12th with Physics, Biology/Mathematics and Chemistry",1st week of April,Multiple dates in May,Rs. 800/-,Paper 1 Mathematics Paper 2 Physics Chemistry Paper 3 Biology Total for MPC Total for PCB,50 (100)* 50 (50) 50 (50) 100 (100)* 150 (200) 200 (200),Candidates have to choose to appear between Maths or Biology.,MHT CET,mhtcet
MHT-CET (Maharashtra Technical Common Entrance Test),active,,,Agriculture; Veterinary Science,BFSc,Maharashtra,http://cetcell.mahacet.org,180 Minutes,Based on admit Card,Online,2nd week of March,+1/-0,"50% in 12th with Physics, Biology/Mathematics and Chemistry",1st week of April,2nd week of May,Rs. 800/-,Paper 1 Mathematics Paper 2 Physics Chemistry Paper 3 Biology Total for MPC Total for PCB,50 (100)* 50 (50) 50 (50) 100 (100)* 150 (200) 200 (200),Candidates have to choose to appear between Maths or Biology.,MHT CET,mhtcet
MHT-CET (Maharashtra Technical Common Entrance Test),active,,,Engineering,BE,Maharashtra,http://cetcell.mahacet.org,180 Minutes (2 shifts),900-1200 hrs and 1400-1600 hrs,Computer Based,2nd week of March,+1/-0,10+2 with PCM,1st week of April,2nd and 3rd week of May,Rs. 800/-,Paper 1 Mathematics Paper 2 Physics Chemistry Total,50 (100)* 50 (50) 50 (50) 150 (200),,MHT CET,mhtcet
MHT-CET (Maharashtra Technical Common Entrance Test),active,,,Pharma,BPharm,Maharashtra,http://cetcell.mahacet.org,180 Minutes (2 shifts),900-1200 hrs and 1400-1600 hrs,Computer Based,2nd week of March,+1/-0,10+2 with PCM/B,1st week of April,Multiple dates in May,Rs. 800/-,Paper 1 Mathematics Paper 2 Physics Chemistry Paper 3 Biology Total for MPC Total for PCB,50 (100)* 50 (50) 50 (50) 100 (100)* 150 (200) 200 (200),Candidates have to choose to appear between Maths or Biology.,MHT CET,mhtcet
MITID-DAT (Design Aptitude Test),active,,,Design,BDes,"MIT Institute of Design, Pune",https://mitid.edu.in/,120 minutes,900-1200 hrs,Offline,December,,10+2 any Stream,Last week of February,1st week of April,Rs. 3000/-,"Questions based on General Knowledge, Logical Reasoning, Drawing, Sketching, Observation skills, etc.",10 (NA),Studio Test & Interview to follow,,
MITWPU-AS (MITWPU – Assessment Stages),active,,,Arts,BA,MIT World Peace University Pune,https://mitwpu.edu.in/,120 Minutes,As per admit card,Online,March,+1/-0,10+2 any stream,Multiple dates as per application,Multiple dates as per application,Rs. 1000/-,Psychometric Assessment Test Statement of Purpose Group Discussion,,Interview to follow after Test.,,
MITWPU-CET (MITWPU – Common Entrance Test ),active,,,Biotechnology,BSc,MIT World Peace University Pune,https://mitwpu.edu.in/,120 Minutes,As per admit card,Online,March,+1/-0,10+2 any stream,Multiple dates as per application,Multiple dates as per application,Rs. 1000/-,Logical Reasoning Basic English Chemistry Biology Personal Interview Total,25 (25) 25 (25) 25 (25) 25(25) (50) 100 (150),Interview to follow after Test.,,
MITWPU-CET (MITWPU – Common Entrance Test ),active,,,Business,BBA,MIT World Peace University Pune,https://mitwpu.edu.in/,120 Minutes,As per admit card,Online,March,+1/-0,10+2 any stream,Multiple dates as per application,Multiple dates as per application,Rs. 1000/-,GK Logical Reasoning Basic Math Basic English Computer Fundamentals Personal Interview Total,25 (25) 20 (20) 20 (20) 25 (25) 10(10) (50) 100 (150),Interview to follow after Test.,,
MITWPU-CET (MITWPU – Common Entrance Test ),active,,,Commerce,BCom,MIT World Peace University Pune,https://mitwpu.edu.in/,120 Minutes,As per admit card,Online,March,+1/-0,10+2 any stream,Multiple dates as per application,Multiple dates as per application,Rs. 1000/-,GK Logical Reasoning Basic Math Basic English Computer Fundamentals Personal Interview Total,25 (25) 20 (20) 20 (20) 25 (25) 10(10) (50) 100 (150),Interview to follow after Test.,,
MITWPU-CET (MITWPU – Common Entrance Test ),active,,,Computer Application,BSc,MIT World Peace University Pune,https://mitwpu.edu.in/,120 Minutes,As per admit card,Online,April,+1/-0,10+2 any stream,Multiple dates as per application,Multiple dates as per application,Rs. 1000/-,Logical Reasoning Basic Math Basic English Computer Fundamentals Personal Interview Total,25 (25) 25 (25) 25 (25) 25(25) (50) 100 (150),Interview to follow after Test.,,
MITWPU-CET (MITWPU – Common Entrance Test ),active,,,Economics,BA,MIT World Peace University Pune,https://mitwpu.edu.in/,120 Minutes,As per admit card,Online,April,+1/-0,10+2 any stream,Multiple dates as per application,Multiple dates as per application,Rs. 1000/-,GK Logical Reasoning Basic Math Basic English Computer Fundamentals Personal Interview Total,25 (25) 20 (20) 20 (20) 25 (25) 10(10) (50) 100 (150),Interview to follow after Test.,,
MITWPU-CET (MITWPU – Common Entrance Test ),active,,,Engineering,BTech,MIT World Peace University Pune,https://mitwpu.edu.in/,120 Minutes,As per admit card,Online,April,+1/-0,10+2 with PCM,Multiple dates as per application,Multiple dates as per application,Rs. 1000/-,Basic Math Basic English Physics Chemistry Personal Interview Total,25 (25) 25 (25) 25 (25) 25(25) (50) 100 (150),Interview to follow after Test.,,
MITWPU-CET (MITWPU – Common Entrance Test ),active,,,Law,"BA, LLB",MIT World Peace University Pune,https://mitwpu.edu.in/,120 Minutes,As per admit card,Online,April,+1/-0,10+2 any stream,Multiple dates as per application,Multiple dates as per application,Rs. 1000/-,GK Logical Reasoning Basic Math Basic English Computer Fundamentals Personal Interview Total,25 (25) 20 (20) 20 (20) 25 (25) 10(10) (50) 100 (150),Interview to follow after Test.,,
MITWPU-UG DAT (MITWPU – UG Design Aptitude Test ),active,,,Design,BDes,MIT World Peace University Pune,https://mitwpu.edu.in/,180 Minutes,As per admit card,Online,March,+1/-0,10+2 any stream,1st week of April,2nd week of April,Rs. 1000/-,Logical Reasoning Basic English Environmental Awareness Design Sensitivity Visualization Drawing Test Interview+Portfolio Total,10 (10) 10 (10) 10 (10) 25 (25) (25) (20) (50) (150),,,
MP-PAT (Madhya Pradesh Pre Agriculture Test),active,,,Agriculture,BSc,Madhya Pradesh,http://www.peb.mp.gov.in/,180 Minutes,Based on admit card,Offline,2nd week of October,+1/-0.25,10+2 PCM for B.Tech and Science for others,Last week of October,2nd week of December,Rs. 500/-,Physics Chemistry Mathematics/Biology/Agric ulture Total,50 (50) 50 (50) 100 (100) 200 (200),Candidate should belong to Madhya Pradesh with other reservations.,,
MP-PV & FT (Madhya Pradesh Pre Veterinary & Fishery Test),active,,,Agriculture; Veterinary Science,BVSc,Madhya Pradesh,https://esb.mp.gov.in/,180 Minutes,Based on admit card,Offline,1st week of June,+1/-0.25,10+2 with PCB,3rd week of June,Last week of July,Rs. 400/-,Physics Chemistry Biology Total,50 (50) 50 (50) 100 (100) 200 (200),Candidate should belong to Madhya Pradesh with other reservations.,,
MSU-ET (MS University Entrance Test),active,,,Business,BMS,MS University Baroda,https://admission.msubaroda.ac.in/,120 Minutes,As per the Admit card,Offline,1st week of May,+1/-0,10+2 any Stream,2nd week of June,3rd week of June,Rs. 600/-,English Language Proficiency Data Interpretation Analytical Reasoning Quantitative Problem Solving General Awareness,60 (60),"Test Followed by Extempore, GD & PI",,
MSU-ET (MS University Entrance Test),active,,,Computer Application,BCA,MS University Baroda,https://admission.msubaroda.ac.in/,90 Minutes,As per the Admit card,Offline,2nd week of May,+1/-0.5,10+2 any stream,3rd week of June,4th week of June,Rs. 600/-,Computer Aptitude Logical Reasoning English Language Computer Awareness General Awareness Total,25 (25) 25 (25) 15 (15) 20 (20) 15 (15) 100 (100),,,
MSU-ET (MS University Entrance Test),active,,,Journalism & Media,BA,MS University Baroda,https://admission.msubaroda.ac.in/,90 Minutes,As per the Admit card,Offline,2nd week of May,+1/-0,10+2 any Stream,3rd week of June,3rd week of June,Rs. 600/-,English language GK/CA in context of Communication and Media Studies,-100,,,
MSU-ET (MS University Entrance Test),active,,,Law,"BA, LLB",MS University Baroda,https://admission.msubaroda.ac.in/,,1000-1200 Hrs.,Offline,1st week of May,+2/-0,10+2 any stream and Graduation for 3 year program,Last week of June,2nd week of July,Rs. 600/-,English Comprehension G.K. & C.A. Legal Aptitude Mental Aptitude & Logical Reasoning Total,30 (60) 20 (40) 30 (60) 20 (40) 100 (200),,,
MSU-ET (MS University Entrance Test),active,,,Science,BSc,MS University Baroda,https://admission.msubaroda.ac.in/,90 Minutes,As per the Admit card,Offline,2nd week of May,+2/-0,10+2 with PCB,3rd week of June,Last week of June 24,Rs. 600/-,Current Environmental Issues & Challenges Biology Chemistry Physics Total,20 (40) 30 (60) 30 (60) 20 (40) 50 (100),,,
MSU-ET (MS University Entrance Test),active,,,Social Work,BSc,MS University Baroda,https://admission.msubaroda.ac.in/,90 Minutes,As per the Admit card,Offline,1st week of May,,10+2 any Stream,3rd week of June,Last week June,Rs. 600/-,General Awareness English Language Logical Reasoning,50% 30% 20%,,,
MSU-ET (MS University Entrance Test),active,,,Arts,BVA,MS University Baroda,https://admission.msubaroda.ac.in/,,As per admit card,Offline,3rd week of May,,10+2 any stream,Last week of June,1st week of July,Rs. 600/-,"Part 1: (Written Test) GK on Visual Arts Part 2: Practical Test (Based on drawing skills, observation, visualization, and creativity)",,Applicant Portfolio to be taken in consideration. Interview to follow after test,,
MSU-ET (MS University Entrance Test),active,,,Arts,BVA,MS University Baroda,https://admission.msubaroda.ac.in/,,As per admit card,Offline,3rd week of May,,10+2 any stream,Last week of June,1st week of July,Rs. 600/-,General knowledge about art and cultural heritage Logo/Symbols/Icons identification Indian Culture and Festivals Dance Forms World Art & Architecture Logic/Reasoning/Observation skills Visual/Picture identification related to Art History/Art and Culture,,Interview to follow after test,,
MSU-ET (MS University Entrance Test),active,,,Design,BDes,MS University Baroda,https://admission.msubaroda.ac.in/,,As per admit card,Offline,3rd week of May,,10+2 any stream,Last week of June,2nd week of July,Rs. 600/-,"Round 1: Drawing, Colour & Material Test Round 2: (Written Test) GK on Art & Culture, Important Art works and Artists, Identification of popular images. Round 3: Personal Interview and portfolio presentation",,,,
NATA (National Aptitude Test in Architecture),active,,,Architecture,BArch,All India,https://www.nata.in/,,1430-1730 Hrs,Online,3rd week of March,,"10+2 with 50% aggregate marks in Physics, Chemistry & Mathematics and also at least 50% marks in aggregate of the 10+2 level examination or passed 10+3 Diploma Examination with Mathematics as compulsory subject with at least 50% marks in aggregate.",Session 1: 2nd week of April Session 2: 4th week of May Session 3: 4th week of June,Session 1: 4th week of April Session 2: 1st week of June Session 3: 2nd week of July,Rs. 2000/-,"Test will consist of multiple-choice, multiple-select, preferential choice and numerical answer type questions about Diagrammatic Reasoning, Numerical Reasoning, Verbal Reasoning, Verbal Reasoning, Situational Judgment, Logical Reasoning & Abstract Reasoning.",1*75 (75) 2*25 (50) 3*25 (75) 125(200),,,
NCHM-JEE (NCHM Joint Entrance Exam),active,,,Hotel Management,BSc,All India,https://nchmjee.nta.nic.in/,,900-1200 Hrs.,,2nd week of February,+4/-1,10+2 any stream,Last week of April,Mid May,Rs. 1000/-,Numerical Ability and Analytical Aptitude Reasoning and Logical Deduction GK & CA English Language Aptitude for Service Sector Total,30 (120) 30 (120) 30 (120) 60 (240) 50 (200) 200 (800),,,
NDA (National Defence Academy),active,,,Defence,,All India,https://www.upsc.gov.in/,300 minutes,As per admit card,Pen & Paper Based,Last Week of December & Third week of May,,10+2 any Stream for Indian Army and 10+2 with Physics and Mathematics for Indian Air Force and Indian Navy,Second Week of January & Second Week of June,Second Week of April & First Week of September,,Paper 1 Mathematics Paper 2 English General Knowledge Total SSB & Interview Grand Total,120 (300) 50 (200) 100 (400) 270 (900) 900 1800,,,
NEET-UG (National Eligibility cum Entrance Test),active,,,Agriculture,BSc,All India,https://neet.nta.nic.in/,180 Minutes,1400 - 1720 Hrs.,Pen & Paper Based,1st week of March,+4/-1,50% aggregate Marks in with Physics Chemistry and Biology.,Mid April,1st week of May,Rs. 1700/-,Physics Section A Section B Chemistry Section A Section B Botany Section A Section B Zoology Section A Section B Total,35 (140) 15 (40) 35 (140) 15 (40) 35 (140) 15 (40) 35 (140) 15 (40) 200 (720),Exam conducted in 13 languages,NEETUG,neet
NEET-UG (National Eligibility cum Entrance Test),active,,,Medical,MBBS,All India,https://neet.nta.nic.in/,200 Minutes,1400 - 1720 Hrs.,Pen & Paper Based,1st week of March,+4/-1,10+2 with PCB,Mid April,1st week of May,Rs. 1700/-,Physics Section A Section B Chemistry Section A Section B Botany Section A Section B Zoology Section A Section B Total,35 (140) 15 (40) 35 (140) 15 (40) 35 (140) 15 (40) 35 (140) 15 (40) 200 (720),,NEETUG,neet
NEET-UG (National Eligibility cum Entrance Test),active,,,Paramedical,,All India,https://neet.nta.nic.in/,200 Minutes,1400 - 1720 Hrs.,Pen & Paper Based,1st week of March,+4/-1,10+2 with PCB,Mid April,1st week of May,Rs. 1700/-,Physics Section A Section B Chemistry Section A Section B Botany Section A Section B Zoology Section A Section B Total,35 (140) 15 (40) 35 (140) 15 (40) 35 (140) 15 (40) 35 (140) 15 (40) 200 (720),,NEETUG,neet
NEET-UG (National Eligibility cum Entrance Test),active,,,Science,BSc,All India,https://neet.nta.nic.in/,200 Minutes,1400 - 1720 Hrs.,Pen & Paper Based,1st week of March,+4/-1,10+2 with PCB,Mid April,1st week of May,Rs. 1700/-,Physics Section A Section B Chemistry Section A Section B Botany Section A Section B Zoology Section A Section B Total,35 (140) 15 (40) 35 (140) 15 (40) 35 (140) 15 (40) 35 (140) 15 (40) 200 (720),,NEETUG,neet
NEET-UG (National Eligibility cum Entrance Test),active,,,Veterinary Science,BVSc,All India,https://neet.nta.nic.in/,200 Minutes,1400 - 1720 Hrs.,Offline,1st week of March,+4/-1,10+2 with PCB,Mid April,1st week of May,Rs. 1700/-,Physics Section A Section B Chemistry Section A Section B Botany Section A Section B Zoology Section A Section B Total,35 (140) 15 (40) 35 (140) 15 (40) 35 (140) 15 (40) 35 (140) 15 (40) 200 (720),,NEETUG,neet
NEST (National Entrance Screening Test),active,,,Science,MSc,All India,https://www.nestexam.in/,210 Minutes,900 – 1230 & 1430-1800 Hrs.,Online,Last week of February,Differential,10+2 with PCM/B.,3rd week of May,4th week of June,Rs. 1200/-,Biology Chemistry Maths Physics Total,17 (50) 17 (50) 17 (50) 17 (50) 68 (200),"The merit list of NEST 2023 is prepared using the best three qualifying scores out of four sections, and the section with the worst score is omitted.",,
NET (National Entrance Test),active,,,Medical Allied,BASLP,Odisha,http://www.svnirtar.nic.in/,120 Minutes,As per admit card,Offline,,,,,,,Reasoning Physics Chemistry Bio/Maths Total,25 (25) 25 (25) 25 (25) 25 (25) 100 (100),,,
NIIFT-CAFT (NIIFT Creative Aptitude in Fashion Test),active,,,Design,BSc,Punjab,http://www.niiftindia.com/,120 minutes,Based on admit card,Online,January,,,Last week of April,Last week of September,Rs. 1750/-,"CAFT will be based to check your creativity to a given scenario based on your knowledge in respect to Color Theory, lines, shapes and their significance in the area of Design, 3D modeling, concept development and interpretation.",,Admission to B.Sc. Fashion Des. at NIIFT Jalandhar will be based on 12th marks.,,
NMIMS-Audition (National Test For Programs After 12th),active,,,Performing Arts,BA,NMIMS,http://performingarts.nmims.edu/,,As per the application window.,Online,1st week of December,,10+2 any stream,Last week of May,Multiple dates as per application,From Rs. 2000/-,"Audition based On Specialization (Western Contemporary Music, Indian Music)",,,,
NMIMS-CET (Common Entrance Test),active,,,Engineering,BTech,NMIMS,https://nmimscet.in/,120 Minutes,As per the application window.,Online,1st week of December,+1/-0,10+2 PCM,Last week of May,Multiple dates as per application between January to May,From Rs. 2000/-,Physics Chemistry Maths/Biology Logical Intelligence Language Proficiency Total,30 (30) 30 (30) 30 (30) 20 (10) 10 (10) 120 (120),,,
NMIMS-CET (Common Entrance Test),active,,,Pharma,BPharm,NMIMS,https://nmimscet.in/,120 Minutes,As per the application window.,Online,,,,,,,,Physics Chemistry Maths/Biology Logical Intelligence Language Proficiency Total,,,
NMIMS-DAT (Design Aptitude Test),active,,,Design,BDes,NMIMS,https://nmimsdat.in/,120 Minutes,As per admit card,Online,3rd week of November,,10+2 any stream,Last week of April,Multiple dates as per application,From Rs. 2000/-,Studio Test Part A - 10 MCQ Questions to examine Visual & Spatial ability Environmental & Social awareness Logical reasoning Observation & Memory Part B - Design Challenge Problem Solving & Sketching of the concept,,Portfolio to be uploaded before exam. Personal Interview to be conducted after test.,,
NMIMS-LAT (Law Admission Test),active,,,Law,"BA, LLB",NMIMS,https://nmimscet.in/,120 Minutes,As per the application window.,Online,1st week of December,+1/-0,10+2 any stream,4th week of May,Multiple dates as per application between January to May,From Rs. 2000/-,Verbal Reasoning General Knowledge Quantitative Reasoning Logical Reasoning Legal Reasoning Total,30 (30) 30 (30) 30 (30) 30 (30) 30 (30) 150 (150),,,
NMIMS-NPAT (National Test For Programs After 12th),active,,,Arts,BA,NMIMS,https://nmimsnpat.in/,100 Minutes,As per the application window.,Online,1st week of December,+1/-0,10+2 any stream,4th week of May,Multiple dates as per application,Starting from Rs. 2000/-,Quantitative & Numerical Ability Reasoning & General Intelligence Proficiency in English Language Total,40(40) 40(40) 40(40) 120(120),,,
NMIMS-NPAT (National Test For Programs After 12th),active,,,Business,BMS,NMIMS,https://nmimsnpat.in/,100 Minutes,As per the application window.,Online,1st week of December,+1/-0,10+2 any Stream with Mathematics or Statistics,4th week of May,Multiple dates as per application between January to May,Starting from Rs. 2000/-,Quantitative & Numerical Ability Reasoning & General Intelligence Proficiency in English Language Total,40(40) 40(40) 40(40) 120(120),,,
NMIMS-NPAT (National Test For Programs After 12th),active,,,Business,BBA,NMIMS,https://nmimsnpat.in/,100 Minutes,As per the application window.,Online,1st week of December,+1/-0,10+2 any Stream with Mathematics or Statistics is mandatory for Mumbai/ Navi- Mumbai/ Bengaluru campus.,Last week of May,Multiple dates as per application between January 4 to May 31,Starting from Rs. 2000/-,Quantitative & Numerical Ability Reasoning & General Intelligence Proficiency in English Language Total,40(40) 40(40) 40(40) 120(120),,,
NMIMS-NPAT (National Test For Programs After 12th),active,,,Commerce,BSc,NMIMS,https://nmimsnpat.in/,100 Minutes,As per the application window.,Online,1st week in December,+1/-0,10+2 any Stream with Mathematics or Statistics.,4th week of May,Multiple dates as per application,Starting from Rs. 2000/-,Quantitative & Numerical Ability Reasoning & General Intelligence Proficiency in English Language Total,40(40) 40(40) 40(40) 120(120),,,
NMIMS-NPAT (National Test For Programs After 12th),active,,,Economics,BSc,NMIMS,https://nmimsnpat.in/,100 Minutes,As per the application window.,Online,1st week of December,+1/-0,10+2 any Stream with Mathematics or Statistics,4th week of May,Multiple dates as per application,Starting from Rs. 2000/-,Quantitative & Numerical Ability Reasoning & General Intelligence Proficiency in English Language Total,40(40) 40(40) 40(40) 120(120),,,
NMIMS-NPAT (National Test For Programs After 12th),active,,,Hotel Management,BBA,NMIMS,https://nmimsnpat.in/,50 Minutes,As per the application window.,Online,1st week of December,+1/-0,10+2 any stream,4th week of May,Multiple dates as per application between January 4 to May 31,Rs. 1500/-,CA & GK Reasoning & Aptitudes English Language Total,50 (50),Interview to follow after test.,,
NSUEE (NSU Entrance Exam),active,,,Sports and Physical Education,BSc,Manipur,https://nsu.nta.ac.in/,120 Minutes,As per admit card,Online (RPT),Last week of May,+1/-0,10+2 any stream,Last week of June,3rd week of July,Rs. 1000/-,General Aptitude Logical Reasoning Current Affairs English Proficiency General Knowledge.,100 (100),Physical Fitness and Game Proficiency Test to follow. Sports achievement/participation certificates to be taken in consideration.,,
No More Exists LSAT-India (Law School Admission Test),active,,,Law,"BA, LLB",All India,https://www.discoverlaw.in/,,As per admit card,Online (RPT),2nd week of November,,10+2 any Stream,January and May,January and June,Rs 3999/-,Analytical Reasoning Logical Reasoning 1 Logical Reasoning 2 Reading Comprehension Total,23 35 23 24 92,"Candidate will receive a scaled score between 420 and 480, a score band, as well as a percentile rank.",,
OJEE (Odisha Joint Entrance Exam),active,,,Business,BBA,Odisha,https://ojee.nic.in/,60 Minutes,As per admit card,Online,2nd week of February,+4/-1,10+2 any stream,3rd week of March,Mid May,Rs. 1000/-,Quantitative Techniques Analytical & Logical Reasoning Verbal reasoning & Comprehension General Awareness & Business Fundamentals Total,15 (60) 15 (60) 15 (60) 15 (60) 60 (240),Candidate should be permanent Resident of Orissa along with some reservations.,OJEE,ojee
OJEE (Odisha Joint Entrance Exam),active,,,Pharma,BPharm,odisha,https://ojee.nic.in/,120 Minutes,As per admit card,Online,2nd week of Feb,+4/-1,10+2 with PCM/B,3rd week of March,2nd week of May,Rs. 1000/-,Physics Chemistry Maths/Biology Total,40 (160) 40 (160) 40 (160) 120 (480),Candidate should be permanent Resident of Orissa along with some reservations.,OJEE,ojee
OUAT (Orissa University Agriculture Test),active,,,Agriculture,BSc,Odisha,http://ouat.nic.in/,120 Minutes,1030 - 1230 Hrs.,Online,1st week of April,+1/-0,10+2 in science,2nd week of May,3rd week of June,Rs. 1500/-,Physics Chemistry Mathematics/Biology Total,66 (66) 66 (66) 68 (68) 200 (200),Candidates should belong to Orissa with other reservations.,,
OUAT (Orissa University Agriculture Test),active,,,Agriculture; Veterinary Science,BVSc,Odisha,http://ouat.nic.in/,120 Minutes,1030 - 1230 Hrs.,Online,1st week of April,+1/-0,10+2 with PCB,2nd week of May,4th week of June,Rs. 1500/-,Physics Chemistry Biology Total,66 (66) 66 (66) 68 (68) 200 (200),Candidates should belong to Orissa with other reservations.,,
PARA-CET (124) (Paramedical Common Entrance Test),active,,,Medical Allied,BSc,Delhi,http://www.ipu.ac.in/,150 Minutes,As per admit card,Online,3rd week of March,+4/-1,10+2 with PCB,Last week of April,Mid June,Rs. 1500/-,Physics Chemistry Biology Total,25% (150) 25% (150) 50% (300) 150 (600),,,
PARA-CET (124) (Paramedical Common Entrance Test),active,,,Medical Allied,BASLP,Delhi,http://www.ipu.ac.in/,150 Minutes,As per admit card,Online,,,,,,,Physics Chemistry Biology/Maths Total,,,,
PAU-CET (Common Entrance Test),active,,,Agriculture,BSc,Punjab Agriculture University,https://www.pau-apms.in/,180 Minutes,Based on admit card,Offline/Online,May 1,+1/-0.25 (Double for Maths),10+2 with PCM/B,June 26,July 23,Rs. 3000/-,Physics Chemistry Biology/Agri./Home Sc. OR Maths Total,66 (66) 66 (66) 68 (68) 34 (68) (200),,,
PAU-CET (Common Entrance Test),active,,,Engineering,BTech,Punjab,https://www.pau-apms.in/,180 Minutes,Based on admit card,Offline/Online,1st week of May,+1/-0.25 (Double for Maths),10+2 with PCM,Last week of June,Last week of July,Rs. 3000/-,Physics Chemistry Biology/Agri./Home Sc. OR Maths Total,66 (66) 66 (66) 68 (68) 34 (68) (200),,,
PDEU-AT (PDEU- Aptitude Test),active,,,Arts,BBA,"Pandit Deendayal Energy University, Gandhinagar",http://sls.pdpu.ac.in/,90 Minutes(AT)+30 Minutes(CW),,Offline,1st week of February,+0.5/-0,10+2 any stream,Last week of May,1st week of June,Rs.1500/-,English Verbal Abilities Reading Comprehension Quantitative Aptitude Logical Reasoning General Knowledge,100 (50),Test followed by Creative Writing (CW) and Personal Interview,,
PGIMER-EE (PGIMER Entrance Exam),active,,,Medical Allied,BSc,Chandigarh,https://pgimer.edu.in/,150 Minutes,As per Admit card,Pen & Paper Based,,,,,,,Physics Chemistry Biology/Maths General English GK/CA Total,,,,
PGIMER-EE (PGIMER Entrance Exam),active,,,Medical Allied,BASLP,Chandigarh,https://pgimer.edu.in/,150 Minutes,As per Admit card,Pen & Paper Based,,,10+2 with PCM/B,,,Rs. 1500/-,Physics Chemistry Biology/Maths General English GK/CA Total,25 (25) 25 (25) 25 (25) 15 (15) 10 (10) 100 (100),,,
PGIMER-EE (PGIMER Entrance Exam),active,,,Medical Allied,,Chandigarh,https://pgimer.edu.in/,150 Minutes,As per Admit card,Pen & Paper Based,,,10+2 any stream,,,Rs. 1500/-,General English GK/CA General Art Basic Science Total,25 (25) 25 (25) 25 (25) 25 (25) 100 (100),,,
PGIMER-EE (PGIMER Entrance Exam),active,,,Nursing,BSc,Chandigarh,https://pgimer.edu.in/,150 Minutes,As per Admit card,Pen & Paper Based,,,,,,,Physics Chemistry Biology/Maths General English GK/CA Total,,,,
PHARMA-CET (133) (Pharmacy Common Entrance Test),active,,,Pharma,BPharm,Delhi,http://www.ipu.ac.in/,150 Minutes,As per admit card,Online,3rd week of March,+4/-1,10+2 with PCM/B,Last week of April,Mid June,Rs. 1500/-,Biology Physics Chemistry English & General Awareness Total,25% 25% 25% 25% 100%,,,
PU LLB-CET (PU Common Entrance Test),active,,,Law,"BA, LLB",Punjab,https://www.uglaw.puchd.ac.in/,,As per the Admit card,Offline,3rd week of April,+1/-0,Graduation,4th week of May,1st week of June,Rs. 2175/-,CA & GK Legal Aptitude Reasoning Ability & Knowledge of English Total,30 (30) 40 (40) 30 (30) 100 (100),,,
PU-5 Year LLB-ET (PU LLB Entrance Test),active,,,Law,"BA, LLB",Punjab,https://www.uglaw.puchd.ac.in/,,As per the Admit card,Offline,Mid March,+1/-0.25,10+2 any Stream,1st week of April,Last week of April,Rs. 2175/-,General Knowledge & Current Affairs Aptitude for Law Testing Mental Ability English Language Total,60 (60) 20 (20) 10 (10) 10 (10) 100 (100),,,
PU-CET (PAU Common Entrance Test),active,,,Agriculture,BPharm,Punjab,https://cetug.puchd.ac.in/,210 Minutes,As per admit card,Offline,1st week of March,+2/-0.25,10+2 in Science,1st week of April,4th week of April,Rs. 2395/-,Physics Chemistry Biology/Maths Total,60 (60) 60 (60) 60 (60) 180 (360),Permanent Resident of Punjab State with some other reservations.,,
PU-CET (PAU Common Entrance Test),active,,,Biotechnology,BSc,Punjab,https://cetug.puchd.ac.in/,210 Minutes,As per admit card,Offline,1st week of March,+2/-0.25,10+2 in Science,1st week of April,3rd week of April,Rs. 2395/-,Physics Chemistry Biology/Maths Total,60 (60) 60 (60) 60 (60) 180 (360),Permanent Resident of Punjab State with some other reservations.,,
PU-CET (PAU Common Entrance Test),active,,,Science,BSc,Punjab,https://cetug.puchd.ac.in/,210 Minutes,As per admit card,Offline,1st week of March,+2/-0.25,10+2 in Science,1st week of April,4th week of April,Rs. 2395/-,Physics Chemistry Biology/Maths Total,60 (60) 60 (60) 60 (60) 180 (360),Permanent Resident of Punjab State with some other reservations.,,
PWC-ET (Entrance Test),active,,,Arts,BA,Patna Women's College,https://patnawomenscollege.in/,120 Minutes,As per admit card,Online,4th week of March,+1/-0,10+2 any stream,Mid May,Multiple dates in June,Rs. 1000/-,General Knowledge and Aptitude Test Questions related with all major subjects of Humanities and Social Sciences Total,25 (25) 75 (75) 100 (100),,,
PWC-ET (Entrance Test),active,,,Business,BBA,Patna Women's College,https://patnawomenscollege.in/,120 Minutes,As per admit card,Online,4th week of March,+1/-0,10+2 any stream,2nd week of May,Multiple dates in June,Rs. 1000/-,General English Quantitative Aptitude GK GS Reasoning Economics Total,100 (100),,,
PWC-ET (Entrance Test),active,,,Commerce,BCom,Patna Women's College,https://patnawomenscollege.in/,120 Minutes,As per admit card,Online,Last week of March,+1/-0,10+2 with Commerce related subjects/Maths,Mid May,Multiple dates in June,Rs. 1000/-,General Knowledge and Aptitude Test Questions related with the subject Total,25 (25) 75 (75) 100 (100),,,
PWC-ET (Entrance Test),active,,,Computer Application,BCA,Patna Women's College,https://patnawomenscollege.in/,120 Minutes,As per admit card,Online,4th week of March,+1/-0,10+2 with Maths,2nd week of May,Multiple dates in June,Rs. 1000/-,General English Quantitative Aptitude GK GS Total,100 (100),,,
PWC-ET (Entrance Test),active,,,Economics,BA,Patna Women's College,https://patnawomenscollege.in/,120 Minutes,As per admit card,Online,Last week of March,+1/-0,10+2 with Maths,2nd week of May,Multiple dates in June,Rs. 1000/-,General Knowledge and Aptitude Test Questions related to Economics Total,25 (25) 75 (75) 100 (100),,,
PWC-ET (Entrance Test),active,,,Journalism & Media,BA,Patna Women's College,https://patnawomenscollege.in/,120 Minutes,As per admit card,Online,Last week of March,+1/-0,10+2 any stream,2nd week of May,Multiple dates in June,Rs. 1000/-,General English GK Current Affairs Total,100 (100),,,
PWC-ET (Entrance Test),active,,,Science,BSc,Patna Women's College,https://patnawomenscollege.in/,120 Minutes,As per admit card,Online,Last week of March,+1/-0,10+2 with Science,2nd week of May,Multiple dates in June,Rs. 1000/-,General Knowledge and Aptitude Test Physics and Chemistry Biology/ Maths+Stats Total,10 (10) 60 (60) 30 (30) 100 (100),,,
RACKON-ST (RACKON Selection Test),replaced,NEET-UG,,Nursing,BSc,Delhi,http://www.rakcon.com/,150 Minutes,As per admit card,Offline,,,,,,,,Physics Chemistry Biology English Comprehension General Knowledge in health Total,,,
RJET (Rajasthan Joint Entrance Test),active,,,Agriculture,BSc,Rajasthan,https://www.jetauj2023.com/,120 Minutes,1100 – 1300 Hrs,Offline,3rd week of February,+4/-1,10+2 in Science,Last week of March,Mid May,Rs. 1400/-,Agriculture Physics Chemistry Biology Mathematics Total,40 (160) 40 (160) 40 (160) 40 (160) 40 (160) 200 (800),Candidate should belong to Rajasthan with other reservations.,,
RJET (Rajasthan Joint Entrance Test),active,,,Agriculture; Veterinary Science,BFSc,Rajasthan,https://www.jetauj2023.com/,120 Minutes,1100 – 1300 Hrs,Offline,4th week of February,+4/-1,10+2 with PCB,Last week of March,Mid May,Rs. 1400/-,Agriculture Physics Chemistry Biology Mathematics Total,40 (160) 40 (160) 40 (160) 40 (160) 40 (160) 200 (800),Candidate should belong to Rajasthan with other reservations.,,
RULET (Raj. University Law Entrance Test),active,,,Law,"BA, LLB",Rajasthan,https://www.uniraj.ac.in/,,As per admit card,Offline,3rd week of September,+1/-0,10+2 any Stream,Last week of September,1st week of October,Rs. 2000/-,Language Ability Legal Reasoning G.K. General Science & Social Studies Total,200 (200),Test Followed by Interview,,
SEED (Symbiosis Entrance Exam for Design),active,,,Design,BDes,Symbiosis,https://www.set-test.org/,150 Minutes,Based on admit card,Online,1st week of September,+1/-0,10+2 any Stream,1st week of January,Mid January,Rs. 1950+1000/-,"Objective questions on color, geometry, visual observations, creative thinking abilities, general design awareness, awareness on Indian culture, craft and traditions etc.",150 (150),Separate Application Fee to be paid for different institutions you wish to apply under SEED. Portfolio and Personal Interaction for SID to be conducted later.,,
SET-GENERAL (Symbiosis Entrance Test),active,,,Arts,BA,Symbiosis,https://www.set-test.org/,60 minutes,1130 – 1230 hrs.,Online,Mid December,+1/-0,10+2 any Stream,Mid April,2nd week of May,Rs. 1950+1000/-,General English Quantitative General Awareness Analytical & Logical Reasoning Total,16 (16) 16 (16) 16 (16) 12 (12) 60 (60),Separate Application Fee to be paid for different institutions you wish to apply under SET.,,
SET-GENERAL (Symbiosis Entrance Test),active,,,Business,BMS,Symbiosis,https://www.set-test.org/,60 minutes,1130 – 1230 hrs.,Online,3rd week of December,+1/-0,10+2 any Stream,3rd week of April,May,Rs. 1950+1000/-,General English Quantitative General Awareness Analytical & Logical Reasoning Total,16 (16) 16 (16) 16 (16) 12 (12) 60 (60),Separate Application Fee to be paid for different institutions you wish to apply under SET.,,
SET-GENERAL (Symbiosis Entrance Test),active,,,Computer Application,BCA,Symbiosis,https://www.set-test.org/,60 minutes,1130 – 1230 hrs.,Online,3rd week of December,+1/-0,10+2 any stream,Mid April,2nd week of May,Rs. 1950+1000/-,General English Quantitative General Awareness Analytical & Logical Reasoning Total,16 (16) 16 (16) 16 (16) 12 (12) 60 (60),Separate Application Fee to be paid for different institutions you wish to apply under SET.,,
SET-GENERAL (Symbiosis Entrance Test),active,,,Economics,BSc,Symbiosis,https://www.set-test.org/,60 minutes,1130 – 1230 hrs.,Online,3rd week of December,+1/-0,10+2 any Stream,Mid April 16,2nd week of May,Rs. 1950+1000/-,General English Quantitative General Awareness Analytical & Logical Reasoning Total,16 (16) 16 (16) 16 (16) 12 (12) 60 (60),Separate Application Fee to be paid for different institutions you wish to apply under SET.,,
SET-GENERAL (Symbiosis Entrance Test),active,,,Journalism & Media,BA,Symbiosis,https://www.set-test.org/,60 Minutes,1130 – 1230 hrs.,Online,Mid December,+1/-0,10+2 any Stream,Mid April,2nd week of May,Rs. 1950+1000/-,General English Quantitative General Awareness Analytical & Logical Reasoning Total,16 (16) 16 (16) 16 (16) 12 (12) 60 (60),Separate Application Fee to be paid for different institutions you wish to apply under SET.,,
SET-GENERAL (Symbiosis Entrance Test),active,,,Science,BSc,Symbiosis,https://www.set-test.org/,60 minutes,1130 – 1230 hrs.,Online,Mid December,+1/-0,10+2 with Maths,Mid April,Multiple dates in May,Rs. 1950+1000/-,General English Quantitative General Awareness Analytical & Logical Reasoning Total,16 (16) 16 (16) 16 (16) 12 (12) 60 (60),Separate Application Fee to be paid for different institutions you wish to apply under SET.,,
SITEEE (Engineering Entrance Exam),active,,,Engineering,BTech,Symbiosis,https://www.set-test.org/,60 minutes,1400 – 1500 hrs.,Online,Mid December,+2/-0,10+2 with PCM,Mid April,Multiple dates in May,Rs. 1950+1000/-,Physics Chemistry Maths Total,15 (30) 15 (30) 30 (60) 150 (150),Separate Application Fee to be paid for different institutions you wish to apply under SET.,,
SKUAST-J CET (Common Entrance Test),active,,,Agriculture,BSc,SKUAST Jammu,https://skuast.org/,150 Minutes,1000 -1230 Hrs.,Pen & Paper Based,3rd week of April,+1/-0.25,10+2 in Science,3rd week of May,3rd week of June,Rs. 1800/-,Physics Chemistry Mathematics/Biology/ Agriculture Total,60 (60) 60 (60) 60 (60) 180 (180),Candidates should belong to Jammu & Kashmir with other reservations.,,
SKUAST-J CET (Common Entrance Test),active,,,Agriculture; Veterinary Science,BVSc,SKUAST Jammu,https://skuast.org/,150 Minutes,1000 -1230 Hrs.,Pen & Paper Based,3rd week of April,+1/-0.25,10+2 with PCB,3rd week of May,3rd week of June,Rs. 1800/-,Physics Chemistry Biology Total,60 (60) 60 (60) 60 (60) 180 (180),Candidates should belong to Jammu & Kashmir with other reservations.,,
SKUAST-K CET (Common Entrance Test),active,,,Agriculture,BSc,SKUAST Kashmir,https://skuastkashmir.ac.in/,135 Minutes,1000-1215 Hrs.,Pen & Paper Based,3rd week of March,+1/-0,10+2 in PCM (PCM for B.Tech. Agri. Engg. only),Last week of April,1st week of June,Rs. 1500/-,Physics Chemistry Maths / Biology Total,45 (45) 45 (45) 45 (45) 135 (135),Candidates should belong to Jammu & Kashmir with other reservations.,,
SKUAST-K CET (Common Entrance Test),active,,,Agriculture; Veterinary Science,BVSc,SKUAST Kashmir,https://skuastkashmir.ac.in/,135 Minutes,1000-1215 Hrs.,Pen & Paper Based,3rd week of March,+1/-0,10+2 with PCB,Last week of April,1st week of June,Rs. 1500/-,Physics Chemistry Biology Total,45 (45) 45 (45) 45 (45)* 135 (135),Candidates should belong to Jammu & Kashmir with other reservations.,,
SLAT (Symbiosis Law Admission Test),active,,,Law,"BA, LLB",Symbiosis,https://www.set-test.org/,,900-1000 Hrs.,Online,Mid December,+1/-0,10+2 any Stream,Mid April,May,Rs. 1950+1000/-,Logical Reasoning Legal Reasoning Analytical Reasoning Reading Comprehension General Knowledge Total,12 (12) 12 (12) 12 (12) 12 (12) 12 (12) 60 (60),Separate Application Fee to be paid for different institutions you wish to apply under SLAT. Test Followed by PI-WAT,,
SMAID-ET (SMAID – Entrance Test),replaced,GUJCET,,Planning,BPlan,Gujarat,http://smaid.edu.in/,30 Minutes,As per admit card,Online,1st week of August,+2/-0,10+2 with PCM,3rd week of August,3rd week of August,Rs. 800/-,Questions based on General Awareness,10 (20),,,
SMAT- UG (Sports Management Admission Test),active,,,Sports and Physical Education,,"International Institute of Sports Management, Mumbai",https://www.iismworld.com/,80 Minutes,As per Admit Card,Online,March,+1/-0,10+2 any stream,June & July,June & July,Rs. 1200/-,"Quantitative Analysis Data Interpretation Logical Reasoning Verbal Ability, Reasoning & Comprehension Sports Awareness Total",12 (12) 12 (12) 12 (12) 20 (20) 24 (24) 80 (80),Interview to follow,,
SMEAT-UG (Srishti Manipal Entrance & Aptitude Test),active,,,Design,BDes,Srishti Manipal,http://srishtimanipalinstitute.in/,,Based on admit card,Online,"February, April & June",+1/-0,10+2 any Stream,"March, May & July","April, June & July",Rs. 3000/-,Test 1: General Test of ability Test 2: Theme or Context based Test (will be sent to the applicant before the test date),,,,
SNIoE – DAT (Design Aptitude Test),active,,,Design,BDes,Delhi,https://home.pearsonvue.com/snu,,As per admit card,Online,March and June,,10+2 with English,June and July,June and July,Rs. 2500/-,General Awareness Reasoning Visualization & Observational skill Creativity,(20) (20) (40) (20),Interview followed by the test.,,
SNUSAT (Scholastic Aptitude Test),active,,,Arts,BA,Delhi,https://home.pearsonvue.com/snu,,As per admit card,Online,Dec & April,,10+2 with English,March and June,"April, May and June",Rs. 2500/-,Verbal reasoning Quantitative ability Abstract reasoning Essay,,Interview followed by the test.,,
SNUSAT (Scholastic Aptitude Test),active,,,Business,BMS,Shiv Nadar University,https://home.pearsonvue.com/snu,,As per admit card,Online,Dec & April,,10+2 with English,March and June,"April, May and June",Rs. 2500/-,Verbal reasoning Quantitative ability Abstract reasoning Essay,,Interview followed by the test.,,
SNUSAT (Scholastic Aptitude Test),active,,,Economics,BSc,Delhi,https://home.pearsonvue.com/snu,,As per admit card,Online,Dec & April,,10+2 with Maths,March and June,"April, May and June",Rs. 2500/-,Verbal reasoning Quantitative ability Abstract reasoning Essay,,Interview followed by the test.,,
SNUSAT (Scholastic Aptitude Test),active,,,Science,BSc,Delhi,https://home.pearsonvue.com/snu,,As per admit card,Online,December & April,,10+2 with PCM/B,March and June,"April, May and June",Rs. 2500/-,Verbal reasoning Quantitative ability Abstract reasoning Essay,,Interview followed by the test.,,
SNUSAT +APT (Scholastic Aptitude Test + Academic Proficiency Test),active,,,Engineering,BTech,Delhi,https://home.pearsonvue.com/snu,,As per admit card,Online,Dec & April,,10+2 with PCM,March and June,"April, May and June",Rs. 2500/-,SAT Verbal reasoning Quantitative ability Abstract reasoning Essay APT Physics Maths,,Interview followed by the test.,,
SOETAP - UG (SHUATS Online Entrance Test for Agriculture and Pharmacy),active,,,Agriculture,BSc,SHUATS,https://shuats.edu.in/,120 Minutes,1100 – 1300 Hrs.,Online,April,+1/-1,10+2 in Science,1st week of June,1st week of June,Rs. 2000/-,"General Aptitude UG1 - Any 3 (Physics, Chemistry, Maths, Biology, Home Science) UG2 - Agriculture",160(160),,,
SOETAP - UG (SHUATS Online Entrance Test for Agriculture and Pharmacy),active,,,Nursing,BSc,SHUATS,https://shuats.edu.in/,120 Minutes,1100 – 1300 Hrs.,Online,April,+1/-1,10+2 in Science,1st week of June,1st week of June,Rs. 2000/-,"General Aptitude UG1 - Any 3 (Physics, Chemistry, Maths, Biology, Home Science) UG2 - Agriculture",160(160),,,
SOFT ET,active,,,Design,BDes,Symbiosis Institute of Design,https://soft.ac.in/,,Based on admit card,Online,3rd week of November,+1/-0,10+2 any Stream,3rd week of April,May,Rs. 3000/-,General Ability Test Quantitative Aptitude Verbal & Logical Reasoning Analytical Ability Creative Ability Total,15 (15) 15 (15) 15 (15) 15 (15) 60 (60),Test followed by Studio test(140 Marks) & PI: Portfolio+SOP (50 Marks),,
SPPU–OEE (Online Entrance Exam),active,,,Arts,BFA,Pune University,http://www.unipune.ac.in/,120 Minutes,Based on Admit Card,Online,2nd week of May,+1/-0.33,10+2 any stream,2nd week of June,4th week of June,,"Section A: GK, Aptitude, Logic, Comprehension, Section B: Subject Specific Total",20 (20) 80 (80) 100 (100),,,
SPPU–OEE (Online Entrance Exam),active,,,Biotechnology,BSc,Pune University,http://www.unipune.ac.in/,120 Minutes,Based on Admit Card,Online,2nd week of May,+1/-0.33,10+2 with PCM/B,2nd week of June,3rd week of June,,"Section A: GK, Aptitude, Logic, Comprehension, Section B: Physics, Chemistry, Maths/Biology Total",20 (20) 80 (80) 100 (100),,,
SPPU–OEE (Online Entrance Exam),active,,,Computer Science,BSc,Pune University,http://www.unipune.ac.in/,120 Minutes,Based on Admit Card,Online,2nd week of May,+1/-0.33,10+2 with PCM,2nd week of June,4th week of June,,"Section A: GK, Aptitude, Logic, Comprehension, Section B: Subject Specific Total",20 (20) 80 (80) 100 (100),,,
SPPU–OEE (Online Entrance Exam),active,,,Engineering,BTech,Pune University,http://www.unipune.ac.in/,120 Minutes,Based on Admit Card,Online,2nd week of May,+1/-0.33,10+2 with PCM,2nd week of June,4th week of June,,"Section A: GK, Aptitude, Logic, Comprehension, Section B: Physics, Chemistry, Maths Total",20 (20) 80 (80) 100 (100),,,
SPPU–OEE (Online Entrance Exam),active,,,Hotel Management,BBA,Pune University,http://www.unipune.ac.in/,120 Minutes,Based on Admit Card,Online,2nd week of May,+1/-0.33,10+2 any stream,2nd week of June,4th week of June,,"Section A: GK, Aptitude, Logic, Comprehension, Section B: Comprehension and Verbal ability, Logical Reasoning, Quantitative Ability, Services Aptitude Total",20 (20) 80 (80) 100 (100),,,
SRMJEE-L (UG) (SRM Joint Entrance Examination – Law Program),active,,,Law,"BA, LLB",SRM University,https://www.srmist.edu.in/,90 Minutes,As per the Admit Card,Online,4th week of November,,10+2 any stream,4th week of April & May,Last week of April and 1st week of June,Rs. 1200/-,English Legal Aptitude Logical Reasoning GK& CA Elementary Maths Picture Based Questions,10 25 10 20 5 5,,,
SRMJEEE (UG) (SRM-Joint Engineering Entrance Exam),active,,,Biotechnology,BTech,SRM University,https://www.srmist.edu.in/,150 Minutes,As per the Admit Card,Online,"November, April & June",+1/-0,10+2 with PCM/B,April & June,"April, June & July",Rs. 1200/-,Physics Chemistry Maths/ Biology Aptitude English Total,35 (35) 35 (35) 40 (40) 10 (10) 5 (5) 125 (125),,,
SRMJEEE (UG) (SRM-Joint Engineering Entrance Exam),active,,,Engineering,BTech,SRM University,https://www.srmist.edu.in/,150 Minutes,As per the Admit Card,Online,"November, April & June",+1/-0,10+2 with PCM/B,April & June,"April, June & July",Rs. 1200/-,Physics Chemistry Maths/ Biology (for Health Science) Aptitude English Total,35 (35) 35 (35) 40 (40) 10 (10) 5 (5) 125 (125),,,
SRMJEEE (UG) (SRM-Joint Engineering Entrance Exam),active,,,Psychology,BSc,SRM University,https://www.srmist.edu.in/,150 Minutes,As per the Admit Card,Online,"April, June & July",+1/-0,10+2 with PCM/B,"April, June & August","April, June & August",Rs. 1200/-,Physics Chemistry Maths/ Biology (for Health Science) Aptitude English Total,35 (35) 35 (35) 40 (40) 10 (10) 5 (5) 125 (125),,,
SRMJEEH (UG) (SRM Joint Entrance Examination Health Science Program),active,,,Nursing,BSc,SRM University,https://www.srmist.edu.in/,150 Minutes,As per the Admit Card,Online,"April, June & July",+1/-0,10+2 with PCM/B,"April, June & August","April, June & August",Rs. 1200/-,Physics Chemistry Maths/ Biology (for Health Science) Aptitude English Total,35 (35) 35 (35) 40 (40) 10 (10) 5 (5) 125 (125),,,
SRU-AIEE (SRU All India Entrance Examination),active,,,Engineering,BTech,"Sri Ramachandra University, Chennai",https://www.sriramachandra.edu.in/,180 Minutes,1000-1300 Hrs,Offline,,Differential/-0,10+2 with PCM,,,Rs. 1000/-,Mathematics Physics Chemistry GK Total,70 50 50 10 180 (100),,,
SRU-EE Group A (SRU Entrance Exam),active,,,Medical Allied,,"Sri Ramachandra University, Chennai",https://www.sriramachandra.edu.in/,180 Minutes,As per admit card,Offline,,,,,,,Physics Chemistry Biology / Mathematics Total,,,,
SRU-EE Group A (SRU Entrance Exam),active,,,Medical Allied,BASLP,"Sri Ramachandra University, Chennai",https://www.sriramachandra.edu.in/,180 Minutes,As per admit card,Offline,,,,,,,Physics Chemistry Biology / Mathematics Total,45 45 90 180 (100),,,
SSSIHL-UGT (Under Graduate Test),active,,,Arts,BA,Andhra Pradesh,https://www.sssihl.edu.in/,,As per admit card,Online,1st week of April,+1/-0.25,10+2 with English,Last week of May,1st week of June,Rs. 100/-,General English History Political Science Economics/Advanced English,40 (40) 40 (40) 40 (40) 40 (40) 160 (160),Check Gender,,
SSSIHL-UGT (Under Graduate Test),active,,,Business,BMS,Andhra Pradesh,https://www.sssihl.edu.in/,,As per admit card,Online,1st week of April,+1/-0.25,10+2 with English,Last week of May,2nd week of June,Rs. 100/-,Verbal Skills Numerical Skills Reasoning Skills Essay Total,40 (40) 40 (40) 40 (40) 1 (10) 121 (130),Check Gender,,
SSSIHL-UGT (Under Graduate Test),active,,,Commerce,BCom,Andhra Pradesh,https://www.sssihl.edu.in/,,As per admit card,Online,1st week of April,+1/-0.25,10+2 with English,Last week of May,1st week of June,Rs. 100/-,"General English Accounts, Commerce, Economics/ Maths/Stats OR Accounts, Economics, Maths Total",40 (40) 40 each (120) 160 (160),Check Gender,,
SSSIHL-UGT (Under Graduate Test),active,,,Computer Science,BSc,Andhra Pradesh,https://www.sssihl.edu.in/,,As per admit card,Online,1st week of April,+1/-0.25,10+2 with English,Last week of May,1st week of June,Rs. 100/-,Verbal Skills Mathematical Skills Logical Reasoning & Quantitative Aptitude Total,40 (40) 60 (60) 60 (60) 151 (160),Check Gender,,
SSSIHL-UGT (Under Graduate Test),active,,,Economics,BSc,Andhra Pradesh,https://www.sssihl.edu.in/,,As per admit card,Online,1st week of April,+1/-0.25,10+2 any stream,Last week of May,1st week of June,Rs. 100/-,"General English Maths, Economic, Stats Total",40 (40) 40 each (120) 160 (160),Check Gender,,
SSSIHL-UGT (Under Graduate Test),active,,,Food,BSc,Andhra Pradesh,https://www.sssihl.edu.in/,,As per admit card,Online,Last week of May,+1/-0.25,10+2 in Science,1st week of June,1st week of June,Rs. 100/-,"General English Maths, Physics, Chemistry OR Botany, Zoology, Chemistry Total",40 (40) 40 each (120) 160 (160),Program for Women Candidates only,,
SSSIHL-UGT (Under Graduate Test),active,,,Science,BSc,Andhra Pradesh,https://www.sssihl.edu.in/,,As per admit card,Online,1st week of April,+1/-0.25,10+2 with PCM/B,Last week of May,1st week of June,Rs. 100/-,General English Maths+Physics+Chemistry Total,40 (40) 40 each (120) 160 (160),Check Gender,,
SSSIHL-UGT (Under Graduate Test),active,,,Science,BSc,Andhra Pradesh,https://www.sssihl.edu.in/,,As per admit card,Online,1st week of April,+1/-0.25,10+2 with PCB,Last week of May,1st week of June,Rs. 100/-,"General English Botany, Zoology, Chemistry Total",40 (40) 40 each (120) 160 (160),Check Gender,,
SSSIHL-UGT (Under Graduate Test),active,,,Science,BSc,Andhra Pradesh,https://www.sssihl.edu.in/,,As per admit card,Online,Last week of April,+1/-0.25,10+2 any stream with Maths/Stats,2nd week of July,1st week of August,Rs. 100/-,"General English Maths, Economic, Stats OR Maths, Physics, Chem. OR Maths, Com. Sci. Stats Total",40 (40) 40 each (120) 160 (160),Check Gender,,
STEP (Systematic Training & Education Program),active,,,Hotel Management,BHM,All India,https://www.oberoigroup.com/,,,,February,,10+2 any Stream,April,April-May,No registration charges,Assessments and Interviews,,,,
TG-EAPCET AM (Engineering Agriculture & Medical Common Entrance Test),active,,TS-EAMCET,Agriculture,BSc,Telangana,https://eamcet.tsche.ac.in/,180 Minutes,900 – 1200 & 1500 – 1800 Hrs.,Computer Based,1st week ofMarch,+1/-0,10+2 in Science,2nd week of April,2nd week of May,Rs. 800/-,Physics Chemistry Botany Zoology Total,40 (40) 40 (40) 40 (40) 40 (40) 160 (160),Candidate should belong to Telangana with other reservations.,TGEAPCET,tgeapcet
TG-EAPCET AM (Engineering Agriculture & Medical Common Entrance Test),active,,TS-EAMCET,Agriculture; Veterinary Science,BFSc,Telangana,https://eamcet.tsche.ac.in/,180 Minutes,900 – 1200 & 1500 – 1800 Hrs.,Computer Based,1st week of March,+1/-0,10+2 with PCB,2nd week of April,2nd week of May,Rs. 800/-,Physics Chemistry Botany Zoology Total,40 (40) 40 (40) 40 (40) 40 (40) 160 (160),Candidate should belong to Telangana with other reservations.,TGEAPCET,tgeapcet
TG-EAPCET AM (Engineering Agriculture & Medical Common Entrance Test),active,,TS-EAMCET,Pharma,BPharm,Telangana,https://eamcet.tsche.ac.in/,180 Minutes,900 – 1200 & 1500 – 1800 Hrs.,Online,1st week of March,+1/-0,10+2 in Science,2nd week of April,2nd week of May,Rs. 800/-,Physics Chemistry Botany Zoology Total,40 (40) 40 (40) 40 (40) 40 (40) 160 (160),Candidate should belong to Telangana with other reservations.,TGEAPCET,tgeapcet
TG-EAPCET E (Engineering Agriculture & Medical Common Entrance Test) Engineering,active,,TS-EAMCET,Agriculture,BTech,Telangana,https://eamcet.tsche.ac.in/,180 Minutes,900 – 1200 & 1500 – 1800 Hrs.,Computer Based,1st week of March,+1/-0,10+2 in Science,2nd week of April,2nd week of May,Rs. 800/-,Physics Chemistry Maths Total,40 (40) 40 (40) 80 (80) 160 (160),Candidate should belong to Telangana with other reservations.,TGEAPCET,tgeapcet
TG-EAPCET E (Engineering Agriculture & Medical Common Entrance Test) Engineering,active,,TS-EAMCET,Engineering,BE,Telangana,https://eamcet.tsche.ac.in/,180 Minutes,900 – 1200 & 1500 – 1800 Hrs.,Computer Based,1st week of March,+1/-0,10+2 with PCM,2nd week of April,3rd week of May,Rs. 800/-,Physics Chemistry Maths Total,40 (40) 40 (40) 80 (80) 160 (160),Candidate should belong to Telangana with other reservations.,TGEAPCET,tgeapcet
TG-EAPCET E (Engineering Agriculture & Medical Common Entrance Test) Engineering,active,,TS-EAMCET,Planning,BTech,Telangana,https://eamcet.tsche.ac.in/,180 Minutes,900 – 1200 & 1500 – 1800 Hrs.,Computer Based,1st week of March,+1/-0,10+2 with PCM,2nd week of April,2nd week of May,Rs. 800/-,Physics Chemistry Maths Total,40 (40) 40 (40) 80 (80) 160 (160),Candidate should belong to Telangana with other reservations.,TGEAPCET,tgeapcet
TISS-BAT (Bachelor Aptitude Test),replaced,CUET-UG,,Arts,BA,TISS,https://www.tiss.edu/,60 Minutes,1430-1530 Hrs.,Online,End of August,+1/-0,10+2 any Stream,2nd Week of September,3rd Week of September,Rs. 1000/-,• Verbal Ability • Mathematics & Logical Reasoning • General Awareness Total,20 (20) 20 (20) 20 (20) 100 (100),,,
TSLAS-OT (Thapar School of Liberal Arts and Sciences-Online Test),active,,,Arts,BA,Punjab,https://admission.thapar.edu/,As per admit card,As per admit card,Online,March,,10+2 any stream,Multiple dates as per application,Multiple dates as per application,Rs. 1500/-,General Awareness Aptitude and Analytical Skills Logical Reasoning,,SOP to be submitted at the time of application. Test followed by PI,,
UCEED (Undergraduate Common Entrance Exam for Design),active,,,Design,BDes,IIT,http://www.uceed.iitb.ac.in/,180 Minutes,900 – 1200 Hrs.,Online+Offline,,,,,,,Part 1 - Online Sec. A- Numerical Answer Type Sec. B - Multiple Selection Question Sec. C- Multiple Choice Question Part 2 – Offline Sketching Total,18 (72) 18(72) 32(96) 1 (60) 69 (300),,,
CLAT (Common Law Admission Test),active,,UG-CLAT,Law,"BA, LLB",All India,https://consortiumofnlus.ac.in/,,1500-1700 Hrs.,Offline,2nd week of August,+1/-0.25,10+2 any Stream,3rd week of November,3rd week of December,Rs. 4000/-,English CA including GK Legal Reasoning Logical Reasoning Quantitative Techniques Total,120 (120),,CLAT,clat
UG-JET (Jain Entrance Test),active,,,Arts,BA,Jain University,https://www.jainuniversity.ac.in/,120 Minutes,As per admit card,Online,1st week of November,+1/-0,10+2 any Stream,Multiple Phases till July.,As per application.,Rs. 550/-,Reading Comprehension Subject Based Basic Mathematics GK and Current Affairs Total,20 (20) 20 (20) 20 (20) 40 (40) 100 (100),Personal Interview to follow,,
UG-JET (Jain Entrance Test),active,,,Business,BBA,Jain University,https://www.jainuniversity.ac.in/,120 Minutes,As per admit card,Online,1st week of November,+1/-0,10+2 with Commerce or Science subjects,Multiple Phases till July.,As per application.,Rs. 550/-,Reading Comprehension Subject Based Basic Mathematics GK and Current Affairs Total,20 (20) 20 (20) 20 (20) 40 (40) 100 (100),Personal Interview to follow,,
UG-JET (Jain Entrance Test),active,,,Commerce,BCom,Jain University,https://www.jainuniversity.ac.in/,120 Minutes,As per admit card,Online,1st week of November,+1/-0,10+2 with Commerce or Science Subjects,Multiple Phases till July.,As per application.,Rs. 550/-,Reading Comprehension Subject Based Basic Mathematics GK and Current Affairs Total,20 (20) 20 (20) 20 (20) 40 (40) 100 (100),Personal Interview to follow,,
UG-JET (Jain Entrance Test),active,,,Computer Application,BCA,Jain University,https://www.jainuniversity.ac.in/,120 Minutes,As per admit card,Online,1st week of November,+1/-0,10+2 with Maths,Multiple Phases till July.,As per application. Test Date: NA,Rs. 550/-,Reading Comprehension Subject Based Basic Mathematics GK and Current Affairs Total,20 (20) 20 (20) 20 (20) 40 (40) 100 (100),Personal Interview to follow,,
UG-JET (Jain Entrance Test),active,,,Design,BSc,Jain University,https://www.jainuniversity.ac.in/,120 Minutes,As per admit card,Online,1st week of November,+1/-0,10+2 with Maths,Multiple Phases till July.,As per application. Test Date: NA,Rs. 550/-,Reading Comprehension Subject Based Basic Mathematics GK and Current Affairs Total,20 (20) 20 (20) 20 (20) 40 (40) 100 (100),Personal Interview to follow,,
UG-JET (Jain Entrance Test),active,,,Economics,BA,Jain University,https://www.jainuniversity.ac.in/,120 Minutes,As per admit card,Online,1st week of November,+1/-0,10+2 any stream,Multiple Phases till July.,As per application. Test Date: NA,Rs. 550/-,Reading Comprehension Subject Based Basic Mathematics GK and Current Affairs Total,20 (20) 20 (20) 20 (20) 40 (40) 100 (100),Personal Interview to follow,,
UG-JET (Jain Entrance Test),active,,,Fine Arts,BFA,Jain University,https://www.jainuniversity.ac.in/,120 Minutes,As per admit card,Online,1st week of November,+1/-0,10+2 any stream,Multiple Phases till July.,As per application. Test Date: NA,Rs. 550/-,GK and Current Affairs Basic Mathematics Subject Based Visualization (Drawing Based) Total,20 (20) 20 (20) 20 (20) 1 (40) 61(100),Personal Interview to follow,,
UG-JET (Jain Entrance Test),active,,,Journalism & Media,BA,Jain University,https://www.jainuniversity.ac.in/,120 Minutes,As per admit card,Online,1st week of November,+1/-0,10+2 any Stream,Multiple Phases till July.,As per application.,Rs. 550/-,Reading Comprehension Subject Based Basic Mathematics GK and Current Affairs Total,20 (20) 20 (20) 20 (20) 40 (40) 100 (100),Personal Interview to follow,,
UG-JET (Jain Entrance Test),active,,,Medical Allied,BPT,Jain University,https://www.jainuniversity.ac.in/,120 Minutes,As per admit card,Online,1st week of November,+1/-0,10+2 Science,Multiple Phases till July.,As per application.,Rs. 550/-,Reading Comprehension Subject Based GK and Current Affairs Total,20 (20) 40 (40) 40 (40) 100 (100),Personal Interview to follow,,
UG-JET (Jain Entrance Test),active,,,Science,BSc,Jain University,https://www.jainuniversity.ac.in/,120 Minutes,As per admit card,Online,1st week of November,+1/-0,"10+2 with Physics, Chemistry & Biology/Mathematics.",Multiple Phases till July.,As per application.,Rs. 550/-,Reading Comprehension Subject Based Basic Mathematics GK and Current Affairs Total,20 (20) 20 (20) 20 (20) 40 (40) 100 (100),Personal Interview to follow,,
UG-JET (Jain Entrance Test),active,,,Science,BSc,Jain University,https://www.jainuniversity.ac.in/,120 Minutes,As per admit card,Online,1st week of November,+1/-0,10+2 with Commerce or Science Subjects,Multiple Phases till July.,As per application.,Rs. 550/-,Reading Comprehension Subject Based Basic Mathematics GK and Current Affairs Total,20 (20) 20 (20) 20 (20) 40 (40) 100 (100),Personal Interview to follow,,
UG-JET (Jain Entrance Test),active,,,Sports and Physical Education,BBA,Jain University,https://www.jainuniversity.ac.in/,120 Minutes,As per admit card,Online,1st week of November,+1/-0,10+2 any stream,Multiple Phases till July.,As per application.,Rs. 550/-,Reading Comprehension Subject Based Basic Mathematics GK and Current Affairs Total,20 (20) 20 (20) 20 (20) 40 (40) 100 (100),Personal Interview to follow,,
UG-JET (Jain Entrance Test),active,,,Sports and Physical Education,BPES,Jain University,https://www.jainuniversity.ac.in/,120 Minutes,As per admit card,Online,1st week of November,+1/-0,10+2 any stream,Multiple Phases till July.,As per application.,Rs. 550/-,Reading Comprehension Subject Based GK and Current Affairs Total,20 (20) 40 (40) 40 (40) 100 (100),Personal Interview to follow,,
UGAT (Under Graduate Aptitude Test),active,,,Business,"BMS, MBA",All India,https://www.aima.in/,120 Minutes,As per admit card,Offline,1st week of February,+1/-0.25,10+2 any Stream,3rd week of June,Last week of June,Rs. 750/-,English Language Numerical & Data Analysis Reasoning & Intelligence G.K. Total,40 (40) 30 (30) 30 (30) 30 (30) 130 (130),Separate Application forms to be filled for the institutions you wish to apply under UGAT.,,
UGAT (Under Graduate Aptitude Test),active,,,Commerce,BCom,All India,https://www.aima.in/,120 Minutes,As per admit card,Offline,1st week of February,+1/-0.25,10+2 any Stream,3rd week of June,Last week of June,Rs. 750/-,English Language Numerical & Data Analysis Reasoning & Intelligence G.K. Total,40 (40) 30 (30) 30 (30) 30 (30) 130 (130),Separate Application forms to be filled for the institutions you wish to apply under UGAT.,,
UGAT (Under Graduate Aptitude Test),active,,,Computer Application,BCA,All India,https://apps.aima.in/,120 Minutes,As per admit card,Offline,1st week of February,+1/-0.25,10+2 any Stream,3rd week of June,Last week of June,Rs. 750/-,English Language Numerical & Data Analysis Reasoning & Intelligence G.K. Total,40 (40) 30 (30) 30 (30) 30 (30) 130 (130),Separate Application forms to be filled for the institutions you wish to apply under UGAT.,,
UGAT (Under Graduate Aptitude Test),active,,,Hotel Management,BHM,All India,https://apps.aima.in/,180 Minutes,As per admit card,Offline,1st week of February,+1/-0.25,10+2 any Stream,3rd week of of June,Last week of June,Rs. 750/-,English Language Numerical & Data Analysis Reasoning & Intelligence G.K. Service Aptitude Scientific Aptitude Total,40 (40) 30 (30) 30 (30) 30 (30) 25 (25) 25 (25) 180 (180),Separate Application forms to be filled for the institutions you wish to apply under UGAT.,,
UGET (Under Graduate Entrance Test),active,,,Horticulture,BSc,Himachal Pradesh,https://www.yspuniversity.ac.in/,120 Minutes,1000 -1200 Hrs.,Offline,1st week of May,+1/-0,10+2 in Science,1st week of June,3rd week of June,Rs. 1500/-,Physics Chemistry Mathematics/Biology General Awareness related to Agriculture Total,30 (30) 30 (30) 30 (30) 10 (10) 100 (100),Candidates should belong to Himachal Pradesh with other reservations.,,
RPVT (Rajasthan Pre Veterinary Test),replaced,NEET-UG,,Agriculture; Veterinary Science,BVSc,Rajasthan,https://rajuvas.org/,180 Minutes,1000 - 1300 Hrs.,Offline,3rd week of April,+4/-1,10+2 in PCB,Last week of May,2nd week of August,Rs. 3000/-,Physics Chemistry Biology Total,45 (180) 45 (180) 90 (360) 180 (720),Candidate should be Permanent Resident of Rajasthan along with some reservations.,,
UID-DAT (Design Aptitude Test),active,,,Design,BDes,Karnavati University,https://karnavatiuniversity.edu.in/,180 Minutes,Based on admit card,Offline,April,,10+2 any Stream,June,Multiple dates as per application,Rs. 2000/-,Part A – Awareness and Reasoning Section 1 Section 2 Part B - Interpretation and Expression & Visualization and Representation Section 1 Section 2 Section 3 Total,30 (40) 20 (20) 10 (20) 6 (60) 2(10) 2(20) 2(30) 36 (100),Situation Test and Portfolio Evaluation to be conducted later.,,
ULSAT (Law Studies Aptitude Test),active,,,Law,"BA, LLB",UPES Dehradun,https://www.upes.ac.in/,120 Minutes,As per admit card,Online,"November, May, June",+1/-0,10+2 any stream,"April, May, June","April, May, June, July",Rs. 1350/-,Language Comprehension Quantitative & Numerical Ability Logical Reasoning Legal General Knowledge Legal Aptitude Total,30 (30) 30 (30) 30 (30) 30 (30) 30 (30) 150 (150),,,
UP-CATET (Uttar Pradesh Combined Agriculture and Technology Entrance Test),active,,,Agriculture,BSc,Uttar Pradesh,https://upcatetexam.net/,180 Minutes,Based on admit card,Offline,1st week of March,+3/-1,10+2 in Science,1st week of May,Last week of May,Rs. 1250/-,GK Physics Chemistry Biology/Maths Total OR GK Agri. Physics Agri. Chemistry Agri. Zoology Agri. Botany Agronomy Animal Husb. & Dairying Horticulture Agri. Engg. Agri. Stats &Maths Total,20 (60) 50 (150) 50 (150) 80 (240) 200 (600) 20 (60) 25 (75) 25 (75) 25 (75) 25 (75) 25 (75) 10 (30) 15 (45) 10 (30) 20(60) 200 (600),Candidates should belong to Uttar Pradesh with other reservations.,,
UP-CATET (Uttar Pradesh Combined Agriculture and Technology Entrance Test),active,,,Agriculture; Veterinary Science,BVSc,Uttar Pradesh,https://upcatetexam.net/,180 Minutes,Based on admit card,Offline,1st week of March,+3/-1,10+2 with PCB,1st week of May,Last week of May,Rs. 1250/-,GK Physics Chemistry Biology/Maths Total,20 (60) 50 (150) 50 (150) 80 (240) 200 (600),Candidates should belong to Uttar Pradesh with other reservations.,,
UPESDAT (UPES Design Aptitude Test),active,,,Design,BDes,UPES Dehradun,https://www.upes.ac.in/,60 Minutes,Online Test window open between 10am to 1pm,Online,January,Na,10+2 any stream,Multiple dates as per application,Multiple dates as per application,Rs. 1850/-,Visual Analogy Design Awareness,40 40,Portfolio Presentation & Interview to follow,,
UPESEAT (Exam Test Centre Based) (UPES Engineering Aptitude Test),active,,,Engineering,BTech,UPES Dehradun,https://www.upes.ac.in/,180 Minutes,As per admit card,Online,"November, May, June",+1/-0,10+2 with PCM,"April, May, June","April, May, June, July",Rs. 1350/-,Maths/Biology Physics Chemistry English Comprehension Current Affairs Total,50 (50) 50 (50) 50 (50) 30 (30) 20 (20) 200 (200),,,
UPESEAT (Test Online) (UPES Engineering Aptitude Test),active,,,Engineering,BTech,UPES Dehradun,https://www.upes.ac.in/,120 Minutes,As per admit card,Online,"November, May, June",+1/-0,10+2 with PCM,"April, May, June","April, May, June, July",Rs. 1350/-,Maths/Biology Physics Chemistry English Comprehension Total,35 (35) 35 (35) 35 (35) 20 (20) 125 (125),,,
UPESMET-UG (UPES Management Entrance Test),active,,,Business,BBA,UPES Dehradun,https://www.upes.ac.in/,90 Minutes,As per admit card,Online,"Nov, May, June",+1/-0,10+2 any stream,"April, May, June","April, May, June, July",Rs. 1350/-,General English Quantitative Aptitude General Awareness Analytical & Logical Reasoning,,,,
UPESPAT (Exam Test Centre Based) (Pharmacy Aptitude Test),active,,,Pharma,BPharm,UPES Dehradun,https://www.upes.ac.in/,180 Minutes,As per admit card,Online,November and May,+1/-0,10+2 any stream,April and June,"April, May, July",Rs. 1350/-,Maths/Biology Physics Chemistry English Comprehension Current Affairs Total,50 (50) 50 (50) 50 (50) 30 (30) 20 (20) 200 (200),,,
UPESPAT (Test Online) (Pharmacy Aptitude Test),active,,,Pharma,BPharm,UPES Dehradun,https://www.upes.ac.in/,120 Minutes,As per admit card,Online,November and May,+1/-0,10+2 any stream,April and June,"April, May, July",Rs. 1350/-,Maths/Biology Physics Chemistry English Comprehension Total,35 (35) 35 (35) 35 (35) 20 (20) 125 (125),,,
UUHF-UET (University Entrance Test),active,,,Agriculture,BSc,Uttarakhand,https://www.uuhf.ac.in/,180 Minutes,Based on admit card,Offline,1st week of April,+3/-0,10+2 in Science,Mid June,Mid July,Rs. 1400/-,Physics Chemistry Mathematics/Biology/Agric ulture Total,60 (180) 60 (180) 80 (240) 200 (600),Candidate should belong to Uttarakhand with other reservations.,,
VITEEE (VIT-Engineering Entrance Exam),active,,,Biotechnology,BTech,VIT Vellore,https://viteee.vit.ac.in,150 Minutes,As per admit card,Online,January,+1/-0,10+2 with PCM/B,1st week of April,3rd week of April,Rs. 1150/-,Physics Chemistry Maths/Biology Aptitude English Total,35 (35) 35 (35) 40 (40) 10 (10) 05 (05) 125 (125),,,
VITEEE (VIT-Engineering Entrance Exam),active,,,Engineering,BTech,VIT Vellore,https://viteee.vit.ac.in,150 Minutes,As per admit card,Online,January,+1/-0,10+2 with PCM/B,1st week of April,3rd week of April,Rs. 1150/-,Physics Chemistry Maths/Biology Aptitude English Total,35 (35) 35 (35) 40 (40) 10 (10) 05 (05) 125 (125),,,
VSAT (Scholastic Aptitude Test),active,,,Arts,BBA,Vijaybhoomi University,https://vijaybhoomi.edu.in/,As per admit card,As per admit card,Online,February,,10+2 any stream,June,As per application,Rs. 2000/-,Part A: Quantitative Aptitude Verbal Ability and Comprehension Logical and Analytical Reasoning Ability Part B: Subject Based Descriptive Answers,75 2,Test followed by PI,,
"WB-JENPAS UG (West Bengal Joint Entrance for Nursing, Physiotherapy, Audiology at University of Health-UG)",active,,,Medical Allied,,West Bengal,https://wbjeeb.nic.in/,90 Minutes,As per admit Card,Offline,,,,,,,Physical Science (30(35)) Maths (15(20)) GK (15(20)) English (20 (20)) Logical Reasoning (20 (20)) Total (100 (115)),Category 1 25 10 10 20 20,,,
"WB-JENPAS UG (West Bengal Joint Entrance for Nursing, Physiotherapy, Audiology at University of Health-UG)",active,,,Medical Allied,BASLP,West Bengal,https://wbjeeb.nic.in/,90 Minutes,As per admit Card,Offline,,,,,,,Physics (20(25)) Chemistry (20(25)) Biology (20(25)) English (20 (20)) Logical Reasoning (20 (20)) Total (100 (115)),Category 1 15 15 15 20 20,,,
"WB-JENPAS UG (West Bengal Joint Entrance for Nursing, Physiotherapy, Audiology at University of Health-UG)",active,,,Medical Allied,BASLP,West Bengal,https://wbjeeb.nic.in/,90 Minutes,As per admit Card,Offline,,,,,,,Physical Science Maths GK English Logical Reasoning Total (100 (115)),Category 1 25 10 10 20 20,,,
"WB-JENPAS UG (West Bengal Joint Entrance for Nursing, Physiotherapy, Audiology at University of Health-UG)",active,,,Nursing,BSc,West Bengal,https://wbjeeb.nic.in/,90 Minutes,As per admit Card,Offline,,,,,,,Physics (20(25)) Chemistry (20(25)) Biology (20(25)) English (20 (20)) Logical Reasoning (20 (20)) Total (100 (115)),Category 1 15 15 15 20 20,,,
WBJEE (West Bengal Joint Entrance Exam),active,,,Agriculture,BTech,West Bengal,https://wbjeeb.in/,120 + 120 Minutes,1100 -1300 Hrs. &1400 – 1600 Hrs.,Offline,3rd week of December,"C1 +1/-0.2, C2 +2/-0.25, For C3– one or more options may be correct so +2 shall be given only if both the options are marked correct. For partial correct answer, marks given shall be 2 x (no. of correct answers marked + total no. of correct options.)",10+2 with PCM,3rd week of January,Last week of April,Rs. 500/-,Paper 1 - Maths Category 1 Category 2 Category 3 Paper 2 - Physics Category 1 Category 2 Category 3 Paper 2 -Chemistry Category 1 Category 2 Category 3 Total,50 (50) 15 (30) 10 (20) 30 (30) 5 (10) 5 (10) 30 (30) 5 (10) 5 (10) 155 (200),Candidates should belong to West Bengal with other reservations.,WBJEE,wbjee
WBJEE (West Bengal Joint Entrance Exam),active,,,Engineering,BTech,West Bengal,https://wbjeeb.in/,120 + 120 Minutes,1100 -1300 Hrs. & 1500 – 1700 Hrs.,Offline,4th week of December,"C1 +1/-0.2, C2 +2/-0.25, For C3– one or more options may be correct so +2 shall be given only if both the options are marked correct. For partial correct answer, marks given shall be 2 x (no. of correct answers marked + total no. of correct options.)",10+2 with PCM,3rd week of January,Last week of April,Rs. 500/-,Paper 1 – Maths Category 1 Category 2 Category 3 Paper 2 – Physics Category 1 Category 2 Category 3 Paper 2 –Chemistry Category 1 Category 2 Category 3 Total,50 (50) 15 (30) 10 (20) 30 (30) 5 (10) 5 (10) 30 (30) 5 (10) 5 (10) 155 (200),Candidates should belong to West Bengal with other reservations.,WBJEE,wbjee
WBJEE (West Bengal Joint Entrance Exam),active,,,Pharma,BPharm,West Bengal,https://wbjeeb.in/,120 + 120 Minutes,1100 -1300 Hrs. &1500 – 1700 Hrs.,Offline,3rd week of December,"C1 +1/-0.2, C2 +2/-0.25, For C3– one or more options may be correct so +2 shall be given only if both the options are marked correct. For partial correct answer, marks given shall be 2 x (no. of correct answers marked + total no. of correct options.) Pharmacy Merit Rank shall be declared based on marks in Paper-2 only.",10+2 with PCM,3rd week of January,Last week of April,Rs. 500/-,Paper 1 - Maths Category 1 Category 2 Category 3 Paper 2 - Physics Category 1 Category 2 Category 3 Paper 2 -Chemistry Category 1 Category 2 Category 3 Total,50 (50) 15 (30) 10 (20) 30 (30) 5 (10) 5 (10) 30 (30) 5 (10) 5 (10) 155 (200),Candidates should belong to West Bengal with other reservations.,WBJEE,wbjee
WWI-ET (WWI Entrance Test),active,,,Design,BDes,"Whistling Woods International, Mumbai",https://www.whistlingwoods.net/,,Based on admit card,Online,November,,10+2 any Stream,May,Multiple Cycles across January to June,Rs. 3000/-,General Aptitude Test (MCQs) Creative Aptitude Test SOP Personal Interview,30% 20% 20% 30%,,,
WWI-ET (WWI Entrance Test),active,,,Journalism & Media,BA,"Whistling Woods International, Mumbai",https://www.whistlingwoods.net/,,Based on admit card,Online,November,,10+2 any Stream,May,Multiple Cycles across January to June,Rs. 3000/-,General Aptitude Test (MCQs) Creative Aptitude Test SOP Personal Interview,30% 20% 20% 30%,,,
WWI-ET (WWI Entrance Test),active,,,Performing Arts,BA,"Whistling Woods International, Mumbai",https://www.whistlingwoods.net/,,Based on admit card,Online,November,,10+2 any Stream,May,Multiple Cycles across January to June,Rs. 3000/-,General Aptitude Test (MCQs) Creative Aptitude Test SOP Personal Interview,30% 20% 20% 30%,,,
XET (St. Xavier’s Entrance Test),active,,,Business,BMS,St. Xavier's,https://xaviers.edu/,120 Minutes,As per admit card,Online,Last week of April,+1/-0,10+2 any Stream,First week of June,2nd week of June,Rs. 3000/-,GK/GA and CA Maths & Data Interpretation Logical/Visual Reasoning & Critical Analysis English Language Total,30 (30) 30 (30) 25 (25) 15 (15) 100(100),"Weightage – 12th Marks: 40%, ET: 60%.",,
XET (St. Xavier’s Entrance Test),active,,,Journalism & Media,BA,St. Xavier's,https://xaviers.edu/,120 Minutes,As per admit card,Online,Last week of April,+1/-0,10+2 any Stream,1st week of June 2,2nd week of June,Rs. 3000/-,"GK, Media and CA Economics & Data Interpretation English Language & Comprehension Skills Creative Thinking & Logical Reasoning Total",30 (30) 20 (20) 20 (20) 30 (30) 100(100),"Weightage – 12th Marks: 40%, ET: 60%.",,
iDAT (IIAD-Design Aptitude Test),active,,,Design,BDes,Delhi,https://www.iiad.edu.in/,,As per admit card,Online,December,,10+2 any Stream,Multiple dates periodically.,Multiple dates as per application,Rs. 2000/-,"Assessment of creative and visual ability, cultural awareness and logical thinking. A combination of visual tasks, writing tasks, one-word answers and multiple choice questions.)",,"IIAD grants International Degrees from Kingston University, London.",,
iMAT (IIAD-Management Aptitude Test),active,,,Business,BMS,Delhi,https://www.iiad.edu.in/,,As per admit card,Online,December,,10+2 any Stream,Multiple dates periodically.,Multiple dates as per application,Rs. 2000/-,"Assessment of Language, logical reasoning and creative thinking. The exam paper is a combination of multiple choice questions and writing tasks.",,"IIAD grants International Degrees from Kingston University, London.",,
