exam,branch_raw,branch_clean,branch_id,branch_name,n_rows,n_colleges,mapped_via
AP-EAPCET,CAD,CSE (Artificial Intelligence & Data Science),AIML,Artificial Intelligence / Machine Learning / Data Science,453,21,curated mapping (Sep 2026)
AP-EAPCET,CSM,CSE (Artificial Intelligence And Machine Learning),AIML,Artificial Intelligence / Machine Learning / Data Science,2656,125,curated mapping (Sep 2026)
AP-EAPCET,CIC,CSE (IoT & Cyber Security With Block Chain Tech),CYBERSEC,Cyber Security,328,14,curated mapping (Sep 2026)
AP-EAPCET,CBC,CSE - Block Chain,CYBERSEC,Cyber Security,34,1,curated mapping (Sep 2026)
AP-EAPCET,CDA,CSE - Data Analytics,AIML,Artificial Intelligence / Machine Learning / Data Science,36,1,curated mapping (Sep 2026)
AP-EAPCET,CSED,CSE - Devops,CSIT,Computer Science / Information Technology,29,1,curated mapping (Sep 2026)
AP-EAPCET,CCC,CSE With Specialisation In Cloud Computing,CSIT,Computer Science / Information Technology,83,3,curated mapping (Sep 2026)
AP-EAPCET,CIA,CSE With Spl In IoT & Automation,CSIT,Computer Science / Information Technology,20,1,curated mapping (Sep 2026)
AP-EAPCET,CAI,Comp. Sci. And Engg.. (Artificial Intelligence),AIML,Artificial Intelligence / Machine Learning / Data Science,1042,52,curated mapping (Sep 2026)
AP-EAPCET,CN,Computer Networking,CSIT,Computer Science / Information Technology,34,1,curated mapping (Sep 2026)
AP-EAPCET,CSBS,Computer Science And Biosciences,CSIT,Computer Science / Information Technology,36,1,curated mapping (Sep 2026)
AP-EAPCET,CSEB,Computer Science And Engg. & Business Systems,CSIT,Computer Science / Information Technology,20,1,curated mapping (Sep 2026)
AP-EAPCET,CSC,Computer Science And Engineering (Cyber Security),CYBERSEC,Cyber Security,674,32,curated mapping (Sep 2026)
AP-EAPCET,CSS,Computer Science And Systems Engineering,CSIT,Computer Science / Information Technology,19,1,curated mapping (Sep 2026)
AP-EAPCET,CBA,Computer Science Engineering (Big Data Analytics),AIML,Artificial Intelligence / Machine Learning / Data Science,18,1,curated mapping (Sep 2026)
AP-EAPCET,BDT,Dairy Technology,DAIRYENG,Dairy Engineering,38,1,curated mapping (Sep 2026)
AP-EAPCET,DTD,Digital Techniques For Design And Planning,PLAN,Planning,9,1,curated mapping (Sep 2026)
AP-EAPCET,ECE,Electronics And Communication Engineering,ELEC,Electrical / Electronics / Communications Engineering,4218,213,curated mapping (Sep 2026)
AP-EAPCET,EBM,Electronics And Communication Engineering (Bio Medical Engg.),ELEC,Electrical / Electronics / Communications Engineering,4,1,curated mapping (Sep 2026)
AP-EAPCET,EII,Electronics And Communication Engineering (Industry Integrated),ELEC,Electrical / Electronics / Communications Engineering,56,2,curated mapping (Sep 2026)
AP-EAPCET,ECES,Electronics And Communication Engineering - Embedded Systems,ELEC,Electrical / Electronics / Communications Engineering,36,1,curated mapping (Sep 2026)
AP-EAPCET,ECV,Electronics And Communication Engineering - Vlsi Design,ELEC,Electrical / Electronics / Communications Engineering,36,1,curated mapping (Sep 2026)
AP-EAPCET,ECT,Electronics And Communication Technology,ELEC,Electrical / Electronics / Communications Engineering,20,1,curated mapping (Sep 2026)
AP-EAPCET,EIE,Electronics And Instrumentation Engineering,ELEC,Electrical / Electronics / Communications Engineering,57,2,curated mapping (Sep 2026)
AP-EAPCET,EVT,Electronics Engineering (Vlsi Design And Technology),ELEC,Electrical / Electronics / Communications Engineering,74,4,curated mapping (Sep 2026)
AP-EAPCET,GDT,Game Design Technology,DESIGN,Design,18,1,curated mapping (Sep 2026)
AP-EAPCET,GIN,Geo-Informatics,CSIT,Computer Science / Information Technology,20,1,curated mapping (Sep 2026)
AP-EAPCET,IST,Instrumentation Engineering And Technology,INSTRENG,Instrumentation Engineering,20,1,curated mapping (Sep 2026)
AP-EAPCET,MMM,Mechanical And Mechatronics Engineering (Additive Manufacturing),MECHENG,Mechanical / Mechatronics Engineering ,36,1,curated mapping (Sep 2026)
AP-EAPCET,MAD,Mechanical Automotive Design,MECHENG,Mechanical / Mechatronics Engineering ,37,1,curated mapping (Sep 2026)
AP-EAPCET,MAU,Mechanical Engineering (Automobile),MECHENG,Mechanical / Mechatronics Engineering ,36,1,curated mapping (Sep 2026)
AP-EAPCET,MII,Mechanical Engineering (Industry Integrated),MECHENG,Mechanical / Mechatronics Engineering ,18,1,curated mapping (Sep 2026)
AP-EAPCET,MRB,Mechanical Engineering (Robotics),MECHENG,Mechanical / Mechatronics Engineering ,56,2,curated mapping (Sep 2026)
AP-EAPCET,MET,Metallurgical Engineering,MEMS,Metallurgy Engineering And Material Science,41,2,curated mapping (Sep 2026)
AP-EAPCET,NAM,Naval Architecture And Marine Engineering,ARCH,Architecture,22,1,curated mapping (Sep 2026)
AP-EAPCET,PET,Petroleum Technology,CHEMENG,Chemical Engineering,36,1,curated mapping (Sep 2026)
AP-EAPCET,PHD,Pharm.D (Mpc Stream),PHARMA,Pharmacy,243,15,curated mapping (Sep 2026)
AP-EAPCET,PHM,Pharmacy (Mpc Stream),PHARMA,Pharmacy,297,18,curated mapping (Sep 2026)
AP-EAPCET,QC,Quantum Computing,AIML,Artificial Intelligence / Machine Learning / Data Science,20,1,curated mapping (Sep 2026)
AP-EAPCET,SWE,Software Engineering,CSIT,Computer Science / Information Technology,36,1,curated mapping (Sep 2026)
AP-EAPCET,PLG,Town Planning,PLAN,Planning,18,1,curated mapping (Sep 2026)
CLAT,B.A. LL.B. (Hons.),B.A. LL.B. (Hons.),LLB,LLB,328,26,curated mapping (Sep 2026)
CLAT,B.B.A. LL.B. (Hons.),B.B.A. LL.B. (Hons.),LLB,LLB,90,8,curated mapping (Sep 2026)
CLAT,B.Com. LL.B. (Hons.),B.Com. LL.B. (Hons.),LLB,LLB,15,1,curated mapping (Sep 2026)
CLAT,B.Sc. LL.B. (Hons.) Criminology and Forensic Science,B.Sc. LL.B. (Hons.) Criminology and Forensic Science,LLB,LLB,10,1,curated mapping (Sep 2026)
CLAT,B.Sc. LL.B. (Hons.) Cyber Security,B.Sc. LL.B. (Hons.) Cyber Security,CYBERSEC,Cyber Security,11,1,curated mapping (Sep 2026)
CollegeFees,AERO SPACE ENGINEERING,AERO SPACE ENGINEERING,AERO,Aerospace Engineering,34,3,curated mapping (Sep 2026)
CollegeFees,B TECH IN BIO- TECHNOLOGY,B TECH IN BIO- TECHNOLOGY,BIOTECH,Biotechnology,11,1,curated mapping (Sep 2026)
CollegeFees,B TECH IN COMPUTER SCIENCE & ENGINEERING (ARTIFICAL INTELLIGENCE & MACHINE LEARNING),B TECH IN COMPUTER SCIENCE & ENGINEERING (ARTIFICAL INTELLIGENCE & MACHINE LEARNING),AIML,Artificial Intelligence / Machine Learning / Data Science,20,1,curated mapping (Sep 2026)
CollegeFees,B TECH IN COMPUTER SCIENCE AND ENGINEERING,B TECH IN COMPUTER SCIENCE AND ENGINEERING,CSIT,Computer Science / Information Technology,22,1,curated mapping (Sep 2026)
CollegeFees,B TECH IN ELECTRICAL & ELECTRONICS ENGINEERING,B TECH IN ELECTRICAL & ELECTRONICS ENGINEERING,ELEC,Electrical / Electronics / Communications Engineering,12,1,curated mapping (Sep 2026)
CollegeFees,B TECH IN ELECTRONICS & COMMUNICATIO N ENGINEERING,B TECH IN ELECTRONICS & COMMUNICATIO N ENGINEERING,ELEC,Electrical / Electronics / Communications Engineering,20,1,curated mapping (Sep 2026)
CollegeFees,B TECH IN MECHANICAL ENGINEERING,B TECH IN MECHANICAL ENGINEERING,MECHENG,Mechanical / Mechatronics Engineering ,9,1,curated mapping (Sep 2026)
CollegeFees,COMMUNICATIO N DESIGN,COMMUNICATIO N DESIGN,DESIGN,Design,1,1,curated mapping (Sep 2026)
CollegeFees,COMPUTER SCIENCE AND ENGG (ARTIFICIAL INTELLIGENCE),COMPUTER SCIENCE AND ENGG (ARTIFICIAL INTELLIGENCE),AIML,Artificial Intelligence / Machine Learning / Data Science,11,1,curated mapping (Sep 2026)
CollegeFees,COMPUTER SCIENCE AND ENGG(ARTIFICIA L INTELLIGENCE AND MACHINE LEARNING),COMPUTER SCIENCE AND ENGG(ARTIFICIA L INTELLIGENCE AND MACHINE LEARNING),AIML,Artificial Intelligence / Machine Learning / Data Science,101,10,curated mapping (Sep 2026)
CollegeFees,COMPUTER SCIENCE AND ENGG(INTERNE T OF THINGS & CYBER SECURITY INCLUDING BLOCK CHAIN TECH),COMPUTER SCIENCE AND ENGG(INTERNE T OF THINGS & CYBER SECURITY INCLUDING BLOCK CHAIN TECH),CYBERSEC,Cyber Security,54,5,curated mapping (Sep 2026)
CollegeFees,COMPUTER SCIENCE AND ENGINEERING (CYBER SECURITY),COMPUTER SCIENCE AND ENGINEERING (CYBER SECURITY),CYBERSEC,Cyber Security,37,5,curated mapping (Sep 2026)
CollegeFees,COMPUTER SCIENCE AND ENGINEERING(D ATA SCIENCE),COMPUTER SCIENCE AND ENGINEERING(D ATA SCIENCE),CSIT,Computer Science / Information Technology,96,11,curated mapping (Sep 2026)
CollegeFees,ELECTRICAL & ELECTRONICS ENGINEERING,ELECTRICAL & ELECTRONICS ENGINEERING,ELEC,Electrical / Electronics / Communications Engineering,217,22,curated mapping (Sep 2026)
CollegeFees,ELECTRONICS & COMPUTER ENGINEERING,ELECTRONICS & COMPUTER ENGINEERING,CSIT,Computer Science / Information Technology,11,1,curated mapping (Sep 2026)
CollegeFees,ELECTRONICS & INSTRUMENTATI ON ENGINEERING,ELECTRONICS & INSTRUMENTATI ON ENGINEERING,ELEC,Electrical / Electronics / Communications Engineering,16,1,curated mapping (Sep 2026)
CollegeFees,ELECTRONICS AND COMMUNICATIO N (ADVANCED COMMUNICATIO N TECHNOLOGY),ELECTRONICS AND COMMUNICATIO N (ADVANCED COMMUNICATIO N TECHNOLOGY),ELEC,Electrical / Electronics / Communications Engineering,12,1,curated mapping (Sep 2026)
CollegeFees,ELECTRONICS AND COMMUNICATIO N ENGG,ELECTRONICS AND COMMUNICATIO N ENGG,ELEC,Electrical / Electronics / Communications Engineering,310,24,curated mapping (Sep 2026)
CollegeFees,ELECTRONICS AND INSTRUMENTATI ON ENGINEERING,ELECTRONICS AND INSTRUMENTATI ON ENGINEERING,ELEC,Electrical / Electronics / Communications Engineering,51,4,curated mapping (Sep 2026)
CollegeFees,ELECTRONICS AND TELECOMMUNIC ATION ENGINEERING,ELECTRONICS AND TELECOMMUNIC ATION ENGINEERING,ELEC,Electrical / Electronics / Communications Engineering,88,7,curated mapping (Sep 2026)
CollegeFees,ELECTRONICS ENGINEERING(V LSI DESIGN & TECHNOLOGY),ELECTRONICS ENGINEERING(V LSI DESIGN & TECHNOLOGY),ELEC,Electrical / Electronics / Communications Engineering,33,3,curated mapping (Sep 2026)
CollegeFees,ENVIRONMENTA L ENGINEERING,ENVIRONMENTA L ENGINEERING,ENVENG,Environmental Engineering,11,1,curated mapping (Sep 2026)
CollegeFees,INDUSTRIAL & PRODUCTION ENGINEERING,INDUSTRIAL & PRODUCTION ENGINEERING,INDENG,Industrial / Manufacturing / Production Engineering,13,2,curated mapping (Sep 2026)
CollegeFees,INDUSTRIAL ENGINEERING & MANAGEMENT,INDUSTRIAL ENGINEERING & MANAGEMENT,INDENG,Industrial / Manufacturing / Production Engineering,57,5,curated mapping (Sep 2026)
CollegeFees,INFORMATION SCIENCE AND ENGINEERING,INFORMATION SCIENCE AND ENGINEERING,CSIT,Computer Science / Information Technology,124,11,curated mapping (Sep 2026)
CollegeFees,MEDICAL ELECTRONICS ENGINEERING,MEDICAL ELECTRONICS ENGINEERING,ELEC,Electrical / Electronics / Communications Engineering,22,2,curated mapping (Sep 2026)
CollegeFees,POLYMER SCIENCE & TECHNOLOGY,POLYMER SCIENCE & TECHNOLOGY,CHEMENG,Chemical Engineering,1,1,curated mapping (Sep 2026)
CollegeFees,SILK TECHNOLOGY,SILK TECHNOLOGY,TEXTILE,Textile Engineering,1,1,curated mapping (Sep 2026)
CollegeFees,TEXTILES TECHNOLOGY,TEXTILES TECHNOLOGY,TEXTILE,Textile Engineering,1,1,curated mapping (Sep 2026)
GUJCET,AERO SPACE ENGINEERING,AERO SPACE ENGINEERING,AERO,Aerospace Engineering,8,3,curated mapping (Sep 2026)
GUJCET,AGRICULTURAL TECHNOLOGY,AGRICULTURAL TECHNOLOGY,AGRIENG,Agricultural Engineering,1,1,curated mapping (Sep 2026)
GUJCET,ARTIFICIAL INTELLIGENCE(AI) AND MACHINE LEARNING,ARTIFICIAL INTELLIGENCE(AI) AND MACHINE LEARNING,AIML,Artificial Intelligence / Machine Learning / Data Science,33,7,curated mapping (Sep 2026)
GUJCET,Bachelor of Technology (Hons) in Civil Engineering (BCE),Bachelor of Technology (Hons) in Civil Engineering (BCE),CIVILENG,Civil Engineering,5,1,curated mapping (Sep 2026)
GUJCET,Bpharm,Bpharm,PHARMA,Pharmacy,480,104,curated mapping (Sep 2026)
GUJCET,CHEMICAL & ENVIRONMENTAL ENGINEERING,CHEMICAL & ENVIRONMENTAL ENGINEERING,CHEMENG,Chemical Engineering,3,1,curated mapping (Sep 2026)
GUJCET,CIVIL ENGINEERING (CONSTRUCTION TECHNOLOGY),CIVIL ENGINEERING (CONSTRUCTION TECHNOLOGY),CIVILENG,Civil Engineering,1,1,curated mapping (Sep 2026)
GUJCET,CIVIL ENGINEERING (SUSTAINABLE ENERGY ENGINEERING),CIVIL ENGINEERING (SUSTAINABLE ENERGY ENGINEERING),CIVILENG,Civil Engineering,1,1,curated mapping (Sep 2026)
GUJCET,CIVIL IRRIGATION WATER MANAGEMENT,CIVIL IRRIGATION WATER MANAGEMENT,CIVILENG,Civil Engineering,1,1,curated mapping (Sep 2026)
GUJCET,COMPUTER ENGINEERING & APPLICATION,COMPUTER ENGINEERING & APPLICATION,CSIT,Computer Science / Information Technology,4,1,curated mapping (Sep 2026)
GUJCET,COMPUTER ENGINEERING (ARTIFICIAL INTELLIGENCE AND MACHINE LEARNING),COMPUTER ENGINEERING (ARTIFICIAL INTELLIGENCE AND MACHINE LEARNING),AIML,Artificial Intelligence / Machine Learning / Data Science,4,3,curated mapping (Sep 2026)
GUJCET,COMPUTER ENGINEERING (ARTIFICIAL INTELLIGENCE),COMPUTER ENGINEERING (ARTIFICIAL INTELLIGENCE),AIML,Artificial Intelligence / Machine Learning / Data Science,2,1,curated mapping (Sep 2026)
GUJCET,COMPUTER ENGINEERING (Data Science),COMPUTER ENGINEERING (Data Science),AIML,Artificial Intelligence / Machine Learning / Data Science,1,1,curated mapping (Sep 2026)
GUJCET,COMPUTER SCIENCE & BIOSCIENCES,COMPUTER SCIENCE & BIOSCIENCES,CSIT,Computer Science / Information Technology,8,4,curated mapping (Sep 2026)
GUJCET,COMPUTER SCIENCE & BUSINESS SYSTEMS,COMPUTER SCIENCE & BUSINESS SYSTEMS,CSIT,Computer Science / Information Technology,7,2,curated mapping (Sep 2026)
GUJCET,COMPUTER SCIENCE & DESIGN,COMPUTER SCIENCE & DESIGN,CSIT,Computer Science / Information Technology,18,4,curated mapping (Sep 2026)
GUJCET,COMPUTER SCIENCE & ENGINEERING,COMPUTER SCIENCE & ENGINEERING,CSIT,Computer Science / Information Technology,166,53,curated mapping (Sep 2026)
GUJCET,COMPUTER SCIENCE & ENGINEERING (ARTIFICIAL INTELLIGENCE AND MACHINE LEARNING),COMPUTER SCIENCE & ENGINEERING (ARTIFICIAL INTELLIGENCE AND MACHINE LEARNING),AIML,Artificial Intelligence / Machine Learning / Data Science,51,20,curated mapping (Sep 2026)
GUJCET,COMPUTER SCIENCE & ENGINEERING (ARTIFICIAL INTELLIGENCE),COMPUTER SCIENCE & ENGINEERING (ARTIFICIAL INTELLIGENCE),AIML,Artificial Intelligence / Machine Learning / Data Science,17,7,curated mapping (Sep 2026)
GUJCET,COMPUTER SCIENCE & ENGINEERING (BIG DATA ANALYTICS),COMPUTER SCIENCE & ENGINEERING (BIG DATA ANALYTICS),AIML,Artificial Intelligence / Machine Learning / Data Science,4,2,curated mapping (Sep 2026)
GUJCET,COMPUTER SCIENCE & ENGINEERING (Big Data Analytics),COMPUTER SCIENCE & ENGINEERING (Big Data Analytics),AIML,Artificial Intelligence / Machine Learning / Data Science,2,1,curated mapping (Sep 2026)
GUJCET,COMPUTER SCIENCE & ENGINEERING (CLOUD COMPUTING),COMPUTER SCIENCE & ENGINEERING (CLOUD COMPUTING),CSIT,Computer Science / Information Technology,2,1,curated mapping (Sep 2026)
GUJCET,COMPUTER SCIENCE & ENGINEERING (CYBER SECURITY),COMPUTER SCIENCE & ENGINEERING (CYBER SECURITY),CYBERSEC,Cyber Security,27,14,curated mapping (Sep 2026)
GUJCET,COMPUTER SCIENCE & ENGINEERING (Cloud Computing),COMPUTER SCIENCE & ENGINEERING (Cloud Computing),CSIT,Computer Science / Information Technology,1,1,curated mapping (Sep 2026)
GUJCET,COMPUTER SCIENCE & ENGINEERING (Cyber Security),COMPUTER SCIENCE & ENGINEERING (Cyber Security),CYBERSEC,Cyber Security,2,1,curated mapping (Sep 2026)
GUJCET,COMPUTER SCIENCE & ENGINEERING (DATA SCIENCE),COMPUTER SCIENCE & ENGINEERING (DATA SCIENCE),AIML,Artificial Intelligence / Machine Learning / Data Science,28,9,curated mapping (Sep 2026)
GUJCET,COMPUTER SCIENCE & ENGINEERING (INTERNET OF THINGS & CYBER SECURITY INCLUDING BLOCK CHAIN TECHNOLOGY),COMPUTER SCIENCE & ENGINEERING (INTERNET OF THINGS & CYBER SECURITY INCLUDING BLOCK CHAIN TECHNOLOGY),CYBERSEC,Cyber Security,2,2,curated mapping (Sep 2026)
GUJCET,COMPUTER SCIENCE & ENGINEERING (IOT),COMPUTER SCIENCE & ENGINEERING (IOT),CSIT,Computer Science / Information Technology,5,1,curated mapping (Sep 2026)
GUJCET,COMPUTER SCIENCE & ENGINEERING - M.TECH INTEGRATED,COMPUTER SCIENCE & ENGINEERING - M.TECH INTEGRATED,CSIT,Computer Science / Information Technology,2,1,curated mapping (Sep 2026)
GUJCET,COMPUTER SCIENCE & TECHNOLOGY,COMPUTER SCIENCE & TECHNOLOGY,CSIT,Computer Science / Information Technology,7,2,curated mapping (Sep 2026)
GUJCET,Climate Change,Climate Change,ENVENG,Environmental Engineering,1,1,curated mapping (Sep 2026)
GUJCET,DAIRY TECHNOLOGY,DAIRY TECHNOLOGY,DAIRYENG,Dairy Engineering,2,1,curated mapping (Sep 2026)
GUJCET,Dpharm,Dpharm,PHARMA,Pharmacy,53,30,curated mapping (Sep 2026)
GUJCET,ELECTRICAL ENGINEERING (SUSTAINABLE ENERGY ENGINEERING),ELECTRICAL ENGINEERING (SUSTAINABLE ENERGY ENGINEERING),ELEC,Electrical / Electronics / Communications Engineering,1,1,curated mapping (Sep 2026)
GUJCET,ELECTRONICS & COMMUNICATION ENGINEERING,ELECTRONICS & COMMUNICATION ENGINEERING,ELEC,Electrical / Electronics / Communications Engineering,171,45,curated mapping (Sep 2026)
GUJCET,ELECTRONICS & COMMUNICATION ENGINEERING (ARTIFICIAL INTELLIGENCE AND MACHINE LEARNING),ELECTRONICS & COMMUNICATION ENGINEERING (ARTIFICIAL INTELLIGENCE AND MACHINE LEARNING),AIML,Artificial Intelligence / Machine Learning / Data Science,3,2,curated mapping (Sep 2026)
GUJCET,ELECTRONICS & COMMUNICATION ENGINEERING (VLSI DESIGN AND TECHNOLOGY),ELECTRONICS & COMMUNICATION ENGINEERING (VLSI DESIGN AND TECHNOLOGY),ELEC,Electrical / Electronics / Communications Engineering,5,3,curated mapping (Sep 2026)
GUJCET,ELECTRONICS & INSTRUMENTATION ENGINEERING,ELECTRONICS & INSTRUMENTATION ENGINEERING,ELEC,Electrical / Electronics / Communications Engineering,11,2,curated mapping (Sep 2026)
GUJCET,ELECTRONICS ENGINEERING (VLSI DESIGN AND TECHNOLOGY),ELECTRONICS ENGINEERING (VLSI DESIGN AND TECHNOLOGY),ELEC,Electrical / Electronics / Communications Engineering,10,3,curated mapping (Sep 2026)
GUJCET,ENVIRONMENTAL SCIENCE & TECHNOLOGY,ENVIRONMENTAL SCIENCE & TECHNOLOGY,ENVENG,Environmental Engineering,1,1,curated mapping (Sep 2026)
GUJCET,"FIRE AND ENVIRONMENT, HEALTH, SAFETY ENGINEERING","FIRE AND ENVIRONMENT, HEALTH, SAFETY ENGINEERING",ENVENG,Environmental Engineering,2,1,curated mapping (Sep 2026)
GUJCET,FOOD ENGINEERING & TECHNOLOGY,FOOD ENGINEERING & TECHNOLOGY,FOODENG,Food Engineering,1,1,curated mapping (Sep 2026)
GUJCET,FOOD PROCESSING TECHNOLOGY,FOOD PROCESSING TECHNOLOGY,FOODENG,Food Engineering,2,1,curated mapping (Sep 2026)
GUJCET,HONS. IN ICT WITH MINOR IN COMPUTATIONAL SCIENCE (CS),HONS. IN ICT WITH MINOR IN COMPUTATIONAL SCIENCE (CS),CSIT,Computer Science / Information Technology,7,1,curated mapping (Sep 2026)
GUJCET,INFORMATION & COMMUNICATION TECHNOLOGY,INFORMATION & COMMUNICATION TECHNOLOGY,CSIT,Computer Science / Information Technology,41,9,curated mapping (Sep 2026)
GUJCET,INFORMATION TECHNOLOGY & ENGINEERING,INFORMATION TECHNOLOGY & ENGINEERING,CSIT,Computer Science / Information Technology,1,1,curated mapping (Sep 2026)
GUJCET,INSTRUMENTATION & CONTROL ENGINEERING,INSTRUMENTATION & CONTROL ENGINEERING,INSTRENG,Instrumentation Engineering,36,7,curated mapping (Sep 2026)
GUJCET,MECHANICAL ENGINEERING (SUSTAINABLE ENERGY ENGINEERING),MECHANICAL ENGINEERING (SUSTAINABLE ENERGY ENGINEERING),MECHENG,Mechanical / Mechatronics Engineering ,1,1,curated mapping (Sep 2026)
GUJCET,MECHATRONICS,MECHATRONICS,MECHENG,Mechanical / Mechatronics Engineering ,3,3,curated mapping (Sep 2026)
GUJCET,METALLURGICAL AND MATERIALS ENGINEERING,METALLURGICAL AND MATERIALS ENGINEERING,MEMS,Metallurgy Engineering And Material Science,5,1,curated mapping (Sep 2026)
GUJCET,PLASTIC & POLYMER ENGINEERING,PLASTIC & POLYMER ENGINEERING,CHEMENG,Chemical Engineering,1,1,curated mapping (Sep 2026)
GUJCET,PLASTIC ENGINEERING,PLASTIC ENGINEERING,CHEMENG,Chemical Engineering,1,1,curated mapping (Sep 2026)
GUJCET,POWER ELECTRONICS,POWER ELECTRONICS,ELEC,Electrical / Electronics / Communications Engineering,5,1,curated mapping (Sep 2026)
GUJCET,ROBOTICS & ARTIFICIAL INTELLIGENCE,ROBOTICS & ARTIFICIAL INTELLIGENCE,AIML,Artificial Intelligence / Machine Learning / Data Science,5,3,curated mapping (Sep 2026)
GUJCET,RUBBER TECHNOLOGY,RUBBER TECHNOLOGY,POLYMERTECH,Polymer Technology,4,1,curated mapping (Sep 2026)
JoSAA,"Abu Dhabi Campus - Chemical Engineering (4 Years, Bachelor of Technology)","Abu Dhabi Campus - Chemical Engineering (4 Years, Bachelor of Technology)",CHEMENG,Chemical Engineering,48,1,curated mapping (Sep 2026)
JoSAA,"Abu Dhabi Campus - Computer Science and Engineering (4 Years, Bachelor of Technology)","Abu Dhabi Campus - Computer Science and Engineering (4 Years, Bachelor of Technology)",CSIT,Computer Science / Information Technology,42,1,curated mapping (Sep 2026)
JoSAA,"Abu Dhabi Campus - Energy Engineering (4 Years, Bachelor of Technology)","Abu Dhabi Campus - Energy Engineering (4 Years, Bachelor of Technology)",ENERGYENG,Energy Engineering,42,1,curated mapping (Sep 2026)
JoSAA,"Agricultural and Food Engineering with M.Tech. in any of the listed specializations (5 Years, Bachelor and Master of Technology (Dual Degree))","Agricultural and Food Engineering with M.Tech. in any of the listed specializations (5 Years, Bachelor and Master of Technology (Dual Degree))",FOODENG,Food Engineering,410,1,curated mapping (Sep 2026)
JoSAA,"Animation and VFX (4 Years, Bachelor of Technology)","Animation and VFX (4 Years, Bachelor of Technology)",DESIGN,Design,33,1,curated mapping (Sep 2026)
JoSAA,"Applied Geology (5 Years, Integrated Master of Science)","Applied Geology (5 Years, Integrated Master of Science)",GEO,Geology / Geophysics / Geological Technology,217,1,curated mapping (Sep 2026)
JoSAA,"Applied Geophysics (4 Years, Bachelor of Science)","Applied Geophysics (4 Years, Bachelor of Science)",PHYSICS,Physics,60,1,curated mapping (Sep 2026)
JoSAA,"Applied Mathematics (5 Years, Integrated Master of Science)","Applied Mathematics (5 Years, Integrated Master of Science)",MNC,Mathematics And Computing,226,1,curated mapping (Sep 2026)
JoSAA,"Architecture, Town and Regional Planning (5 Years, Bachelor of Architecture)","Architecture, Town and Regional Planning (5 Years, Bachelor of Architecture)",ARCH,Architecture,363,1,curated mapping (Sep 2026)
JoSAA,"B. Tech in Electronics and Communication Engineering with minor in Wearable Electronics (4 Years, Bachelor of Technology)","B. Tech in Electronics and Communication Engineering with minor in Wearable Electronics (4 Years, Bachelor of Technology)",ELEC,Electrical / Electronics / Communications Engineering,37,1,curated mapping (Sep 2026)
JoSAA,"B. Tech. (ME) - MBA (NITIE) (5 Years, Bachelor of Technology and MBA (Dual Degree))","B. Tech. (ME) - MBA (NITIE) (5 Years, Bachelor of Technology and MBA (Dual Degree))",MECHENG,Mechanical / Mechatronics Engineering ,42,1,curated mapping (Sep 2026)
JoSAA,"B. Tech. Computer Science and Engineering and M. Tech. Computer Science and Engineering with specialization in Systems Design (5 Years, Bachelor and Master of Technology (Dual Degree))","B. Tech. Computer Science and Engineering and M. Tech. Computer Science and Engineering with specialization in Systems Design (5 Years, Bachelor and Master of Technology (Dual Degree))",CSIT,Computer Science / Information Technology,36,1,curated mapping (Sep 2026)
JoSAA,"B. Tech. Electronics and Communication Engineering and M. Tech. Electronics and Communication Engineering with specialization in Communication Systems Design (5 Years, Bachelor and Master of Technology (Dual Degree))","B. Tech. Electronics and Communication Engineering and M. Tech. Electronics and Communication Engineering with specialization in Communication Systems Design (5 Years, Bachelor and Master of Technology (Dual Degree))",ELEC,Electrical / Electronics / Communications Engineering,79,1,curated mapping (Sep 2026)
JoSAA,"B. Tech. Electronics and Communication Engineering and M. Tech. Electronics and Communication Engineering with specialization in VLSI Design (5 Years, Bachelor and Master of Technology (Dual Degree))","B. Tech. Electronics and Communication Engineering and M. Tech. Electronics and Communication Engineering with specialization in VLSI Design (5 Years, Bachelor and Master of Technology (Dual Degree))",ELEC,Electrical / Electronics / Communications Engineering,70,1,curated mapping (Sep 2026)
JoSAA,"B. Tech. Mechanical Engineering and M. Tech. Mechanical Engineering with specialization in Advanced Manufacturing (5 Years, Bachelor and Master of Technology (Dual Degree))","B. Tech. Mechanical Engineering and M. Tech. Mechanical Engineering with specialization in Advanced Manufacturing (5 Years, Bachelor and Master of Technology (Dual Degree))",MECHENG,Mechanical / Mechatronics Engineering ,65,1,curated mapping (Sep 2026)
JoSAA,"B. Tech. Mechanical Engineering and M. Tech. in Mechanical Engineering with specialization in Product Design (5 Years, Bachelor and Master of Technology (Dual Degree))","B. Tech. Mechanical Engineering and M. Tech. in Mechanical Engineering with specialization in Product Design (5 Years, Bachelor and Master of Technology (Dual Degree))",MECHENG,Mechanical / Mechatronics Engineering ,78,1,curated mapping (Sep 2026)
JoSAA,"B. Tech. and M. Tech. in Engineering and Computational Mechanics (Dual Degree) (5 Years, Bachelor and Master of Technology (Dual Degree))","B. Tech. and M. Tech. in Engineering and Computational Mechanics (Dual Degree) (5 Years, Bachelor and Master of Technology (Dual Degree))",ENGSCI,Engineering Science,96,1,curated mapping (Sep 2026)
JoSAA,"B.Tech (Information Technology) and MBA /M.Tech (Information Technology) (5 Years, Integrated B. Tech. and M. Tech. /MBA)","B.Tech (Information Technology) and MBA /M.Tech (Information Technology) (5 Years, Integrated B. Tech. and M. Tech. /MBA)",CSIT,Computer Science / Information Technology,37,1,curated mapping (Sep 2026)
JoSAA,"B.Tech Mining Engineering and MBA in Logistic and Supply Chain Management (IIM Mumbai) (5 Years, Integrated B. Tech. and MBA)","B.Tech Mining Engineering and MBA in Logistic and Supply Chain Management (IIM Mumbai) (5 Years, Integrated B. Tech. and MBA)",MININGENG,Mining Engineering,60,1,curated mapping (Sep 2026)
JoSAA,"B.Tech in CSE (AI and ML) (4 Years, Bachelor of Technology)","B.Tech in CSE (AI and ML) (4 Years, Bachelor of Technology)",AIML,Artificial Intelligence / Machine Learning / Data Science,42,1,curated mapping (Sep 2026)
JoSAA,"B.Tech. (Civil Engineering) - MBA (5 Years, Bachelor of Technology and MBA (Dual Degree))","B.Tech. (Civil Engineering) - MBA (5 Years, Bachelor of Technology and MBA (Dual Degree))",CIVILENG,Civil Engineering,24,1,curated mapping (Sep 2026)
JoSAA,"B.Tech. (Computer Science and Engineering) - MBA (5 Years, Bachelor of Technology and MBA (Dual Degree))","B.Tech. (Computer Science and Engineering) - MBA (5 Years, Bachelor of Technology and MBA (Dual Degree))",CSIT,Computer Science / Information Technology,24,1,curated mapping (Sep 2026)
JoSAA,"B.Tech. (Elctrical Engineering) - MBA (5 Years, Bachelor of Technology and MBA (Dual Degree))","B.Tech. (Elctrical Engineering) - MBA (5 Years, Bachelor of Technology and MBA (Dual Degree))",ELEC,Electrical / Electronics / Communications Engineering,24,1,curated mapping (Sep 2026)
JoSAA,"B.Tech. (Electronics and Communication Engineering) - MBA (5 Years, Bachelor of Technology and MBA (Dual Degree))","B.Tech. (Electronics and Communication Engineering) - MBA (5 Years, Bachelor of Technology and MBA (Dual Degree))",ELEC,Electrical / Electronics / Communications Engineering,25,1,curated mapping (Sep 2026)
JoSAA,"B.Tech. (Food Engineering and Technology) - MBA (5 Years, Bachelor of Technology and MBA (Dual Degree))","B.Tech. (Food Engineering and Technology) - MBA (5 Years, Bachelor of Technology and MBA (Dual Degree))",FOODENG,Food Engineering,18,1,curated mapping (Sep 2026)
JoSAA,"B.Tech. (Mechanical Engineering) - MBA (5 Years, Bachelor of Technology and MBA (Dual Degree))","B.Tech. (Mechanical Engineering) - MBA (5 Years, Bachelor of Technology and MBA (Dual Degree))",MECHENG,Mechanical / Mechatronics Engineering ,19,1,curated mapping (Sep 2026)
JoSAA,"B.Tech. in Electronics and Communication Engineering and M.Tech. in Microelectronics and VLSI Systems (5 Years, Bachelor and Master of Technology (Dual Degree))","B.Tech. in Electronics and Communication Engineering and M.Tech. in Microelectronics and VLSI Systems (5 Years, Bachelor and Master of Technology (Dual Degree))",ELEC,Electrical / Electronics / Communications Engineering,54,1,curated mapping (Sep 2026)
JoSAA,"Bio Engineering (5 Years, Bachelor and Master of Technology (Dual Degree))","Bio Engineering (5 Years, Bachelor and Master of Technology (Dual Degree))",BIOMEDENG,Biomedical Engineering,212,1,curated mapping (Sep 2026)
JoSAA,"Biochemical Engineering (4 Years, Bachelor of Technology)","Biochemical Engineering (4 Years, Bachelor of Technology)",CHEMENG,Chemical Engineering,48,1,curated mapping (Sep 2026)
JoSAA,"Biochemical Engineering and Biotechnology (5 Years, Bachelor and Master of Technology (Dual Degree))","Biochemical Engineering and Biotechnology (5 Years, Bachelor and Master of Technology (Dual Degree))",CHEMENG,Chemical Engineering,105,1,curated mapping (Sep 2026)
JoSAA,"Bioengineering (4 Years, Bachelor of Technology)","Bioengineering (4 Years, Bachelor of Technology)",BIOMEDENG,Biomedical Engineering,48,1,curated mapping (Sep 2026)
JoSAA,"Biological Engineering (5 Years, Bachelor and Master of Technology (Dual Degree))","Biological Engineering (5 Years, Bachelor and Master of Technology (Dual Degree))",BIOMEDENG,Biomedical Engineering,345,1,curated mapping (Sep 2026)
JoSAA,"Biological Sciences (5 Years, Bachelor of Science and Master of Science (Dual Degree))","Biological Sciences (5 Years, Bachelor of Science and Master of Science (Dual Degree))",FISH,Fishery Science,352,1,curated mapping (Sep 2026)
JoSAA,"Biotechnology and Biochemical Engineering (5 Years, Bachelor and Master of Technology (Dual Degree))","Biotechnology and Biochemical Engineering (5 Years, Bachelor and Master of Technology (Dual Degree))",CHEMENG,Chemical Engineering,387,1,curated mapping (Sep 2026)
JoSAA,"Chemical Engineering (Plastic and Polymer) (4 Years, Bachelor of Technology)","Chemical Engineering (Plastic and Polymer) (4 Years, Bachelor of Technology)",CHEMENG,Chemical Engineering,234,1,curated mapping (Sep 2026)
JoSAA,"Chemical Science (5 Years, Integrated Bachelor of Science-Master of Science)","Chemical Science (5 Years, Integrated Bachelor of Science-Master of Science)",CHEMENG,Chemical Engineering,48,1,curated mapping (Sep 2026)
JoSAA,"Civil Engineering and M. Tech. in Structural Engineering (5 Years, Bachelor and Master of Technology (Dual Degree))","Civil Engineering and M. Tech. in Structural Engineering (5 Years, Bachelor and Master of Technology (Dual Degree))",CIVILENG,Civil Engineering,329,1,curated mapping (Sep 2026)
JoSAA,"Civil Engineering and M.Tech in Transportation Engineering (5 Years, Bachelor and Master of Technology (Dual Degree))","Civil Engineering and M.Tech in Transportation Engineering (5 Years, Bachelor and Master of Technology (Dual Degree))",CIVILENG,Civil Engineering,352,2,curated mapping (Sep 2026)
JoSAA,"Civil Engineering and M.Tech in Water Resources (5 Years, Bachelor and Master of Technology (Dual Degree))","Civil Engineering and M.Tech in Water Resources (5 Years, Bachelor and Master of Technology (Dual Degree))",CIVILENG,Civil Engineering,36,1,curated mapping (Sep 2026)
JoSAA,"Civil Engineering and M.Tech. in Environmental Engineering (5 Years, Bachelor and Master of Technology (Dual Degree))","Civil Engineering and M.Tech. in Environmental Engineering (5 Years, Bachelor and Master of Technology (Dual Degree))",CIVILENG,Civil Engineering,292,1,curated mapping (Sep 2026)
JoSAA,"Civil Engineering with M.Tech. in Structural Engineering (5 Years, Bachelor and Master of Technology (Dual Degree))","Civil Engineering with M.Tech. in Structural Engineering (5 Years, Bachelor and Master of Technology (Dual Degree))",CIVILENG,Civil Engineering,24,1,curated mapping (Sep 2026)
JoSAA,"Civil Engineering with any of the listed specialization (5 Years, Bachelor and Master of Technology (Dual Degree))","Civil Engineering with any of the listed specialization (5 Years, Bachelor and Master of Technology (Dual Degree))",CIVILENG,Civil Engineering,443,2,curated mapping (Sep 2026)
JoSAA,"Computational Engineering and Mechanics (4 Years, Bachelor of Technology)","Computational Engineering and Mechanics (4 Years, Bachelor of Technology)",CSIT,Computer Science / Information Technology,72,1,curated mapping (Sep 2026)
JoSAA,"Computer Engineering (5 Years, Bachelor and Master of Technology (Dual Degree))","Computer Engineering (5 Years, Bachelor and Master of Technology (Dual Degree))",CSIT,Computer Science / Information Technology,65,1,curated mapping (Sep 2026)
JoSAA,"Computer Science & Engineering (5 Years, B.Tech. + M.Tech./MS (Dual Degree))","Computer Science & Engineering (5 Years, B.Tech. + M.Tech./MS (Dual Degree))",CSIT,Computer Science / Information Technology,132,1,curated mapping (Sep 2026)
JoSAA,"Computer Science (5 Years, Integrated Master of Technology)","Computer Science (5 Years, Integrated Master of Technology)",CSIT,Computer Science / Information Technology,184,1,curated mapping (Sep 2026)
JoSAA,"Computer Science and Engineering (Artificial Intelligence and Machine Learning) (4 Years, Bachelor of Technology)","Computer Science and Engineering (Artificial Intelligence and Machine Learning) (4 Years, Bachelor of Technology)",AIML,Artificial Intelligence / Machine Learning / Data Science,60,1,curated mapping (Sep 2026)
JoSAA,"Computer Science and Engineering (Internet of Things, Cyber Security including Block Chain Technology ) (4 Years, Bachelor of Technology)","Computer Science and Engineering (Internet of Things, Cyber Security including Block Chain Technology ) (4 Years, Bachelor of Technology)",CYBERSEC,Cyber Security,40,1,curated mapping (Sep 2026)
JoSAA,"Computer Science and Engineering and M.Tech Computer Science (5 Years, Bachelor and Master of Technology (Dual Degree))","Computer Science and Engineering and M.Tech Computer Science (5 Years, Bachelor and Master of Technology (Dual Degree))",CSIT,Computer Science / Information Technology,36,1,curated mapping (Sep 2026)
JoSAA,"Computer Science and Engineering and M.Tech in Information Security (5 Years, Bachelor and Master of Technology (Dual Degree))","Computer Science and Engineering and M.Tech in Information Security (5 Years, Bachelor and Master of Technology (Dual Degree))",CSIT,Computer Science / Information Technology,36,1,curated mapping (Sep 2026)
JoSAA,"Computer Science and Engineering with minor in AI and ML (4 Years, Bachelor of Technology)","Computer Science and Engineering with minor in AI and ML (4 Years, Bachelor of Technology)",AIML,Artificial Intelligence / Machine Learning / Data Science,42,1,curated mapping (Sep 2026)
JoSAA,"Computer Science and Engineering with specialization in Quantum Technologies (4 Years, Bachelor of Technology)","Computer Science and Engineering with specialization in Quantum Technologies (4 Years, Bachelor of Technology)",AIML,Artificial Intelligence / Machine Learning / Data Science,60,1,curated mapping (Sep 2026)
JoSAA,"Computer Science and Technology (5 Years, Bachelor and Master of Technology (Dual Degree))","Computer Science and Technology (5 Years, Bachelor and Master of Technology (Dual Degree))",CSIT,Computer Science / Information Technology,54,1,curated mapping (Sep 2026)
JoSAA,"Design (4 Years, Bachelor of Technology)","Design (4 Years, Bachelor of Technology)",DESIGN,Design,48,1,curated mapping (Sep 2026)
JoSAA,"Design Engineering (4 Years, Bachelor of Technology)","Design Engineering (4 Years, Bachelor of Technology)",DESIGN,Design,36,1,curated mapping (Sep 2026)
JoSAA,"Digital Agriculture (4 Years, Bachelor of Technology)","Digital Agriculture (4 Years, Bachelor of Technology)",AGRIENG,Agricultural Engineering,48,1,curated mapping (Sep 2026)
JoSAA,"Economics (5 Years, Integrated Master of Science)","Economics (5 Years, Integrated Master of Science)",ECON,Economics,250,1,curated mapping (Sep 2026)
JoSAA,"Electrical Engineering (Integrated Circuit Design and Technology) (4 Years, Bachelor of Technology)","Electrical Engineering (Integrated Circuit Design and Technology) (4 Years, Bachelor of Technology)",ELEC,Electrical / Electronics / Communications Engineering,49,1,curated mapping (Sep 2026)
JoSAA,"Electrical Engineering and M.Tech Control and Automation (5 Years, Bachelor and Master of Technology (Dual Degree))","Electrical Engineering and M.Tech Control and Automation (5 Years, Bachelor and Master of Technology (Dual Degree))",ELEC,Electrical / Electronics / Communications Engineering,36,1,curated mapping (Sep 2026)
JoSAA,"Electrical Engineering and M.Tech Electronic Systems and Communications (5 Years, Bachelor and Master of Technology (Dual Degree))","Electrical Engineering and M.Tech Electronic Systems and Communications (5 Years, Bachelor and Master of Technology (Dual Degree))",ELEC,Electrical / Electronics / Communications Engineering,48,1,curated mapping (Sep 2026)
JoSAA,"Electrical Engineering and M.Tech Power Electronics and Drives (5 Years, Bachelor and Master of Technology (Dual Degree))","Electrical Engineering and M.Tech Power Electronics and Drives (5 Years, Bachelor and Master of Technology (Dual Degree))",ELEC,Electrical / Electronics / Communications Engineering,327,2,curated mapping (Sep 2026)
JoSAA,"Electrical Engineering with M.Tech. in Communications and Signal Processing (5 Years, Bachelor and Master of Technology (Dual Degree))","Electrical Engineering with M.Tech. in Communications and Signal Processing (5 Years, Bachelor and Master of Technology (Dual Degree))",ELEC,Electrical / Electronics / Communications Engineering,121,1,curated mapping (Sep 2026)
JoSAA,"Electrical Engineering with M.Tech. in Microelectronics (5 Years, Bachelor and Master of Technology (Dual Degree))","Electrical Engineering with M.Tech. in Microelectronics (5 Years, Bachelor and Master of Technology (Dual Degree))",ELEC,Electrical / Electronics / Communications Engineering,114,1,curated mapping (Sep 2026)
JoSAA,"Electrical Engineering with M.Tech. in any of the listed specializations (5 Years, Bachelor and Master of Technology (Dual Degree))","Electrical Engineering with M.Tech. in any of the listed specializations (5 Years, Bachelor and Master of Technology (Dual Degree))",ELEC,Electrical / Electronics / Communications Engineering,400,1,curated mapping (Sep 2026)
JoSAA,"Electrical and Instrumentation Engineering (4 Years, Bachelor of Technology)","Electrical and Instrumentation Engineering (4 Years, Bachelor of Technology)",ELEC,Electrical / Electronics / Communications Engineering,183,1,curated mapping (Sep 2026)
JoSAA,"Electronics & Communication Engineering (5 Years, B.Tech. + M.Tech./MS (Dual Degree))","Electronics & Communication Engineering (5 Years, B.Tech. + M.Tech./MS (Dual Degree))",ELEC,Electrical / Electronics / Communications Engineering,125,1,curated mapping (Sep 2026)
JoSAA,"Electronics System Engineering (4 Years, Bachelor of Technology)","Electronics System Engineering (4 Years, Bachelor of Technology)",ELEC,Electrical / Electronics / Communications Engineering,274,1,curated mapping (Sep 2026)
JoSAA,"Electronics and Communication Engineering (Under Flexible Academic Program) (4 Years, Bachelor of Technology)","Electronics and Communication Engineering (Under Flexible Academic Program) (4 Years, Bachelor of Technology)",ELEC,Electrical / Electronics / Communications Engineering,60,1,curated mapping (Sep 2026)
JoSAA,"Electronics and Communication Engineering (VLSI Design) (4 Years, Bachelor of Technology)","Electronics and Communication Engineering (VLSI Design) (4 Years, Bachelor of Technology)",ELEC,Electrical / Electronics / Communications Engineering,36,1,curated mapping (Sep 2026)
JoSAA,"Electronics and Communication Engineering - Design and Manufacturing (4 Years, Bachelor of Technology)","Electronics and Communication Engineering - Design and Manufacturing (4 Years, Bachelor of Technology)",ELEC,Electrical / Electronics / Communications Engineering,60,2,curated mapping (Sep 2026)
JoSAA,"Electronics and Communication Engineering - Design and Manufacturing + M. Tech VLSI & Electronic System Design (5 Years, Bachelor and Master of Technology (Dual Degree))","Electronics and Communication Engineering - Design and Manufacturing + M. Tech VLSI & Electronic System Design (5 Years, Bachelor and Master of Technology (Dual Degree))",ELEC,Electrical / Electronics / Communications Engineering,27,1,curated mapping (Sep 2026)
JoSAA,"Electronics and Communication Engineering - Design and Manufacturing + M.Tech Signal Processing & Communication System Design (5 Years, Bachelor and Master of Technology (Dual Degree))","Electronics and Communication Engineering - Design and Manufacturing + M.Tech Signal Processing & Communication System Design (5 Years, Bachelor and Master of Technology (Dual Degree))",ELEC,Electrical / Electronics / Communications Engineering,24,1,curated mapping (Sep 2026)
JoSAA,"Electronics and Communication Engineering and M.Tech (ECE) Spl. (Micro Electronics) (5 Years, Bachelor and Master of Technology (Dual Degree))","Electronics and Communication Engineering and M.Tech (ECE) Spl. (Micro Electronics) (5 Years, Bachelor and Master of Technology (Dual Degree))",ELEC,Electrical / Electronics / Communications Engineering,39,1,curated mapping (Sep 2026)
JoSAA,"Electronics and Communication Engineering and M.Tech Communication and Network (5 Years, Bachelor and Master of Technology (Dual Degree))","Electronics and Communication Engineering and M.Tech Communication and Network (5 Years, Bachelor and Master of Technology (Dual Degree))",ELEC,Electrical / Electronics / Communications Engineering,36,1,curated mapping (Sep 2026)
JoSAA,"Electronics and Communication Engineering and M.Tech. Bio-Medical Engineering (5 Years, Bachelor and Master of Technology (Dual Degree))","Electronics and Communication Engineering and M.Tech. Bio-Medical Engineering (5 Years, Bachelor and Master of Technology (Dual Degree))",ELEC,Electrical / Electronics / Communications Engineering,39,1,curated mapping (Sep 2026)
JoSAA,"Electronics and Communication Engineering and MBA (Information Technology) (5 Years, Bachelor of Technology and MBA (Dual Degree))","Electronics and Communication Engineering and MBA (Information Technology) (5 Years, Bachelor of Technology and MBA (Dual Degree))",CSIT,Computer Science / Information Technology,39,1,curated mapping (Sep 2026)
JoSAA,"Electronics and Communication Engineering with specialization in Design and Manufacturing + M. Tech - Signal Processing and Communication Systems Design (5 Years, Bachelor and Master of Technology (Dual Degree))","Electronics and Communication Engineering with specialization in Design and Manufacturing + M. Tech - Signal Processing and Communication Systems Design (5 Years, Bachelor and Master of Technology (Dual Degree))",ELEC,Electrical / Electronics / Communications Engineering,28,1,curated mapping (Sep 2026)
JoSAA,"Electronics and Communication Engineering with specialization in Design and Manufacturing + M. Tech - VLSI and Electronic Systems Design (5 Years, Bachelor and Master of Technology (Dual Degree))","Electronics and Communication Engineering with specialization in Design and Manufacturing + M. Tech - VLSI and Electronic Systems Design (5 Years, Bachelor and Master of Technology (Dual Degree))",ELEC,Electrical / Electronics / Communications Engineering,28,1,curated mapping (Sep 2026)
JoSAA,"Electronics and Electrical Communication Engineering with M.Tech. in any of the listed specializations (5 Years, Bachelor and Master of Technology (Dual Degree))","Electronics and Electrical Communication Engineering with M.Tech. in any of the listed specializations (5 Years, Bachelor and Master of Technology (Dual Degree))",ELEC,Electrical / Electronics / Communications Engineering,482,1,curated mapping (Sep 2026)
JoSAA,"Electronics and Instrumentation Engineering and M.Tech VLSI Design and Embedded (5 Years, Bachelor and Master of Technology (Dual Degree))","Electronics and Instrumentation Engineering and M.Tech VLSI Design and Embedded (5 Years, Bachelor and Master of Technology (Dual Degree))",ELEC,Electrical / Electronics / Communications Engineering,36,1,curated mapping (Sep 2026)
JoSAA,"Electronics and Telecommunication Engineering (5 Years, Bachelor and Master of Technology (Dual Degree))","Electronics and Telecommunication Engineering (5 Years, Bachelor and Master of Technology (Dual Degree))",ELEC,Electrical / Electronics / Communications Engineering,54,1,curated mapping (Sep 2026)
JoSAA,"Energy Engineering with M.Tech. in Energy Systems Engineering (5 Years, Bachelor and Master of Technology (Dual Degree))","Energy Engineering with M.Tech. in Energy Systems Engineering (5 Years, Bachelor and Master of Technology (Dual Degree))",ENERGYENG,Energy Engineering,290,1,curated mapping (Sep 2026)
JoSAA,"Energy and Electrical Vehicle Engineering (4 Years, Bachelor of Technology)","Energy and Electrical Vehicle Engineering (4 Years, Bachelor of Technology)",ELEC,Electrical / Electronics / Communications Engineering,96,1,curated mapping (Sep 2026)
JoSAA,"Engineering Physics (5 Years, Integrated Master of Technology)","Engineering Physics (5 Years, Integrated Master of Technology)",PHYSICS,Physics,24,1,curated mapping (Sep 2026)
JoSAA,"Engineering Physics and M.Tech. with specialization in Nano Science (5 Years, Bachelor and Master of Technology (Dual Degree))","Engineering Physics and M.Tech. with specialization in Nano Science (5 Years, Bachelor and Master of Technology (Dual Degree))",PHYSICS,Physics,30,1,curated mapping (Sep 2026)
JoSAA,"Environmental Science and Engineering (5 Years, Bachelor and Master of Technology (Dual Degree))","Environmental Science and Engineering (5 Years, Bachelor and Master of Technology (Dual Degree))",ENVENG,Environmental Engineering,291,1,curated mapping (Sep 2026)
JoSAA,"Exploration Geophysics (5 Years, Integrated Master of Science)","Exploration Geophysics (5 Years, Integrated Master of Science)",PHYSICS,Physics,204,1,curated mapping (Sep 2026)
JoSAA,"Food Technology (5 Years, Integrated Master of Science)","Food Technology (5 Years, Integrated Master of Science)",FOODENG,Food Engineering,97,1,curated mapping (Sep 2026)
JoSAA,"Industrial Chemistry (5 Years, Integrated Master of Technology)","Industrial Chemistry (5 Years, Integrated Master of Technology)",INDENG,Industrial / Manufacturing / Production Engineering,24,1,curated mapping (Sep 2026)
JoSAA,"Industrial and Systems Engineering with M.Tech. in Industrial and Systems Engineering and Management (5 Years, Bachelor and Master of Technology (Dual Degree))","Industrial and Systems Engineering with M.Tech. in Industrial and Systems Engineering and Management (5 Years, Bachelor and Master of Technology (Dual Degree))",INDENG,Industrial / Manufacturing / Production Engineering,355,1,curated mapping (Sep 2026)
JoSAA,"Information Technology (5 Years, Bachelor and Master of Technology (Dual Degree))","Information Technology (5 Years, Bachelor and Master of Technology (Dual Degree))",CSIT,Computer Science / Information Technology,54,1,curated mapping (Sep 2026)
JoSAA,"Information Technology (Under Flexible Academic Program) (4 Years, Bachelor of Technology)","Information Technology (Under Flexible Academic Program) (4 Years, Bachelor of Technology)",CSIT,Computer Science / Information Technology,60,1,curated mapping (Sep 2026)
JoSAA,"Information Technology and M.Tech (Information Technology) Spl. (Cyber Law and Information Security) (5 Years, Bachelor and Master of Technology (Dual Degree))","Information Technology and M.Tech (Information Technology) Spl. (Cyber Law and Information Security) (5 Years, Bachelor and Master of Technology (Dual Degree))",CYBERSEC,Cyber Security,39,1,curated mapping (Sep 2026)
JoSAA,"Information Technology and M.Tech (Information Technology) Spl. (Human Computer Interaction) (5 Years, Bachelor and Master of Technology (Dual Degree))","Information Technology and M.Tech (Information Technology) Spl. (Human Computer Interaction) (5 Years, Bachelor and Master of Technology (Dual Degree))",CSIT,Computer Science / Information Technology,39,1,curated mapping (Sep 2026)
JoSAA,"Information Technology and M.Tech (Information Technology) Spl. (Intellegent System) (5 Years, Bachelor and Master of Technology (Dual Degree))","Information Technology and M.Tech (Information Technology) Spl. (Intellegent System) (5 Years, Bachelor and Master of Technology (Dual Degree))",CSIT,Computer Science / Information Technology,52,1,curated mapping (Sep 2026)
JoSAA,"Information Technology and M.Tech (Information Technology) Spl. Bio-Informatics (5 Years, Bachelor and Master of Technology (Dual Degree))","Information Technology and M.Tech (Information Technology) Spl. Bio-Informatics (5 Years, Bachelor and Master of Technology (Dual Degree))",CSIT,Computer Science / Information Technology,52,1,curated mapping (Sep 2026)
JoSAA,"Information Technology and M.Tech (Information Technology) Spl. Robotics (5 Years, Bachelor and Master of Technology (Dual Degree))","Information Technology and M.Tech (Information Technology) Spl. Robotics (5 Years, Bachelor and Master of Technology (Dual Degree))",CSIT,Computer Science / Information Technology,52,1,curated mapping (Sep 2026)
JoSAA,"Information Technology and M.Tech (Information Technology) Spl. Software Engineering (5 Years, Bachelor and Master of Technology (Dual Degree))","Information Technology and M.Tech (Information Technology) Spl. Software Engineering (5 Years, Bachelor and Master of Technology (Dual Degree))",CSIT,Computer Science / Information Technology,52,1,curated mapping (Sep 2026)
JoSAA,"Information Technology and M.Tech (Information Technology) Spl. Wireless Communication Engineering (5 Years, Bachelor and Master of Technology (Dual Degree))","Information Technology and M.Tech (Information Technology) Spl. Wireless Communication Engineering (5 Years, Bachelor and Master of Technology (Dual Degree))",CSIT,Computer Science / Information Technology,52,1,curated mapping (Sep 2026)
JoSAA,"Information Technology and MBA (Information Technology) (5 Years, Bachelor of Technology and MBA (Dual Degree))","Information Technology and MBA (Information Technology) (5 Years, Bachelor of Technology and MBA (Dual Degree))",CSIT,Computer Science / Information Technology,52,1,curated mapping (Sep 2026)
JoSAA,"Instrumentation and Biomedical Engineering (4 Years, Bachelor of Technology)","Instrumentation and Biomedical Engineering (4 Years, Bachelor of Technology)",BIOMEDENG,Biomedical Engineering,66,1,curated mapping (Sep 2026)
JoSAA,"Integrated B. Tech.(IT) and M. Tech (IT) (5 Years, Integrated B. Tech. and M. Tech. /MBA)","Integrated B. Tech.(IT) and M. Tech (IT) (5 Years, Integrated B. Tech. and M. Tech. /MBA)",CSIT,Computer Science / Information Technology,262,1,curated mapping (Sep 2026)
JoSAA,"Integrated B. Tech.(IT) and MBA (5 Years, Integrated B. Tech. and M. Tech. /MBA)","Integrated B. Tech.(IT) and MBA (5 Years, Integrated B. Tech. and M. Tech. /MBA)",CSIT,Computer Science / Information Technology,228,1,curated mapping (Sep 2026)
JoSAA,"Manufacturing Engineering (4 Years, Bachelor of Technology)","Manufacturing Engineering (4 Years, Bachelor of Technology)",INDENG,Industrial / Manufacturing / Production Engineering,138,1,curated mapping (Sep 2026)
JoSAA,"Manufacturing Science and Engineering with M.Tech. in Industrial and Systems Engineering and Management (5 Years, Bachelor and Master of Technology (Dual Degree))","Manufacturing Science and Engineering with M.Tech. in Industrial and Systems Engineering and Management (5 Years, Bachelor and Master of Technology (Dual Degree))",INDENG,Industrial / Manufacturing / Production Engineering,350,1,curated mapping (Sep 2026)
JoSAA,"Material Science (5 Years, Bachelor of Science and Master of Science (Dual Degree))","Material Science (5 Years, Bachelor of Science and Master of Science (Dual Degree))",FISH,Fishery Science,25,1,curated mapping (Sep 2026)
JoSAA,"Materials Science and Technology (4 Years, Bachelor of Technology)","Materials Science and Technology (4 Years, Bachelor of Technology)",MEMS,Metallurgy Engineering And Material Science,54,1,curated mapping (Sep 2026)
JoSAA,"Materials and Metallurgical Engineering (4 Years, Bachelor of Technology)","Materials and Metallurgical Engineering (4 Years, Bachelor of Technology)",MEMS,Metallurgy Engineering And Material Science,74,1,curated mapping (Sep 2026)
JoSAA,"Mathematics (5 Years, Bachelor of Science and Master of Science (Dual Degree))","Mathematics (5 Years, Bachelor of Science and Master of Science (Dual Degree))",MNC,Mathematics And Computing,146,1,curated mapping (Sep 2026)
JoSAA,"Mathematics and Computing (5 Years, Integrated Master of Technology)","Mathematics and Computing (5 Years, Integrated Master of Technology)",MNC,Mathematics And Computing,521,4,curated mapping (Sep 2026)
JoSAA,"Mechanical Engineering (D and M) and M.Tech (Advanced Manufacturing) (5 Years, Bachelor and Master of Technology (Dual Degree))","Mechanical Engineering (D and M) and M.Tech (Advanced Manufacturing) (5 Years, Bachelor and Master of Technology (Dual Degree))",MECHENG,Mechanical / Mechatronics Engineering ,24,1,curated mapping (Sep 2026)
JoSAA,"Mechanical Engineering (D and M) and M.Tech (Product Design) (5 Years, Bachelor and Master of Technology (Dual Degree))","Mechanical Engineering (D and M) and M.Tech (Product Design) (5 Years, Bachelor and Master of Technology (Dual Degree))",MECHENG,Mechanical / Mechatronics Engineering ,24,1,curated mapping (Sep 2026)
JoSAA,"Mechanical Engineering (Manuacturing Engineering) (4 Years, Bachelor of Technology)","Mechanical Engineering (Manuacturing Engineering) (4 Years, Bachelor of Technology)",MECHENG,Mechanical / Mechatronics Engineering ,90,1,curated mapping (Sep 2026)
JoSAA,"Mechanical Engineering (Welding Technology) (4 Years, Bachelor of Technology)","Mechanical Engineering (Welding Technology) (4 Years, Bachelor of Technology)",MECHENG,Mechanical / Mechatronics Engineering ,88,1,curated mapping (Sep 2026)
JoSAA,"Mechanical Engineering and M. Tech. in Mechanical System Design (5 Years, Bachelor and Master of Technology (Dual Degree))","Mechanical Engineering and M. Tech. in Mechanical System Design (5 Years, Bachelor and Master of Technology (Dual Degree))",MECHENG,Mechanical / Mechatronics Engineering ,342,1,curated mapping (Sep 2026)
JoSAA,"Mechanical Engineering and M. Tech. in Thermal Science & Engineering (5 Years, Bachelor and Master of Technology (Dual Degree))","Mechanical Engineering and M. Tech. in Thermal Science & Engineering (5 Years, Bachelor and Master of Technology (Dual Degree))",MECHENG,Mechanical / Mechatronics Engineering ,342,1,curated mapping (Sep 2026)
JoSAA,"Mechanical Engineering and M.Tech Mechatronics and Automation (5 Years, Bachelor and Master of Technology (Dual Degree))","Mechanical Engineering and M.Tech Mechatronics and Automation (5 Years, Bachelor and Master of Technology (Dual Degree))",MECHENG,Mechanical / Mechatronics Engineering ,42,1,curated mapping (Sep 2026)
JoSAA,"Mechanical Engineering and M.Tech. in Computer Integrated Manufacturing (5 Years, Bachelor and Master of Technology (Dual Degree))","Mechanical Engineering and M.Tech. in Computer Integrated Manufacturing (5 Years, Bachelor and Master of Technology (Dual Degree))",CSIT,Computer Science / Information Technology,346,1,curated mapping (Sep 2026)
JoSAA,"Mechanical Engineering with M.Tech. in Manufacturing Engineering (5 Years, Bachelor and Master of Technology (Dual Degree))","Mechanical Engineering with M.Tech. in Manufacturing Engineering (5 Years, Bachelor and Master of Technology (Dual Degree))",MECHENG,Mechanical / Mechatronics Engineering ,297,1,curated mapping (Sep 2026)
JoSAA,"Mechanical Engineering with M.Tech. in any of the listed specializations (5 Years, Bachelor and Master of Technology (Dual Degree))","Mechanical Engineering with M.Tech. in any of the listed specializations (5 Years, Bachelor and Master of Technology (Dual Degree))",MECHENG,Mechanical / Mechatronics Engineering ,431,1,curated mapping (Sep 2026)
JoSAA,"Mechanical Engineering with specialization in Design and Manufacturing + M. Tech - Advanced Manufacturing (5 Years, Bachelor and Master of Technology (Dual Degree))","Mechanical Engineering with specialization in Design and Manufacturing + M. Tech - Advanced Manufacturing (5 Years, Bachelor and Master of Technology (Dual Degree))",MECHENG,Mechanical / Mechatronics Engineering ,35,1,curated mapping (Sep 2026)
JoSAA,"Mechanical Engineering with specialization in Design and Manufacturing + M. Tech - Product Design (5 Years, Bachelor and Master of Technology (Dual Degree))","Mechanical Engineering with specialization in Design and Manufacturing + M. Tech - Product Design (5 Years, Bachelor and Master of Technology (Dual Degree))",MECHENG,Mechanical / Mechatronics Engineering ,28,1,curated mapping (Sep 2026)
JoSAA,"Mechanical Engineering with specialization in Smart Manufacturing (4 Years, Bachelor of Technology)","Mechanical Engineering with specialization in Smart Manufacturing (4 Years, Bachelor of Technology)",MECHENG,Mechanical / Mechatronics Engineering ,29,1,curated mapping (Sep 2026)
JoSAA,"Mechanical Engineering- Design and Manufacturing (4 Years, Bachelor of Technology)","Mechanical Engineering- Design and Manufacturing (4 Years, Bachelor of Technology)",MECHENG,Mechanical / Mechatronics Engineering ,54,2,curated mapping (Sep 2026)
JoSAA,"Mechanical – Smart Manufacturing (4 Years, Bachelor of Technology)","Mechanical – Smart Manufacturing (4 Years, Bachelor of Technology)",MECHENG,Mechanical / Mechatronics Engineering ,30,1,curated mapping (Sep 2026)
JoSAA,"Metallurgical Engineering & Materials Science (5 Years, Bachelor and Master of Technology (Dual Degree))","Metallurgical Engineering & Materials Science (5 Years, Bachelor and Master of Technology (Dual Degree))",MEMS,Metallurgy Engineering And Material Science,189,1,curated mapping (Sep 2026)
JoSAA,"Metallurgical Engineering and Materials Science with M.Tech. in Ceramics and Composites (5 Years, Bachelor and Master of Technology (Dual Degree))","Metallurgical Engineering and Materials Science with M.Tech. in Ceramics and Composites (5 Years, Bachelor and Master of Technology (Dual Degree))",MEMS,Metallurgy Engineering And Material Science,107,1,curated mapping (Sep 2026)
JoSAA,"Metallurgical Engineering and Materials Science with M.Tech. in Metallurgical Process Engineering (5 Years, Bachelor and Master of Technology (Dual Degree))","Metallurgical Engineering and Materials Science with M.Tech. in Metallurgical Process Engineering (5 Years, Bachelor and Master of Technology (Dual Degree))",MEMS,Metallurgy Engineering And Material Science,94,1,curated mapping (Sep 2026)
JoSAA,"Metallurgical and Materials Engineering and M.Tech. in Materials Science and Engineering (5 Years, Bachelor and Master of Technology (Dual Degree))","Metallurgical and Materials Engineering and M.Tech. in Materials Science and Engineering (5 Years, Bachelor and Master of Technology (Dual Degree))",MEMS,Metallurgy Engineering And Material Science,62,1,curated mapping (Sep 2026)
JoSAA,"Metallurgy and Materials Engineering (5 Years, Bachelor and Master of Technology (Dual Degree))","Metallurgy and Materials Engineering (5 Years, Bachelor and Master of Technology (Dual Degree))",MEMS,Metallurgy Engineering And Material Science,48,1,curated mapping (Sep 2026)
JoSAA,"Mineral Engineering (4 Years, Bachelor of Technology)","Mineral Engineering (4 Years, Bachelor of Technology)",MININGENG,Mining Engineering,159,2,curated mapping (Sep 2026)
JoSAA,"Mining Safety Engineering (5 Years, Bachelor and Master of Technology (Dual Degree))","Mining Safety Engineering (5 Years, Bachelor and Master of Technology (Dual Degree))",MININGENG,Mining Engineering,335,1,curated mapping (Sep 2026)
JoSAA,"Naval Architecture and Ocean Engineering (5 Years, Bachelor and Master of Technology (Dual Degree))","Naval Architecture and Ocean Engineering (5 Years, Bachelor and Master of Technology (Dual Degree))",ARCH,Architecture,101,1,curated mapping (Sep 2026)
JoSAA,"Ocean Engineering and Naval Architecture (5 Years, Bachelor and Master of Technology (Dual Degree))","Ocean Engineering and Naval Architecture (5 Years, Bachelor and Master of Technology (Dual Degree))",ARCH,Architecture,394,1,curated mapping (Sep 2026)
JoSAA,"Pharmaceutics (4 Years, Bachelor of Pharmaceutics)","Pharmaceutics (4 Years, Bachelor of Pharmaceutics)",PHARMA,Pharmacy,24,1,curated mapping (Sep 2026)
JoSAA,"Pharmaceutics (5 Years, Bachelor and Master of Pharmaceutics(Dual Degree))","Pharmaceutics (5 Years, Bachelor and Master of Pharmaceutics(Dual Degree))",PHARMA,Pharmacy,24,1,curated mapping (Sep 2026)
JoSAA,"Physical Science (5 Years, Integrated Bachelor of Science-Master of Science)","Physical Science (5 Years, Integrated Bachelor of Science-Master of Science)",PHYSICS,Physics,48,1,curated mapping (Sep 2026)
JoSAA,"Physics and Computational Engineering (4 Years, Bachelor of Technology)","Physics and Computational Engineering (4 Years, Bachelor of Technology)",PHYSICS,Physics,33,1,curated mapping (Sep 2026)
JoSAA,"Polymer Science and Engineering (4 Years, Bachelor of Technology)","Polymer Science and Engineering (4 Years, Bachelor of Technology)",CHEMENG,Chemical Engineering,223,1,curated mapping (Sep 2026)
JoSAA,"Quality Engineering Design and Manufacturing (5 Years, Bachelor and Master of Technology (Dual Degree))","Quality Engineering Design and Manufacturing (5 Years, Bachelor and Master of Technology (Dual Degree))",INDENG,Industrial / Manufacturing / Production Engineering,205,1,curated mapping (Sep 2026)
JoSAA,"Robotics and AI (4 Years, Bachelor of Technology)","Robotics and AI (4 Years, Bachelor of Technology)",AIML,Artificial Intelligence / Machine Learning / Data Science,36,1,curated mapping (Sep 2026)
JoSAA,"Space Science and Engineering (4 Years, Bachelor of Technology)","Space Science and Engineering (4 Years, Bachelor of Technology)",SPACEENG,Space Engineering,48,1,curated mapping (Sep 2026)
KCET,AERO SPACE ENGINEERING,AERO SPACE ENGINEERING,AERO,Aerospace Engineering,54,5,curated mapping (Sep 2026)
KCET,AGRICULTURE ENGINEERING,AGRICULTURE ENGINEERING,AGRIENG,Agricultural Engineering,5,5,curated mapping (Sep 2026)
KCET,ARTIFICIAL INTELLIGENCE ENGINEERING,ARTIFICIAL INTELLIGENCE ENGINEERING,AIML,Artificial Intelligence / Machine Learning / Data Science,1,1,curated mapping (Sep 2026)
KCET,AUTOMOTIVE ENGINEERING,AUTOMOTIVE ENGINEERING,AUTOENG,Automobile Engineering,4,1,curated mapping (Sep 2026)
KCET,B TECH IN AERO SPACE ENGINEERING,B TECH IN AERO SPACE ENGINEERING,AERO,Aerospace Engineering,50,4,curated mapping (Sep 2026)
KCET,B TECH IN AERONAUTICAL ENGINEERING,B TECH IN AERONAUTICAL ENGINEERING,AERO,Aerospace Engineering,1,1,curated mapping (Sep 2026)
KCET,B TECH IN AGRICULTURAL ENGINEERING,B TECH IN AGRICULTURAL ENGINEERING,AGRIENG,Agricultural Engineering,7,1,curated mapping (Sep 2026)
KCET,B TECH IN ARTIFICIAL INTELLIGENCE AND DATA SCIENCE,B TECH IN ARTIFICIAL INTELLIGENCE AND DATA SCIENCE,AIML,Artificial Intelligence / Machine Learning / Data Science,100,5,curated mapping (Sep 2026)
KCET,B TECH IN ARTIFICIAL INTELLIGENCE AND MACHINE LEARNING,B TECH IN ARTIFICIAL INTELLIGENCE AND MACHINE LEARNING,AIML,Artificial Intelligence / Machine Learning / Data Science,47,4,curated mapping (Sep 2026)
KCET,B TECH IN BIO-TECHNOLOGY,B TECH IN BIO-TECHNOLOGY,BIOTECH,Biotechnology,31,3,curated mapping (Sep 2026)
KCET,B TECH IN CIVIL ENGINEERING,B TECH IN CIVIL ENGINEERING,CIVILENG,Civil Engineering,21,7,curated mapping (Sep 2026)
KCET,B TECH IN COMPUTER ENGINEERING,B TECH IN COMPUTER ENGINEERING,CSIT,Computer Science / Information Technology,14,1,curated mapping (Sep 2026)
KCET,B TECH IN COMPUTER SCIENCE,B TECH IN COMPUTER SCIENCE,CSIT,Computer Science / Information Technology,17,1,curated mapping (Sep 2026)
KCET,B TECH IN COMPUTER SCIENCE & ENGINEERING(ARTIFICAL INTELLIGENCE & MACHINE LEARNING),B TECH IN COMPUTER SCIENCE & ENGINEERING(ARTIFICAL INTELLIGENCE & MACHINE LEARNING),AIML,Artificial Intelligence / Machine Learning / Data Science,179,7,curated mapping (Sep 2026)
KCET,B TECH IN COMPUTER SCIENCE & ENGINEERING(ARTIFICIAL INTELLIGENCE AND FUTURE TECHNOLOGIES),B TECH IN COMPUTER SCIENCE & ENGINEERING(ARTIFICIAL INTELLIGENCE AND FUTURE TECHNOLOGIES),AIML,Artificial Intelligence / Machine Learning / Data Science,19,1,curated mapping (Sep 2026)
KCET,B TECH IN COMPUTER SCIENCE AND ENGINEERING,B TECH IN COMPUTER SCIENCE AND ENGINEERING,CSIT,Computer Science / Information Technology,419,19,curated mapping (Sep 2026)
KCET,B TECH IN COMPUTER SCIENCE AND ENGINEERING(ARTIFICIAL INTELLIGENCE AND DATA SCIENCE),B TECH IN COMPUTER SCIENCE AND ENGINEERING(ARTIFICIAL INTELLIGENCE AND DATA SCIENCE),AIML,Artificial Intelligence / Machine Learning / Data Science,48,2,curated mapping (Sep 2026)
KCET,B TECH IN COMPUTER SCIENCE AND ENGINEERING(BLOCK CHAIN),B TECH IN COMPUTER SCIENCE AND ENGINEERING(BLOCK CHAIN),CYBERSEC,Cyber Security,13,1,curated mapping (Sep 2026)
KCET,B TECH IN COMPUTER SCIENCE AND ENGINEERING(CYBER SECURITY),B TECH IN COMPUTER SCIENCE AND ENGINEERING(CYBER SECURITY),CYBERSEC,Cyber Security,57,3,curated mapping (Sep 2026)
KCET,B TECH IN COMPUTER SCIENCE AND ENGINEERING(DATA SCIENCE),B TECH IN COMPUTER SCIENCE AND ENGINEERING(DATA SCIENCE),AIML,Artificial Intelligence / Machine Learning / Data Science,61,4,curated mapping (Sep 2026)
KCET,B TECH IN COMPUTER SCIENCE AND ENGINEERING(IOT INCLUDING BLOCK CHAIN),B TECH IN COMPUTER SCIENCE AND ENGINEERING(IOT INCLUDING BLOCK CHAIN),CYBERSEC,Cyber Security,15,1,curated mapping (Sep 2026)
KCET,B TECH IN COMPUTER SCIENCE AND ENGINEERING(IOT),B TECH IN COMPUTER SCIENCE AND ENGINEERING(IOT),CSIT,Computer Science / Information Technology,28,2,curated mapping (Sep 2026)
KCET,B TECH IN COMPUTER SCIENCE AND INFORMATION TECHNOLOGY,B TECH IN COMPUTER SCIENCE AND INFORMATION TECHNOLOGY,CSIT,Computer Science / Information Technology,20,1,curated mapping (Sep 2026)
KCET,B TECH IN COMPUTER SCIENCE AND TECHNOLOGY,B TECH IN COMPUTER SCIENCE AND TECHNOLOGY,CSIT,Computer Science / Information Technology,31,2,curated mapping (Sep 2026)
KCET,B TECH IN COMPUTER SCIENCE AND TECHNOLOGY(BIG DATA),B TECH IN COMPUTER SCIENCE AND TECHNOLOGY(BIG DATA),CSIT,Computer Science / Information Technology,12,1,curated mapping (Sep 2026)
KCET,B TECH IN COMPUTER SCIENCE AND TECHNOLOGY(DEV OPS),B TECH IN COMPUTER SCIENCE AND TECHNOLOGY(DEV OPS),CSIT,Computer Science / Information Technology,12,1,curated mapping (Sep 2026)
KCET,B TECH IN COMPUTER SCIENCE(AI &ML),B TECH IN COMPUTER SCIENCE(AI &ML),AIML,Artificial Intelligence / Machine Learning / Data Science,38,2,curated mapping (Sep 2026)
KCET,B TECH IN COMPUTER SCIENCE(CLOUD COMPUTING),B TECH IN COMPUTER SCIENCE(CLOUD COMPUTING),CSIT,Computer Science / Information Technology,6,1,curated mapping (Sep 2026)
KCET,B TECH IN COMPUTER SCIENCE(CYBER SECURITY),B TECH IN COMPUTER SCIENCE(CYBER SECURITY),CYBERSEC,Cyber Security,14,1,curated mapping (Sep 2026)
KCET,B TECH IN COMPUTER SCIENCE(DATA SCIENCE),B TECH IN COMPUTER SCIENCE(DATA SCIENCE),AIML,Artificial Intelligence / Machine Learning / Data Science,12,1,curated mapping (Sep 2026)
KCET,B TECH IN COMPUTER SCIENCE(INFORMATION SECURITY),B TECH IN COMPUTER SCIENCE(INFORMATION SECURITY),CSIT,Computer Science / Information Technology,1,1,curated mapping (Sep 2026)
KCET,B TECH IN ELECTRICAL & ELECTRONICS ENGINEERING,B TECH IN ELECTRICAL & ELECTRONICS ENGINEERING,ELEC,Electrical / Electronics / Communications Engineering,77,9,curated mapping (Sep 2026)
KCET,B TECH IN ELECTRONICS & COMMUNICATION ENGINEERING,B TECH IN ELECTRONICS & COMMUNICATION ENGINEERING,ELEC,Electrical / Electronics / Communications Engineering,202,16,curated mapping (Sep 2026)
KCET,B TECH IN ELECTRONICS & COMPUTER ENGINEERING,B TECH IN ELECTRONICS & COMPUTER ENGINEERING,CSIT,Computer Science / Information Technology,28,3,curated mapping (Sep 2026)
KCET,B TECH IN ENERGY ENGINEERING,B TECH IN ENERGY ENGINEERING,ENERGYENG,Energy Engineering,1,1,curated mapping (Sep 2026)
KCET,B TECH IN INFORMATION SCIENCE & TECHNOLOGY,B TECH IN INFORMATION SCIENCE & TECHNOLOGY,CSIT,Computer Science / Information Technology,15,1,curated mapping (Sep 2026)
KCET,B TECH IN INFORMATION SCIENCE ENGINEERING,B TECH IN INFORMATION SCIENCE ENGINEERING,CSIT,Computer Science / Information Technology,67,4,curated mapping (Sep 2026)
KCET,B TECH IN INFORMATION TECHNOLOGY,B TECH IN INFORMATION TECHNOLOGY,CSIT,Computer Science / Information Technology,26,3,curated mapping (Sep 2026)
KCET,B TECH IN MATHAMATICS AND COMPUTING,B TECH IN MATHAMATICS AND COMPUTING,MNC,Mathematics And Computing,8,1,curated mapping (Sep 2026)
KCET,B TECH IN MECHANICAL ENGINEERING,B TECH IN MECHANICAL ENGINEERING,MECHENG,Mechanical / Mechatronics Engineering ,53,8,curated mapping (Sep 2026)
KCET,B TECH IN MECHATRONICS ENGINEERING,B TECH IN MECHATRONICS ENGINEERING,MECHENG,Mechanical / Mechatronics Engineering ,10,1,curated mapping (Sep 2026)
KCET,B TECH IN PETROLEUM ENGINEERING,B TECH IN PETROLEUM ENGINEERING,CHEMENG,Chemical Engineering,1,1,curated mapping (Sep 2026)
KCET,B TECH IN ROBOTIC ENGINEERING,B TECH IN ROBOTIC ENGINEERING,ROBOENG,Robotics Engineering,1,1,curated mapping (Sep 2026)
KCET,B TECH IN ROBOTICS AND ARTIFICIAL INTELLIGENCE,B TECH IN ROBOTICS AND ARTIFICIAL INTELLIGENCE,AIML,Artificial Intelligence / Machine Learning / Data Science,46,4,curated mapping (Sep 2026)
KCET,B TECH IN ROBOTICS AND AUTOMATION,B TECH IN ROBOTICS AND AUTOMATION,ROBOENG,Robotics Engineering,10,1,curated mapping (Sep 2026)
KCET,B TECH IN ROBOTICS ENGINEERING,B TECH IN ROBOTICS ENGINEERING,ROBOENG,Robotics Engineering,13,1,curated mapping (Sep 2026)
KCET,B TECH(HONS)COMPUTER SCIENCE AND ENGINEERING(DATA SCIENCE),B TECH(HONS)COMPUTER SCIENCE AND ENGINEERING(DATA SCIENCE),AIML,Artificial Intelligence / Machine Learning / Data Science,11,1,curated mapping (Sep 2026)
KCET,B.PLAN,B.PLAN,PLAN,Planning,1,1,curated mapping (Sep 2026)
KCET,B.TECH IN BIOTECHNOLOGY & BIO-ENGINEERING,B.TECH IN BIOTECHNOLOGY & BIO-ENGINEERING,BIOTECH,Biotechnology,10,1,curated mapping (Sep 2026)
KCET,B.TECH IN CIVIL CONSTRUCTION AND SUSTAINABILITY ENGINEERING,B.TECH IN CIVIL CONSTRUCTION AND SUSTAINABILITY ENGINEERING,CIVILENG,Civil Engineering,1,1,curated mapping (Sep 2026)
KCET,B.TECH IN COMPUTER ENGINEERING(SOFTWARE PRODUCT DEVELOPMENT),B.TECH IN COMPUTER ENGINEERING(SOFTWARE PRODUCT DEVELOPMENT),CSIT,Computer Science / Information Technology,14,1,curated mapping (Sep 2026)
KCET,B.TECH IN COMPUTER SCIENCE & ENGINEERING(BUSINESS SYSTEMS),B.TECH IN COMPUTER SCIENCE & ENGINEERING(BUSINESS SYSTEMS),CSIT,Computer Science / Information Technology,1,1,curated mapping (Sep 2026)
KCET,B.TECH IN COMPUTER SCIENCE AND ARTIFICIAL INTELLIGENCE,B.TECH IN COMPUTER SCIENCE AND ARTIFICIAL INTELLIGENCE,AIML,Artificial Intelligence / Machine Learning / Data Science,13,1,curated mapping (Sep 2026)
KCET,B.TECH IN COMPUTER SCIENCE AND ENGINEERING(CLOUD COMPUTING),B.TECH IN COMPUTER SCIENCE AND ENGINEERING(CLOUD COMPUTING),CSIT,Computer Science / Information Technology,9,1,curated mapping (Sep 2026)
KCET,B.TECH IN COMPUTER SCIENCE AND ENGINEERING(DEV OPS),B.TECH IN COMPUTER SCIENCE AND ENGINEERING(DEV OPS),CSIT,Computer Science / Information Technology,6,1,curated mapping (Sep 2026)
KCET,B.TECH IN COMPUTER SCIENCE AND ENGINEERING(FULL STACK DEVELOPMENT),B.TECH IN COMPUTER SCIENCE AND ENGINEERING(FULL STACK DEVELOPMENT),CSIT,Computer Science / Information Technology,8,1,curated mapping (Sep 2026)
KCET,B.TECH IN COMPUTER SCIENCE AND ENGINEERING(ROBOTICS),B.TECH IN COMPUTER SCIENCE AND ENGINEERING(ROBOTICS),CSIT,Computer Science / Information Technology,9,1,curated mapping (Sep 2026)
KCET,B.TECH IN COMPUTER SCIENCE AND MEDICAL ENGINEERING,B.TECH IN COMPUTER SCIENCE AND MEDICAL ENGINEERING,CSIT,Computer Science / Information Technology,11,1,curated mapping (Sep 2026)
KCET,B.TECH IN COMPUTER SCIENCE(INTERNET OF THINGS),B.TECH IN COMPUTER SCIENCE(INTERNET OF THINGS),CSIT,Computer Science / Information Technology,10,2,curated mapping (Sep 2026)
KCET,B.TECH IN COMPUTER SICENCE AND ENGINEERING(DATA ANALYTICS),B.TECH IN COMPUTER SICENCE AND ENGINEERING(DATA ANALYTICS),AIML,Artificial Intelligence / Machine Learning / Data Science,9,1,curated mapping (Sep 2026)
KCET,B.TECH IN ELECTRICAL AND ELECTRONICS ENGINEERING(ELECTRICAL VEHICLE TECHNOLOGY),B.TECH IN ELECTRICAL AND ELECTRONICS ENGINEERING(ELECTRICAL VEHICLE TECHNOLOGY),ELEC,Electrical / Electronics / Communications Engineering,1,1,curated mapping (Sep 2026)
KCET,B.TECH IN ELECTRICAL ENGINEERING AND COMPUTER SCIENCE,B.TECH IN ELECTRICAL ENGINEERING AND COMPUTER SCIENCE,CSIT,Computer Science / Information Technology,7,1,curated mapping (Sep 2026)
KCET,B.TECH IN ELECTRONICS ENGINEERING,B.TECH IN ELECTRONICS ENGINEERING,ELEC,Electrical / Electronics / Communications Engineering,1,1,curated mapping (Sep 2026)
KCET,B.TECH IN ELECTRONICS ENGINEERING(VLSI AND EMBEDDED SYSTEM),B.TECH IN ELECTRONICS ENGINEERING(VLSI AND EMBEDDED SYSTEM),ELEC,Electrical / Electronics / Communications Engineering,1,1,curated mapping (Sep 2026)
KCET,B.TECH IN EMBEDDED SYSTEM AND VLSI,B.TECH IN EMBEDDED SYSTEM AND VLSI,ELEC,Electrical / Electronics / Communications Engineering,6,1,curated mapping (Sep 2026)
KCET,B.TECH IN MECHANICAL AND AEROSPACE ENGINEERING,B.TECH IN MECHANICAL AND AEROSPACE ENGINEERING,MECHENG,Mechanical / Mechatronics Engineering ,1,1,curated mapping (Sep 2026)
KCET,B.TECH IN VLSI,B.TECH IN VLSI,ELEC,Electrical / Electronics / Communications Engineering,8,1,curated mapping (Sep 2026)
KCET,BACHELOR OF DESIGN(INTERIOR DESIGN),BACHELOR OF DESIGN(INTERIOR DESIGN),DESIGN,Design,1,1,curated mapping (Sep 2026)
KCET,BIOMEDICAL AND ROBOTIC ENGINEERING,BIOMEDICAL AND ROBOTIC ENGINEERING,BIOMEDENG,Biomedical Engineering,1,1,curated mapping (Sep 2026)
KCET,BTECH IN COMPUTER SCIENCE AND BUSINESS SYSTEMS,BTECH IN COMPUTER SCIENCE AND BUSINESS SYSTEMS,CSIT,Computer Science / Information Technology,22,1,curated mapping (Sep 2026)
KCET,BTECH IN COMPUTER SCIENCE AND DESIGN,BTECH IN COMPUTER SCIENCE AND DESIGN,CSIT,Computer Science / Information Technology,14,1,curated mapping (Sep 2026)
KCET,BTECH IN ELECTRONICS ENGINEERING(VLSI DESIGN & TECHNOLOGY),BTECH IN ELECTRONICS ENGINEERING(VLSI DESIGN & TECHNOLOGY),ELEC,Electrical / Electronics / Communications Engineering,13,1,curated mapping (Sep 2026)
KCET,BTECH IN INFORMATION TECHNOLOGY AUGMENTED REALITY AND VIRUTAL REALITY(AR/VR),BTECH IN INFORMATION TECHNOLOGY AUGMENTED REALITY AND VIRUTAL REALITY(AR/VR),AIML,Artificial Intelligence / Machine Learning / Data Science,8,1,curated mapping (Sep 2026)
KCET,BTECH IN INFORMATION TECHNOLOGY DATA ANALYTICS,BTECH IN INFORMATION TECHNOLOGY DATA ANALYTICS,AIML,Artificial Intelligence / Machine Learning / Data Science,11,1,curated mapping (Sep 2026)
KCET,BTECH IN MECHANICAL AND SMART MANUFACTURING,BTECH IN MECHANICAL AND SMART MANUFACTURING,MECHENG,Mechanical / Mechatronics Engineering ,1,1,curated mapping (Sep 2026)
KCET,CERAMICS & CEMENT ENGINEERING,CERAMICS & CEMENT ENGINEERING,CERAMIC,Ceramic Engineering,1,1,curated mapping (Sep 2026)
KCET,CIVIL ENGINEERING WITH COMPUTER APPLICATION,CIVIL ENGINEERING WITH COMPUTER APPLICATION,CSIT,Computer Science / Information Technology,1,1,curated mapping (Sep 2026)
KCET,CIVIL ENVIRONMENTAL ENGINEERING,CIVIL ENVIRONMENTAL ENGINEERING,CIVILENG,Civil Engineering,1,1,curated mapping (Sep 2026)
KCET,COMMUNICATION DESIGN,COMMUNICATION DESIGN,DESIGN,Design,1,1,curated mapping (Sep 2026)
KCET,COMPUTER AND COMMUNICATION ENGINEERING,COMPUTER AND COMMUNICATION ENGINEERING,CSIT,Computer Science / Information Technology,13,1,curated mapping (Sep 2026)
KCET,COMPUTER SCIENCE & TECHNOLOGY,COMPUTER SCIENCE & TECHNOLOGY,CSIT,Computer Science / Information Technology,1,1,curated mapping (Sep 2026)
KCET,COMPUTER SCIENCE AND ENGINEERING(AIML),COMPUTER SCIENCE AND ENGINEERING(AIML),AIML,Artificial Intelligence / Machine Learning / Data Science,14,1,curated mapping (Sep 2026)
KCET,COMPUTER SCIENCE AND ENGINEERING(ARTIFICAL INTELLIGENCE & DATA SCIENCE),COMPUTER SCIENCE AND ENGINEERING(ARTIFICAL INTELLIGENCE & DATA SCIENCE),AIML,Artificial Intelligence / Machine Learning / Data Science,30,3,curated mapping (Sep 2026)
KCET,COMPUTER SCIENCE AND ENGINEERING(ARTIFICIAL INTELLIGENCE AND MACHINE LEARNING),COMPUTER SCIENCE AND ENGINEERING(ARTIFICIAL INTELLIGENCE AND MACHINE LEARNING),AIML,Artificial Intelligence / Machine Learning / Data Science,744,63,curated mapping (Sep 2026)
KCET,COMPUTER SCIENCE AND ENGINEERING(ARTIFICIAL INTELLIGENCE),COMPUTER SCIENCE AND ENGINEERING(ARTIFICIAL INTELLIGENCE),AIML,Artificial Intelligence / Machine Learning / Data Science,88,7,curated mapping (Sep 2026)
KCET,COMPUTER SCIENCE AND ENGINEERING(CYBER SECURITY),COMPUTER SCIENCE AND ENGINEERING(CYBER SECURITY),CYBERSEC,Cyber Security,169,28,curated mapping (Sep 2026)
KCET,COMPUTER SCIENCE AND ENGINEERING(INTERNET OF THINGS & CYBER SECURITY INCLUDING BLOCK CHAIN TECH),COMPUTER SCIENCE AND ENGINEERING(INTERNET OF THINGS & CYBER SECURITY INCLUDING BLOCK CHAIN TECH),CYBERSEC,Cyber Security,225,28,curated mapping (Sep 2026)
KCET,COMPUTER SCIENCE AND ENGINEERING(INTERNET OF THINGS),COMPUTER SCIENCE AND ENGINEERING(INTERNET OF THINGS),CSIT,Computer Science / Information Technology,1,1,curated mapping (Sep 2026)
KCET,CONSTRUCTION TECHNOLOGY AND MGMT,CONSTRUCTION TECHNOLOGY AND MGMT,CIVILENG,Civil Engineering,1,1,curated mapping (Sep 2026)
KCET,DATA SCIENCES,DATA SCIENCES,AIML,Artificial Intelligence / Machine Learning / Data Science,3,3,curated mapping (Sep 2026)
KCET,ELECTRICAL & COMPUTER ENGINEERING,ELECTRICAL & COMPUTER ENGINEERING,CSIT,Computer Science / Information Technology,1,1,curated mapping (Sep 2026)
KCET,ELECTRICAL & ELECTRONICS ENGINEERING,ELECTRICAL & ELECTRONICS ENGINEERING,ELEC,Electrical / Electronics / Communications Engineering,600,84,curated mapping (Sep 2026)
KCET,ELECTRONICS & COMMUNICATION ENGINEERING(INDUSTRIAL INTEGTATED),ELECTRONICS & COMMUNICATION ENGINEERING(INDUSTRIAL INTEGTATED),ELEC,Electrical / Electronics / Communications Engineering,1,1,curated mapping (Sep 2026)
KCET,ELECTRONICS & COMPUTER ENGINEERING,ELECTRONICS & COMPUTER ENGINEERING,CSIT,Computer Science / Information Technology,45,5,curated mapping (Sep 2026)
KCET,ELECTRONICS & COMPUTER SCIENCE,ELECTRONICS & COMPUTER SCIENCE,CSIT,Computer Science / Information Technology,1,1,curated mapping (Sep 2026)
KCET,ELECTRONICS & INSTRUMENTATION ENGINEERING,ELECTRONICS & INSTRUMENTATION ENGINEERING,ELEC,Electrical / Electronics / Communications Engineering,19,1,curated mapping (Sep 2026)
KCET,ELECTRONICS AND COMMUNICATION ENGINEERING,ELECTRONICS AND COMMUNICATION ENGINEERING,ELEC,Electrical / Electronics / Communications Engineering,1657,183,curated mapping (Sep 2026)
KCET,ELECTRONICS AND COMMUNICATION ENGINEERING(VLSI DESIGN AND TECHNOLOGY),ELECTRONICS AND COMMUNICATION ENGINEERING(VLSI DESIGN AND TECHNOLOGY),ELEC,Electrical / Electronics / Communications Engineering,21,2,curated mapping (Sep 2026)
KCET,ELECTRONICS AND COMMUNICATION(ADVANCED COMMUNICATION TECHNOLOGY),ELECTRONICS AND COMMUNICATION(ADVANCED COMMUNICATION TECHNOLOGY),ELEC,Electrical / Electronics / Communications Engineering,14,1,curated mapping (Sep 2026)
KCET,ELECTRONICS AND INSTRUMENTATION ENGINEERING,ELECTRONICS AND INSTRUMENTATION ENGINEERING,ELEC,Electrical / Electronics / Communications Engineering,86,8,curated mapping (Sep 2026)
KCET,ELECTRONICS AND TELECOMMUNICATION ENGINEERING,ELECTRONICS AND TELECOMMUNICATION ENGINEERING,ELEC,Electrical / Electronics / Communications Engineering,106,9,curated mapping (Sep 2026)
KCET,ELECTRONICS ENGINEERING(VLSI DESIGN & TECHNOLOGY),ELECTRONICS ENGINEERING(VLSI DESIGN & TECHNOLOGY),ELEC,Electrical / Electronics / Communications Engineering,55,9,curated mapping (Sep 2026)
KCET,INDUSTRIAL & PRODUCTION ENGINEERING,INDUSTRIAL & PRODUCTION ENGINEERING,INDENG,Industrial / Manufacturing / Production Engineering,16,2,curated mapping (Sep 2026)
KCET,INDUSTRIAL ENGINEERING & MANAGEMENT,INDUSTRIAL ENGINEERING & MANAGEMENT,INDENG,Industrial / Manufacturing / Production Engineering,67,5,curated mapping (Sep 2026)
KCET,INFORMATION SCIENCE,INFORMATION SCIENCE,CSIT,Computer Science / Information Technology,1,1,curated mapping (Sep 2026)
KCET,INFORMATION SCIENCE AND ENGINEERING,INFORMATION SCIENCE AND ENGINEERING,CSIT,Computer Science / Information Technology,821,97,curated mapping (Sep 2026)
KCET,MECHANICAL AND SMART MANUFACTURING,MECHANICAL AND SMART MANUFACTURING,MECHENG,Mechanical / Mechatronics Engineering ,1,1,curated mapping (Sep 2026)
KCET,MECHATRONICS,MECHATRONICS,MECHENG,Mechanical / Mechatronics Engineering ,7,3,curated mapping (Sep 2026)
KCET,MEDICAL ELECTRONICS ENGINEERING,MEDICAL ELECTRONICS ENGINEERING,ELEC,Electrical / Electronics / Communications Engineering,24,2,curated mapping (Sep 2026)
KCET,POLYMER SCIENCE & TECHNOLOGY,POLYMER SCIENCE & TECHNOLOGY,CHEMENG,Chemical Engineering,1,1,curated mapping (Sep 2026)
KCET,SILK TECHNOLOGY,SILK TECHNOLOGY,TEXTILE,Textile Engineering,1,1,curated mapping (Sep 2026)
KCET,TEXTILES TECHNOLOGY,TEXTILES TECHNOLOGY,TEXTILE,Textile Engineering,2,2,curated mapping (Sep 2026)
KEAM,Applied Electronics & Instrumentation,Applied Electronics & Instrumentation,ELEC,Electrical / Electronics / Communications Engineering,171,4,curated mapping (Sep 2026)
KEAM,B.Tech Agricultural Engineering,B.Tech Agricultural Engineering,AGRIENG,Agricultural Engineering,17,4,curated mapping (Sep 2026)
KEAM,B.Tech Agriculture Engineering,B.Tech Agriculture Engineering,AGRIENG,Agricultural Engineering,60,5,curated mapping (Sep 2026)
KEAM,B.Tech. (Agricultural Engg.),B.Tech. (Agricultural Engg.),AGRIENG,Agricultural Engineering,36,1,curated mapping (Sep 2026)
KEAM,B.Tech. (Agrl. Engg.),B.Tech. (Agrl. Engg.),AGRIENG,Agricultural Engineering,25,1,curated mapping (Sep 2026)
KEAM,Bio Technology and Biochemical Engg.,Bio Technology and Biochemical Engg.,CHEMENG,Chemical Engineering,42,2,curated mapping (Sep 2026)
KEAM,Bio Technology and Biochemical Engineering,Bio Technology and Biochemical Engineering,CHEMENG,Chemical Engineering,20,2,curated mapping (Sep 2026)
KEAM,Biomedical & Robotic Engineering,Biomedical & Robotic Engineering,BIOMEDENG,Biomedical Engineering,21,1,curated mapping (Sep 2026)
KEAM,Civil Engineering with Computer Application,Civil Engineering with Computer Application,CSIT,Computer Science / Information Technology,21,2,curated mapping (Sep 2026)
KEAM,Computer Science & Design,Computer Science & Design,CSIT,Computer Science / Information Technology,36,4,curated mapping (Sep 2026)
KEAM,Computer Science & Engineering,Computer Science & Engineering,CSIT,Computer Science / Information Technology,1660,107,curated mapping (Sep 2026)
KEAM,Computer Science & Engineering (Artificial Intelligence),Computer Science & Engineering (Artificial Intelligence),AIML,Artificial Intelligence / Machine Learning / Data Science,207,15,curated mapping (Sep 2026)
KEAM,Computer Science & Engineering (Data Science),Computer Science & Engineering (Data Science),AIML,Artificial Intelligence / Machine Learning / Data Science,464,21,curated mapping (Sep 2026)
KEAM,Computer Science & Engineering (Internet of Things & Cyber Security including Block Chain,Computer Science & Engineering (Internet of Things & Cyber Security including Block Chain,CYBERSEC,Cyber Security,6,1,curated mapping (Sep 2026)
KEAM,Computer Science & Engineering (Internet of Things & Cyber Security including Block Chain),Computer Science & Engineering (Internet of Things & Cyber Security including Block Chain),CYBERSEC,Cyber Security,19,1,curated mapping (Sep 2026)
KEAM,Computer Science & Engineering and Business Systems,Computer Science & Engineering and Business Systems,CSIT,Computer Science / Information Technology,25,1,curated mapping (Sep 2026)
KEAM,Computer Science and Engineering (Artificial Intelligence and Machine Learning),Computer Science and Engineering (Artificial Intelligence and Machine Learning),AIML,Artificial Intelligence / Machine Learning / Data Science,357,17,curated mapping (Sep 2026)
KEAM,Computer Science and Engineering (Artificial Intelligence),Computer Science and Engineering (Artificial Intelligence),AIML,Artificial Intelligence / Machine Learning / Data Science,386,18,curated mapping (Sep 2026)
KEAM,Computer Science and Engineering (Cyber Security),Computer Science and Engineering (Cyber Security),CYBERSEC,Cyber Security,594,29,curated mapping (Sep 2026)
KEAM,Cyber Physical Systems,Cyber Physical Systems,CYBERSEC,Cyber Security,76,3,curated mapping (Sep 2026)
KEAM,Dairy Technology,Dairy Technology,DAIRYENG,Dairy Engineering,70,4,curated mapping (Sep 2026)
KEAM,Dairy Technology.,Dairy Technology.,DAIRYENG,Dairy Engineering,107,4,curated mapping (Sep 2026)
KEAM,Electronics & Biomedical Engg,Electronics & Biomedical Engg,ELEC,Electrical / Electronics / Communications Engineering,15,1,curated mapping (Sep 2026)
KEAM,Electronics & Biomedical Engineering,Electronics & Biomedical Engineering,ELEC,Electrical / Electronics / Communications Engineering,27,1,curated mapping (Sep 2026)
KEAM,Electronics & Communication,Electronics & Communication,ELEC,Electrical / Electronics / Communications Engineering,1050,97,curated mapping (Sep 2026)
KEAM,Electronics & Instrumentation,Electronics & Instrumentation,ELEC,Electrical / Electronics / Communications Engineering,48,2,curated mapping (Sep 2026)
KEAM,Electronics Engineering (VLSI Design & Technology),Electronics Engineering (VLSI Design & Technology),ELEC,Electrical / Electronics / Communications Engineering,95,6,curated mapping (Sep 2026)
KEAM,Electronics and Communication Engineering,Electronics and Communication Engineering,ELEC,Electrical / Electronics / Communications Engineering,1702,104,curated mapping (Sep 2026)
KEAM,Instrumentation & Control Engg.,Instrumentation & Control Engg.,INSTRENG,Instrumentation Engineering,65,2,curated mapping (Sep 2026)
KEAM,Mechanical (Automobile),Mechanical (Automobile),MECHENG,Mechanical / Mechatronics Engineering ,10,2,curated mapping (Sep 2026)
KEAM,Mechanical Engg. (Automobile),Mechanical Engg. (Automobile),MECHENG,Mechanical / Mechatronics Engineering ,22,2,curated mapping (Sep 2026)
KEAM,Mechanical Engineering (Industry Integrated),Mechanical Engineering (Industry Integrated),MECHENG,Mechanical / Mechatronics Engineering ,10,2,curated mapping (Sep 2026)
KEAM,Metallurgical and Materials Engineering,Metallurgical and Materials Engineering,MEMS,Metallurgy Engineering And Material Science,23,1,curated mapping (Sep 2026)
KEAM,Naval Arch. & Ship Building Engineering,Naval Arch. & Ship Building Engineering,MARINE,Marine / Ocean Engineering,32,2,curated mapping (Sep 2026)
KEAM,Naval Architecture & Ship Building Engineering,Naval Architecture & Ship Building Engineering,ARCH,Architecture,61,3,curated mapping (Sep 2026)
KEAM,Robotics & Automation,Robotics & Automation,ROBOENG,Robotics Engineering,71,4,curated mapping (Sep 2026)
KEAM,Robotics and Automation Engineering,Robotics and Automation Engineering,ROBOENG,Robotics Engineering,57,5,curated mapping (Sep 2026)
KEAM,Safety & Fire Engineering,Safety & Fire Engineering,SAFETYENG,Safety Engineering,89,4,curated mapping (Sep 2026)
MHT-CET,Civil Engineering (Structural Engineering),Civil Engineering (Structural Engineering),CIVILENG,Civil Engineering,14,1,curated mapping (Sep 2026)
MHT-CET,Civil Engineering with Computer Application,Civil Engineering with Computer Application,CSIT,Computer Science / Information Technology,4,1,curated mapping (Sep 2026)
MHT-CET,Computer Engineering (Regional Language),Computer Engineering (Regional Language),CSIT,Computer Science / Information Technology,22,1,curated mapping (Sep 2026)
MHT-CET,Computer Science and Engineering (Artificial Intelligence),Computer Science and Engineering (Artificial Intelligence),AIML,Artificial Intelligence / Machine Learning / Data Science,64,5,curated mapping (Sep 2026)
MHT-CET,Computer Science and Engineering (Cyber Security),Computer Science and Engineering (Cyber Security),CYBERSEC,Cyber Security,79,6,curated mapping (Sep 2026)
MHT-CET,Computer Science and Engineering (Internet of Things and Cyber Security Including Block Chain,Computer Science and Engineering (Internet of Things and Cyber Security Including Block Chain,CYBERSEC,Cyber Security,178,12,curated mapping (Sep 2026)
MHT-CET,Computer Science and Engineering(Artificial Intelligence and Machine Learning),Computer Science and Engineering(Artificial Intelligence and Machine Learning),AIML,Artificial Intelligence / Machine Learning / Data Science,1107,51,curated mapping (Sep 2026)
MHT-CET,Computer Science and Engineering(Cyber Security),Computer Science and Engineering(Cyber Security),CYBERSEC,Cyber Security,73,4,curated mapping (Sep 2026)
MHT-CET,ELECTRONICS AND COMMUNICATION ENGINEERING (BIO-MEDICAL ENGINEERING),ELECTRONICS AND COMMUNICATION ENGINEERING (BIO-MEDICAL ENGINEERING),ELEC,Electrical / Electronics / Communications Engineering,19,1,curated mapping (Sep 2026)
MHT-CET,"Electrical, Electronics and Power","Electrical, Electronics and Power",ELEC,Electrical / Electronics / Communications Engineering,26,1,curated mapping (Sep 2026)
MHT-CET,Electronics & Telecommunication Engineering,Electronics & Telecommunication Engineering,ELEC,Electrical / Electronics / Communications Engineering,22,1,curated mapping (Sep 2026)
MHT-CET,Electronics Engineering ( VLSI Design and Technology),Electronics Engineering ( VLSI Design and Technology),ELEC,Electrical / Electronics / Communications Engineering,216,11,curated mapping (Sep 2026)
MHT-CET,Electronics and Communication (Advanced Communication Technology),Electronics and Communication (Advanced Communication Technology),ELEC,Electrical / Electronics / Communications Engineering,11,2,curated mapping (Sep 2026)
MHT-CET,Electronics and Communication Engineering,Electronics and Communication Engineering,ELEC,Electrical / Electronics / Communications Engineering,109,8,curated mapping (Sep 2026)
MHT-CET,Electronics and Communication(Advanced Communication Technology),Electronics and Communication(Advanced Communication Technology),ELEC,Electrical / Electronics / Communications Engineering,93,4,curated mapping (Sep 2026)
MHT-CET,Fashion Technology,Fashion Technology,TEXTILE,Textile Engineering,11,1,curated mapping (Sep 2026)
MHT-CET,MECHANICAL AND RAIL ENGINEERING,MECHANICAL AND RAIL ENGINEERING,MECHENG,Mechanical / Mechatronics Engineering ,23,1,curated mapping (Sep 2026)
MHT-CET,Mechanical Engineering Automobile,Mechanical Engineering Automobile,MECHENG,Mechanical / Mechatronics Engineering ,8,1,curated mapping (Sep 2026)
MHT-CET,Mechanical and Automation Engineering,Mechanical and Automation Engineering,MECHENG,Mechanical / Mechatronics Engineering ,4,1,curated mapping (Sep 2026)
MHT-CET,Mechanical and Mechatronics Engineering (Additive Manufacturing),Mechanical and Mechatronics Engineering (Additive Manufacturing),MECHENG,Mechanical / Mechatronics Engineering ,48,4,curated mapping (Sep 2026)
MHT-CET,Pharm D ( Doctor of Pharmacy),Pharm D ( Doctor of Pharmacy),PHARMA,Pharmacy,514,27,curated mapping (Sep 2026)
MHT-CET,Printing and Packing Technology,Printing and Packing Technology,INDENG,Industrial / Manufacturing / Production Engineering,23,1,curated mapping (Sep 2026)
MHT-CET,Technical Textiles,Technical Textiles,TEXTILE,Textile Engineering,12,1,curated mapping (Sep 2026)
MHT-CET,Textile Chemistry,Textile Chemistry,TEXTILE,Textile Engineering,18,1,curated mapping (Sep 2026)
NEET,BDS,BDS,DENTAL,Dental,2477,270,curated mapping (Sep 2026)
NEET,BSc Nursing,BSc Nursing,NURSING,Nursing,65,9,curated mapping (Sep 2026)
OJEE,ARTIFICIAL INTELLIGENT(AI),ARTIFICIAL INTELLIGENT(AI),AIML,Artificial Intelligence / Machine Learning / Data Science,1,1,curated mapping (Sep 2026)
OJEE,Agriculture Engineering,Agriculture Engineering,AGRIENG,Agricultural Engineering,7,4,curated mapping (Sep 2026)
OJEE,Agriculture Engineering - TFW,Agriculture Engineering,AGRIENG,Agricultural Engineering,1,1,curated mapping (Sep 2026)
OJEE,Aircraft Maintenance Engineering,Aircraft Maintenance Engineering,AERO,Aerospace Engineering,2,1,curated mapping (Sep 2026)
OJEE,Applied Electronics & Instrumentation,Applied Electronics & Instrumentation,ELEC,Electrical / Electronics / Communications Engineering,2,2,curated mapping (Sep 2026)
OJEE,Applied Electronics & Instrumentation - TFW,Applied Electronics & Instrumentation,ELEC,Electrical / Electronics / Communications Engineering,1,1,curated mapping (Sep 2026)
OJEE,Artificial Intelligence & Machine Learning,Artificial Intelligence & Machine Learning,AIML,Artificial Intelligence / Machine Learning / Data Science,8,3,curated mapping (Sep 2026)
OJEE,Artificial Intelligence & Machine Learning - TFW,Artificial Intelligence & Machine Learning,AIML,Artificial Intelligence / Machine Learning / Data Science,2,2,curated mapping (Sep 2026)
OJEE,B ARCH,B ARCH,ARCH,Architecture,16,3,curated mapping (Sep 2026)
OJEE,B. PLAN,B. PLAN,PLAN,Planning,2,1,curated mapping (Sep 2026)
OJEE,B. PLAN - TFW,B. PLAN,PLAN,Planning,1,1,curated mapping (Sep 2026)
OJEE,B. Tech in Civil Engineering & M.Tech in Structural Engineering (5 year Integrated UG & PG),B. Tech in Civil Engineering & M.Tech in Structural Engineering (5 year Integrated UG & PG),CIVILENG,Civil Engineering,4,1,curated mapping (Sep 2026)
OJEE,B. Tech in Computer Science & Engineering & M.Tech in Computer Science & Engineering ( 5,B. Tech in Computer Science & Engineering & M.Tech in Computer Science & Engineering ( 5,CSIT,Computer Science / Information Technology,4,1,curated mapping (Sep 2026)
OJEE,B. Tech in Electrical Engineering & M.Tech in Power System Engineering (5 year Integrated UG,B. Tech in Electrical Engineering & M.Tech in Power System Engineering (5 year Integrated UG,ELEC,Electrical / Electronics / Communications Engineering,3,1,curated mapping (Sep 2026)
OJEE,B. Tech in Electronics & Communication Engineering & M.Tech in Signal Processing & Commu,B. Tech in Electronics & Communication Engineering & M.Tech in Signal Processing & Commu,ELEC,Electrical / Electronics / Communications Engineering,3,1,curated mapping (Sep 2026)
OJEE,B. Tech in Mechanical Engineering & M.Tech in Machine Design (5 year integrated UG & PG),B. Tech in Mechanical Engineering & M.Tech in Machine Design (5 year integrated UG & PG),MECHENG,Mechanical / Mechatronics Engineering ,3,1,curated mapping (Sep 2026)
OJEE,COMPUTER SCIENCE & TECHNOLOGY,COMPUTER SCIENCE & TECHNOLOGY,CSIT,Computer Science / Information Technology,6,3,curated mapping (Sep 2026)
OJEE,COMPUTER SCIENCE & TECHNOLOGY - TFW,COMPUTER SCIENCE & TECHNOLOGY,CSIT,Computer Science / Information Technology,2,2,curated mapping (Sep 2026)
OJEE,Cinematography,Cinematography,DESIGN,Design,1,1,curated mapping (Sep 2026)
OJEE,Computer Science & Engineering (Artificail Inteligence),Computer Science & Engineering (Artificail Inteligence),CSIT,Computer Science / Information Technology,10,3,curated mapping (Sep 2026)
OJEE,Computer Science & Engineering (Artificail Inteligence) - TFW,Computer Science & Engineering (Artificail Inteligence),CSIT,Computer Science / Information Technology,3,3,curated mapping (Sep 2026)
OJEE,Computer Science Engineering (Artificial Inteligence and Machine Learning),Computer Science Engineering (Artificial Inteligence and Machine Learning),AIML,Artificial Intelligence / Machine Learning / Data Science,30,10,curated mapping (Sep 2026)
OJEE,Computer Science Engineering (Artificial Inteligence and Machine Learning) - TFW,Computer Science Engineering (Artificial Inteligence and Machine Learning),AIML,Artificial Intelligence / Machine Learning / Data Science,7,7,curated mapping (Sep 2026)
OJEE,Computer Science Engineering with specialization in Artificial Intelligence and Machine Learning,Computer Science Engineering with specialization in Artificial Intelligence and Machine Learning,AIML,Artificial Intelligence / Machine Learning / Data Science,26,3,curated mapping (Sep 2026)
OJEE,Computer Science Engineering with specialization in Information and Cyber Security (SSC) - TFW,Computer Science Engineering with specialization in Information and Cyber Security,CYBERSEC,Cyber Security,1,1,curated mapping (Sep 2026)
OJEE,Computer Science Engineering with specialization in Information and Cyber Security (SSC),Computer Science Engineering with specialization in Information and Cyber Security,CYBERSEC,Cyber Security,7,1,curated mapping (Sep 2026)
OJEE,Computer Science and Engineering(Cyber Security) - TFW,Computer Science and Engineering(Cyber Security),CYBERSEC,Cyber Security,3,3,curated mapping (Sep 2026)
OJEE,Computer Science and Engineering(Cyber Security),Computer Science and Engineering(Cyber Security),CYBERSEC,Cyber Security,6,3,curated mapping (Sep 2026)
OJEE,Computer science & Engineering (Data Science),Computer science & Engineering (Data Science),AIML,Artificial Intelligence / Machine Learning / Data Science,26,10,curated mapping (Sep 2026)
OJEE,Computer science & Engineering (Data Science) - TFW,Computer science & Engineering (Data Science),AIML,Artificial Intelligence / Machine Learning / Data Science,7,7,curated mapping (Sep 2026)
OJEE,Electronics & Communication Engineering,Electronics & Communication Engineering,ELEC,Electrical / Electronics / Communications Engineering,62,23,curated mapping (Sep 2026)
OJEE,Electronics & Communication Engineering - TFW,Electronics & Communication Engineering,ELEC,Electrical / Electronics / Communications Engineering,8,8,curated mapping (Sep 2026)
OJEE,Electronics & Communication Engineering(SSC),Electronics & Communication Engineering,ELEC,Electrical / Electronics / Communications Engineering,5,1,curated mapping (Sep 2026)
OJEE,Electronics & Communication Engineering(SSC) - TFW,Electronics & Communication Engineering,ELEC,Electrical / Electronics / Communications Engineering,1,1,curated mapping (Sep 2026)
OJEE,Electronics & Instrumentation Engineering,Electronics & Instrumentation Engineering,ELEC,Electrical / Electronics / Communications Engineering,9,2,curated mapping (Sep 2026)
OJEE,Electronics & Instrumentation Engineering - TFW,Electronics & Instrumentation Engineering,ELEC,Electrical / Electronics / Communications Engineering,2,2,curated mapping (Sep 2026)
OJEE,Electronics & Telecommunication Engineering(SSC),Electronics & Telecommunication Engineering,ELEC,Electrical / Electronics / Communications Engineering,7,1,curated mapping (Sep 2026)
OJEE,Electronics & Telecommunication Engineering(SSC) - TFW,Electronics & Telecommunication Engineering,ELEC,Electrical / Electronics / Communications Engineering,1,1,curated mapping (Sep 2026)
OJEE,Electronics & Telecommunication Engineering,Electronics & Telecommunication Engineering,ELEC,Electrical / Electronics / Communications Engineering,37,13,curated mapping (Sep 2026)
OJEE,Electronics & Telecommunication Engineering - TFW,Electronics & Telecommunication Engineering,ELEC,Electrical / Electronics / Communications Engineering,7,7,curated mapping (Sep 2026)
OJEE,Electronics Engineering (VLSI Design and Technology),Electronics Engineering (VLSI Design and Technology),ELEC,Electrical / Electronics / Communications Engineering,4,2,curated mapping (Sep 2026)
OJEE,Electronics Engineering (VLSI Design and Technology) - TFW,Electronics Engineering (VLSI Design and Technology),ELEC,Electrical / Electronics / Communications Engineering,1,1,curated mapping (Sep 2026)
OJEE,Film Editing,Film Editing,DESIGN,Design,4,1,curated mapping (Sep 2026)
OJEE,Integrated M.Sc. in Material Science and Engg,Integrated M.Sc. in Material Science and Engg,MEMS,Metallurgy Engineering And Material Science,1,1,curated mapping (Sep 2026)
OJEE,Integrated MSc in Applied Physics,Integrated MSc in Applied Physics,PHYSICS,Physics,3,1,curated mapping (Sep 2026)
OJEE,Integrated MSc in Chemistry,Integrated MSc in Chemistry,CHEM,Chemistry,3,1,curated mapping (Sep 2026)
OJEE,Integrated MSc in Mathematics and Computing,Integrated MSc in Mathematics and Computing,MNC,Mathematics And Computing,3,1,curated mapping (Sep 2026)
OJEE,MECHANICAL AND SMART MANUFACTURING,MECHANICAL AND SMART MANUFACTURING,MECHENG,Mechanical / Mechatronics Engineering ,4,1,curated mapping (Sep 2026)
OJEE,MECHANICAL AND SMART MANUFACTURING - TFW,MECHANICAL AND SMART MANUFACTURING,MECHENG,Mechanical / Mechatronics Engineering ,1,1,curated mapping (Sep 2026)
OJEE,Manufacturing Engineering & Technology,Manufacturing Engineering & Technology,INDENG,Industrial / Manufacturing / Production Engineering,1,1,curated mapping (Sep 2026)
OJEE,Manufacturing Engineering & Technology - TFW,Manufacturing Engineering & Technology,INDENG,Industrial / Manufacturing / Production Engineering,1,1,curated mapping (Sep 2026)
OJEE,Mechanical & Mechatronics Engineering(Additive Manufacturing),Mechanical & Mechatronics Engineering(Additive Manufacturing),MECHENG,Mechanical / Mechatronics Engineering ,1,1,curated mapping (Sep 2026)
OJEE,Mechanical Engineering (Artificial Intelligence and Robotics),Mechanical Engineering (Artificial Intelligence and Robotics),AIML,Artificial Intelligence / Machine Learning / Data Science,8,1,curated mapping (Sep 2026)
OJEE,Mechanical Engineering (Artificial Intelligence and Robotics) - TFW,Mechanical Engineering (Artificial Intelligence and Robotics),AIML,Artificial Intelligence / Machine Learning / Data Science,1,1,curated mapping (Sep 2026)
OJEE,Metallurgical Engineering,Metallurgical Engineering,MEMS,Metallurgy Engineering And Material Science,5,5,curated mapping (Sep 2026)
OJEE,Metallurgical and Materials Engineering,Metallurgical and Materials Engineering,MEMS,Metallurgy Engineering And Material Science,32,5,curated mapping (Sep 2026)
OJEE,Metallurgical and Materials Engineering - TFW,Metallurgical and Materials Engineering,MEMS,Metallurgy Engineering And Material Science,5,5,curated mapping (Sep 2026)
OJEE,Mineral Engineering,Mineral Engineering,MININGENG,Mining Engineering,3,1,curated mapping (Sep 2026)
OJEE,Mineral Engineering - TFW,Mineral Engineering,MININGENG,Mining Engineering,1,1,curated mapping (Sep 2026)
OJEE,Plastic Engineering,Plastic Engineering,CHEMENG,Chemical Engineering,2,1,curated mapping (Sep 2026)
OJEE,Plastic Engineering - TFW,Plastic Engineering,CHEMENG,Chemical Engineering,1,1,curated mapping (Sep 2026)
OJEE,SOUND RECORDING AND SOUND DESIGN,SOUND RECORDING AND SOUND DESIGN,DESIGN,Design,1,1,curated mapping (Sep 2026)
TG-EAPCET,B.PLANNING,B.PLANNING,PLAN,Planning,22,1,curated mapping (Sep 2026)
TG-EAPCET,BUILDING SERVICES ENGG,BUILDING SERVICES ENGG,CIVILENG,Civil Engineering,22,1,curated mapping (Sep 2026)
TG-EAPCET,COMPUTER SCIENCE & DESIGN,COMPUTER SCIENCE & DESIGN,CSIT,Computer Science / Information Technology,22,1,curated mapping (Sep 2026)
TG-EAPCET,COMPUTER SCIENCE & ENGINEERING (NETWORKS),COMPUTER SCIENCE & ENGINEERING (NETWORKS),CSIT,Computer Science / Information Technology,22,1,curated mapping (Sep 2026)
TG-EAPCET,COMPUTER SCIENCE AND BUSINESS SYSTEM,COMPUTER SCIENCE AND BUSINESS SYSTEM,CSIT,Computer Science / Information Technology,154,7,curated mapping (Sep 2026)
TG-EAPCET,COMPUTER SCIENCE AND ENGG (ARTIFICIAL INTELLIGENCE),COMPUTER SCIENCE AND ENGG (ARTIFICIAL INTELLIGENCE),AIML,Artificial Intelligence / Machine Learning / Data Science,66,3,curated mapping (Sep 2026)
TG-EAPCET,COMPUTER SCIENCE AND ENGINEERING (ARTIFICIAL INTELLIGENCE AND MACHINE LEARNING),COMPUTER SCIENCE AND ENGINEERING (ARTIFICIAL INTELLIGENCE AND MACHINE LEARNING),AIML,Artificial Intelligence / Machine Learning / Data Science,2541,122,curated mapping (Sep 2026)
TG-EAPCET,COMPUTER SCIENCE AND ENGINEERING (CYBER SECURITY),COMPUTER SCIENCE AND ENGINEERING (CYBER SECURITY),CYBERSEC,Cyber Security,594,28,curated mapping (Sep 2026)
TG-EAPCET,CSE (IoT AND CYBER SECURITY INCLUDING BLOCK CHAIN TECHNOLOGY),CSE (IoT AND CYBER SECURITY INCLUDING BLOCK CHAIN TECHNOLOGY),CYBERSEC,Cyber Security,44,2,curated mapping (Sep 2026)
TG-EAPCET,DAIRYING,DAIRYING,DAIRYENG,Dairy Engineering,22,1,curated mapping (Sep 2026)
TG-EAPCET,DIGITAL TECHNIQUES FOR DESIGN AND PLANNING,DIGITAL TECHNIQUES FOR DESIGN AND PLANNING,PLAN,Planning,22,1,curated mapping (Sep 2026)
TG-EAPCET,ELECTRONICS AND COMMUNICATION ENGINEERING,ELECTRONICS AND COMMUNICATION ENGINEERING,ELEC,Electrical / Electronics / Communications Engineering,2882,138,curated mapping (Sep 2026)
TG-EAPCET,ELECTRONICS AND INSTRUMENTATION ENGINEERING,ELECTRONICS AND INSTRUMENTATION ENGINEERING,ELEC,Electrical / Electronics / Communications Engineering,66,3,curated mapping (Sep 2026)
TG-EAPCET,ELECTRONICS AND TELEMATICS,ELECTRONICS AND TELEMATICS,ELEC,Electrical / Electronics / Communications Engineering,11,1,curated mapping (Sep 2026)
TG-EAPCET,ELECTRONICS COMMUNICATION AND INSTRUMENTATION ENGINEERING,ELECTRONICS COMMUNICATION AND INSTRUMENTATION ENGINEERING,ELEC,Electrical / Electronics / Communications Engineering,22,1,curated mapping (Sep 2026)
TG-EAPCET,ELECTRONICS ENGINEERING (VLSI DESIGN AND TECHNOLOGY),ELECTRONICS ENGINEERING (VLSI DESIGN AND TECHNOLOGY),ELEC,Electrical / Electronics / Communications Engineering,88,4,curated mapping (Sep 2026)
TG-EAPCET,GEO INFORMATICS,GEO INFORMATICS,CSIT,Computer Science / Information Technology,22,1,curated mapping (Sep 2026)
TG-EAPCET,MECHANICAL (MECHTRONICS) ENGINEERING,MECHANICAL (MECHTRONICS) ENGINEERING,MECHENG,Mechanical / Mechatronics Engineering ,22,1,curated mapping (Sep 2026)
TG-EAPCET,METALLURGICAL ENGINEERING,METALLURGICAL ENGINEERING,MEMS,Metallurgy Engineering And Material Science,22,1,curated mapping (Sep 2026)
TG-EAPCET,METALLURGY AND MATERIAL ENGINEERING,METALLURGY AND MATERIAL ENGINEERING,MEMS,Metallurgy Engineering And Material Science,22,1,curated mapping (Sep 2026)
TG-EAPCET,TEXTILE TECHNOLOGY / TEXTILE ENGINEERING,TEXTILE TECHNOLOGY / TEXTILE ENGINEERING,TEXTILE,Textile Engineering,44,2,curated mapping (Sep 2026)
TNEA,APPAREL TECHNOLOGY (SS),APPAREL TECHNOLOGY,TEXTILE,Textile Engineering,6,1,curated mapping (Sep 2026)
TNEA,B.Plan,B.Plan,PLAN,Planning,7,1,curated mapping (Sep 2026)
TNEA,Bachelor of Design,Bachelor of Design,DESIGN,Design,3,2,curated mapping (Sep 2026)
TNEA,Bio Technology and Bio Chemical Engineering,Bio Technology and Bio Chemical Engineering,CHEMENG,Chemical Engineering,6,1,curated mapping (Sep 2026)
TNEA,CERAMIC TECHNOLOGY (SS),CERAMIC TECHNOLOGY,CERAMIC,Ceramic Engineering,7,1,curated mapping (Sep 2026)
TNEA,CHEMICAL AND ELECTRO CHEMICAL ENGINEERING (SS),CHEMICAL AND ELECTRO CHEMICAL ENGINEERING,CHEMENG,Chemical Engineering,5,1,curated mapping (Sep 2026)
TNEA,CIVIL AND STRUCTUTURAL ENGINEERING,CIVIL AND STRUCTUTURAL ENGINEERING,CIVILENG,Civil Engineering,6,1,curated mapping (Sep 2026)
TNEA,CIVIL ENGINEERING (TAMIL MEDIUM),CIVIL ENGINEERING (TAMIL MEDIUM),CIVILENG,Civil Engineering,54,11,curated mapping (Sep 2026)
TNEA,COMPUTER AND COMMUNICATION ENGINEERING,COMPUTER AND COMMUNICATION ENGINEERING,CSIT,Computer Science / Information Technology,45,9,curated mapping (Sep 2026)
TNEA,COMPUTER SCIENCE AND BUSSINESS SYSTEM,COMPUTER SCIENCE AND BUSSINESS SYSTEM,CSIT,Computer Science / Information Technology,313,69,curated mapping (Sep 2026)
TNEA,COMPUTER SCIENCE AND ENGINEERING (AI AND MACHINE LEARNING),COMPUTER SCIENCE AND ENGINEERING (AI AND MACHINE LEARNING),AIML,Artificial Intelligence / Machine Learning / Data Science,609,129,curated mapping (Sep 2026)
TNEA,COMPUTER SCIENCE AND ENGINEERING (TAMIL),COMPUTER SCIENCE AND ENGINEERING (TAMIL),CSIT,Computer Science / Information Technology,6,1,curated mapping (Sep 2026)
TNEA,COMPUTER SCIENCE AND ENGINEERING(ARTIFICIAL INTELLIGENCE),COMPUTER SCIENCE AND ENGINEERING(ARTIFICIAL INTELLIGENCE),AIML,Artificial Intelligence / Machine Learning / Data Science,5,1,curated mapping (Sep 2026)
TNEA,Civil Engineering (Environmental Engineering),Civil Engineering (Environmental Engineering),CIVILENG,Civil Engineering,6,1,curated mapping (Sep 2026)
TNEA,Computer Science and Business System (SS),Computer Science and Business System,CSIT,Computer Science / Information Technology,6,1,curated mapping (Sep 2026)
TNEA,Computer Science and Engineering (Artificial Intelligence and Machine Learning) (SS),Computer Science and Engineering (Artificial Intelligence and Machine Learning),AIML,Artificial Intelligence / Machine Learning / Data Science,13,2,curated mapping (Sep 2026)
TNEA,Computer Science and Engineering (Cyber Security),Computer Science and Engineering (Cyber Security),CYBERSEC,Cyber Security,619,132,curated mapping (Sep 2026)
TNEA,Computer Science and Engineering (Internet of Things and Cyber Security including Block Chain Technology),Computer Science and Engineering (Internet of Things and Cyber Security including Block Chain Technology),CYBERSEC,Cyber Security,6,1,curated mapping (Sep 2026)
TNEA,Computer Science and Engineering (Internet of Things),Computer Science and Engineering (Internet of Things),CSIT,Computer Science / Information Technology,48,9,curated mapping (Sep 2026)
TNEA,ELECTRONICS AND COMMUNICATION ENGINEERING,ELECTRONICS AND COMMUNICATION ENGINEERING,ELEC,Electrical / Electronics / Communications Engineering,1801,392,curated mapping (Sep 2026)
TNEA,ELECTRONICS AND COMMUNICATION ENGINEERING (SS),ELECTRONICS AND COMMUNICATION ENGINEERING,ELEC,Electrical / Electronics / Communications Engineering,32,5,curated mapping (Sep 2026)
TNEA,ELECTRONICS AND INSTRUMENTATION ENGINEERING,ELECTRONICS AND INSTRUMENTATION ENGINEERING,ELEC,Electrical / Electronics / Communications Engineering,91,17,curated mapping (Sep 2026)
TNEA,ENVIRONMENTAL SCIENCE & TECHNOLOGY,ENVIRONMENTAL SCIENCE & TECHNOLOGY,ENVENG,Environmental Engineering,1,1,curated mapping (Sep 2026)
TNEA,Electronics Engineering (VLSI Design and Technology) (SS),Electronics Engineering (VLSI Design and Technology),ELEC,Electrical / Electronics / Communications Engineering,7,1,curated mapping (Sep 2026)
TNEA,Electronics Engineering (VLSI Design and Technology),Electronics Engineering (VLSI Design and Technology),ELEC,Electrical / Electronics / Communications Engineering,122,24,curated mapping (Sep 2026)
TNEA,Electronics and Communication (Advanced Communication Technology),Electronics and Communication (Advanced Communication Technology),ELEC,Electrical / Electronics / Communications Engineering,22,4,curated mapping (Sep 2026)
TNEA,FASHION TECHNOLOGY (SS),FASHION TECHNOLOGY,TEXTILE,Textile Engineering,6,1,curated mapping (Sep 2026)
TNEA,FASHION TECHNOLOGY,FASHION TECHNOLOGY,TEXTILE,Textile Engineering,26,8,curated mapping (Sep 2026)
TNEA,GEO INFORMATICS,GEO INFORMATICS,CSIT,Computer Science / Information Technology,16,3,curated mapping (Sep 2026)
TNEA,HANDLOOM AND TEXTILE TECHNOLOGY,HANDLOOM AND TEXTILE TECHNOLOGY,TEXTILE,Textile Engineering,7,1,curated mapping (Sep 2026)
TNEA,INDUSTRIAL BIO TECHNOLOGY,INDUSTRIAL BIO TECHNOLOGY,BIOTECH,Biotechnology,18,3,curated mapping (Sep 2026)
TNEA,INDUSTRIAL BIO TECHNOLOGY (SS),INDUSTRIAL BIO TECHNOLOGY,BIOTECH,Biotechnology,6,1,curated mapping (Sep 2026)
TNEA,INDUSTRIAL ENGINEERING AND MANAGEMENT,INDUSTRIAL ENGINEERING AND MANAGEMENT,INDENG,Industrial / Manufacturing / Production Engineering,1,1,curated mapping (Sep 2026)
TNEA,Interior Design (SS),Interior Design,DESIGN,Design,7,1,curated mapping (Sep 2026)
TNEA,Interior Design,Interior Design,DESIGN,Design,2,1,curated mapping (Sep 2026)
TNEA,LEATHER TECHNOLOGY,LEATHER TECHNOLOGY,OTHER,Other,7,1,curated mapping (Sep 2026)
TNEA,M.Tech. Computer Science and Engineering (Integrated 5 years),M.Tech. Computer Science and Engineering (Integrated 5 years),CSIT,Computer Science / Information Technology,42,7,curated mapping (Sep 2026)
TNEA,MATERIAL SCIENCE AND ENGINEERING (SS),MATERIAL SCIENCE AND ENGINEERING,MEMS,Metallurgy Engineering And Material Science,6,1,curated mapping (Sep 2026)
TNEA,MECHANICAL AND AUTOMATION ENGINEERING,MECHANICAL AND AUTOMATION ENGINEERING,MECHENG,Mechanical / Mechatronics Engineering ,13,4,curated mapping (Sep 2026)
TNEA,MECHANICAL ENGINEERING (MANUFACTURING),MECHANICAL ENGINEERING (MANUFACTURING),MECHENG,Mechanical / Mechatronics Engineering ,5,1,curated mapping (Sep 2026)
TNEA,MECHANICAL ENGINEERING (TAMIL MEDIUM),MECHANICAL ENGINEERING (TAMIL MEDIUM),MECHENG,Mechanical / Mechatronics Engineering ,57,13,curated mapping (Sep 2026)
TNEA,MECHATRONICS (SS),MECHATRONICS,MECHENG,Mechanical / Mechatronics Engineering ,7,1,curated mapping (Sep 2026)
TNEA,MEDICAL ELECTRONICS ENGINEERING,MEDICAL ELECTRONICS ENGINEERING,ELEC,Electrical / Electronics / Communications Engineering,25,6,curated mapping (Sep 2026)
TNEA,METALLURGICAL ENGINEERING,METALLURGICAL ENGINEERING,MEMS,Metallurgy Engineering And Material Science,14,2,curated mapping (Sep 2026)
TNEA,METALLURGICAL ENGINEERING (SS),METALLURGICAL ENGINEERING,MEMS,Metallurgy Engineering And Material Science,6,1,curated mapping (Sep 2026)
TNEA,Mechanical Engineering (Automobile),Mechanical Engineering (Automobile),MECHENG,Mechanical / Mechatronics Engineering ,11,2,curated mapping (Sep 2026)
TNEA,Mechanical and Mechatronics Engineering (Additive Manufacturing),Mechanical and Mechatronics Engineering (Additive Manufacturing),MECHENG,Mechanical / Mechatronics Engineering ,5,1,curated mapping (Sep 2026)
TNEA,Mechanical and Smart Manufacturing,Mechanical and Smart Manufacturing,MECHENG,Mechanical / Mechatronics Engineering ,7,1,curated mapping (Sep 2026)
TNEA,PETROLEUM ENGINEERING AND TECHNOLOGY (SS),PETROLEUM ENGINEERING AND TECHNOLOGY,CHEMENG,Chemical Engineering,6,1,curated mapping (Sep 2026)
TNEA,PHARMACEUTICAL TECHNOLOGY (SS),PHARMACEUTICAL TECHNOLOGY,PHARMA,Pharmacy,7,1,curated mapping (Sep 2026)
TNEA,PHARMACEUTICAL TECHNOLOGY,PHARMACEUTICAL TECHNOLOGY,PHARMA,Pharmacy,32,8,curated mapping (Sep 2026)
TNEA,PRINTING & PACKING TECHNOLOGY,PRINTING & PACKING TECHNOLOGY,INDENG,Industrial / Manufacturing / Production Engineering,6,1,curated mapping (Sep 2026)
TNEA,RUBBER AND PLASTIC TECHNOLOGY,RUBBER AND PLASTIC TECHNOLOGY,CHEMENG,Chemical Engineering,6,1,curated mapping (Sep 2026)
WBJEE,ARTIFICIAL INTELLIGENCE (AI),ARTIFICIAL INTELLIGENCE (AI),AIML,Artificial Intelligence / Machine Learning / Data Science,59,1,curated mapping (Sep 2026)
WBJEE,ARTIFICIAL INTELLIGENCE (AI) -TFW,ARTIFICIAL INTELLIGENCE (AI),AIML,Artificial Intelligence / Machine Learning / Data Science,10,1,curated mapping (Sep 2026)
WBJEE,AUGMENTED REALITY (TFW),AUGMENTED REALITY,AIML,Artificial Intelligence / Machine Learning / Data Science,1,1,curated mapping (Sep 2026)
WBJEE,Apparel & Production Management,Apparel & Production Management,TEXTILE,Textile Engineering,75,1,curated mapping (Sep 2026)
WBJEE,Apparel & Production Management (TFW),Apparel & Production Management,TEXTILE,Textile Engineering,10,1,curated mapping (Sep 2026)
WBJEE,Applied Electronics & Instrumentation Engineering/ Electronics & Instrumentation Engineering,Applied Electronics & Instrumentation Engineering/ Electronics & Instrumentation Engineering,ELEC,Electrical / Electronics / Communications Engineering,58,12,curated mapping (Sep 2026)
WBJEE,Applied Electronics & Instrumentation Engineering/ Electronics & Instrumentation Engineering (TFW),Applied Electronics & Instrumentation Engineering/ Electronics & Instrumentation Engineering,ELEC,Electrical / Electronics / Communications Engineering,18,6,curated mapping (Sep 2026)
WBJEE,Applied Electronics And Instrumentation Engineering,Applied Electronics And Instrumentation Engineering,ELEC,Electrical / Electronics / Communications Engineering,169,9,curated mapping (Sep 2026)
WBJEE,Applied Electronics And Instrumentation Engineering (TFW),Applied Electronics And Instrumentation Engineering,ELEC,Electrical / Electronics / Communications Engineering,21,3,curated mapping (Sep 2026)
WBJEE,Architectural Engineering,Architectural Engineering,ARCH,Architecture,84,1,curated mapping (Sep 2026)
WBJEE,B ARCH,B ARCH,ARCH,Architecture,8,2,curated mapping (Sep 2026)
WBJEE,B ARCH-TFW,B ARCH,ARCH,Architecture,1,1,curated mapping (Sep 2026)
WBJEE,B. PLANNING,B. PLANNING,PLAN,Planning,3,1,curated mapping (Sep 2026)
WBJEE,B. PLANNING - TFW,B. PLANNING,PLAN,Planning,3,1,curated mapping (Sep 2026)
WBJEE,B.ARCH,B.ARCH,ARCH,Architecture,11,2,curated mapping (Sep 2026)
WBJEE,B.ARCH (TFW),B.ARCH,ARCH,Architecture,3,1,curated mapping (Sep 2026)
WBJEE,B.Pharm/Pharmaceutical Technology,B.Pharm/Pharmaceutical Technology,PHARMA,Pharmacy,714,57,curated mapping (Sep 2026)
WBJEE,B.Pharm/Pharmaceutical Technology (TFW),B.Pharm/Pharmaceutical Technology,PHARMA,Pharmacy,195,47,curated mapping (Sep 2026)
WBJEE,CERAMIC ENGINEERING AND TECHNOLOGY,CERAMIC ENGINEERING AND TECHNOLOGY,CERAMIC,Ceramic Engineering,45,1,curated mapping (Sep 2026)
WBJEE,CERAMIC ENGINEERING AND TECHNOLOGY - TFW,CERAMIC ENGINEERING AND TECHNOLOGY,CERAMIC,Ceramic Engineering,5,1,curated mapping (Sep 2026)
WBJEE,"CERAMIC ENGINEERING, OIL TECHNOLOGY, PETROCHEM & PETRO REFINERY ENGG, PHARMACEUTICAL & FINE CHEMICAL TECHNOLOGY","CERAMIC ENGINEERING, OIL TECHNOLOGY, PETROCHEM & PETRO REFINERY ENGG, PHARMACEUTICAL & FINE CHEMICAL TECHNOLOGY",CHEMENG,Chemical Engineering,18,1,curated mapping (Sep 2026)
WBJEE,"CERAMIC ENGINEERING, OIL TECHNOLOGY, PETROCHEM & PETRO REFINERY ENGG, PHARMACEUTICAL & FINE CHEMICAL TECHNOLOGY - TFW","CERAMIC ENGINEERING, OIL TECHNOLOGY, PETROCHEM & PETRO REFINERY ENGG, PHARMACEUTICAL & FINE CHEMICAL TECHNOLOGY",CHEMENG,Chemical Engineering,3,1,curated mapping (Sep 2026)
WBJEE,CHEMICAL TECHNOLOGY (Ceramic Engineering),CHEMICAL TECHNOLOGY (Ceramic Engineering),CHEMENG,Chemical Engineering,12,1,curated mapping (Sep 2026)
WBJEE,CHEMICAL TECHNOLOGY (Ceramic Engineering) (TFW),CHEMICAL TECHNOLOGY (Ceramic Engineering),CHEMENG,Chemical Engineering,1,1,curated mapping (Sep 2026)
WBJEE,"CHEMICAL TECHNOLOGY (Ceramic Engineering, Oil Technology, Petrochem & petro refinery Engg, Pharmaceutical & Fine Chemical Technology)","CHEMICAL TECHNOLOGY (Ceramic Engineering, Oil Technology, Petrochem & petro refinery Engg, Pharmaceutical & Fine Chemical Technology)",CHEMENG,Chemical Engineering,36,1,curated mapping (Sep 2026)
WBJEE,"CHEMICAL TECHNOLOGY (Ceramic Engineering, Oil Technology, Petrochem & petro refinery Engg, Pharmaceutical & Fine Chemical Technology) - TFW","CHEMICAL TECHNOLOGY (Ceramic Engineering, Oil Technology, Petrochem & petro refinery Engg, Pharmaceutical & Fine Chemical Technology)",CHEMENG,Chemical Engineering,5,1,curated mapping (Sep 2026)
WBJEE,CHEMICAL TECHNOLOGY (Oil Technology),CHEMICAL TECHNOLOGY (Oil Technology),CHEMENG,Chemical Engineering,11,1,curated mapping (Sep 2026)
WBJEE,CHEMICAL TECHNOLOGY (Oil Technology) (TFW),CHEMICAL TECHNOLOGY (Oil Technology),CHEMENG,Chemical Engineering,1,1,curated mapping (Sep 2026)
WBJEE,CHEMICAL TECHNOLOGY (Petrochem & Petro refinery Engineering),CHEMICAL TECHNOLOGY (Petrochem & Petro refinery Engineering),CHEMENG,Chemical Engineering,12,1,curated mapping (Sep 2026)
WBJEE,CHEMICAL TECHNOLOGY (Petrochem & Petro refinery Engineering) (TFW),CHEMICAL TECHNOLOGY (Petrochem & Petro refinery Engineering),CHEMENG,Chemical Engineering,1,1,curated mapping (Sep 2026)
WBJEE,CHEMICAL TECHNOLOGY (Pharmaceutical & Fine Chemical Technology),CHEMICAL TECHNOLOGY (Pharmaceutical & Fine Chemical Technology),CHEMENG,Chemical Engineering,12,1,curated mapping (Sep 2026)
WBJEE,CHEMICAL TECHNOLOGY (Pharmaceutical & Fine Chemical Technology) (TFW),CHEMICAL TECHNOLOGY (Pharmaceutical & Fine Chemical Technology),CHEMENG,Chemical Engineering,1,1,curated mapping (Sep 2026)
WBJEE,CLOUD COMPUTING,CLOUD COMPUTING,CSIT,Computer Science / Information Technology,4,1,curated mapping (Sep 2026)
WBJEE,CLOUD COMPUTING - TFW,CLOUD COMPUTING,CSIT,Computer Science / Information Technology,2,1,curated mapping (Sep 2026)
WBJEE,COMPUTER SCIENCE & ENGINEERING,COMPUTER SCIENCE & ENGINEERING,CSIT,Computer Science / Information Technology,561,81,curated mapping (Sep 2026)
WBJEE,COMPUTER SCIENCE & ENGINEERING - TFW,COMPUTER SCIENCE & ENGINEERING,CSIT,Computer Science / Information Technology,156,52,curated mapping (Sep 2026)
WBJEE,COMPUTER SCIENCE & ENGINEERING (ARTIFICIAL INTELLIGENCE & CYBER SECURITY),COMPUTER SCIENCE & ENGINEERING (ARTIFICIAL INTELLIGENCE & CYBER SECURITY),AIML,Artificial Intelligence / Machine Learning / Data Science,4,1,curated mapping (Sep 2026)
WBJEE,COMPUTER SCIENCE & ENGINEERING (ARTIFICIAL INTELLIGENCE & DATA SCIENCE),COMPUTER SCIENCE & ENGINEERING (ARTIFICIAL INTELLIGENCE & DATA SCIENCE),AIML,Artificial Intelligence / Machine Learning / Data Science,3,1,curated mapping (Sep 2026)
WBJEE,COMPUTER SCIENCE & ENGINEERING (ARTIFICIAL INTELLIGENCE & ROBOTICS),COMPUTER SCIENCE & ENGINEERING (ARTIFICIAL INTELLIGENCE & ROBOTICS),AIML,Artificial Intelligence / Machine Learning / Data Science,6,2,curated mapping (Sep 2026)
WBJEE,COMPUTER SCIENCE & ENGINEERING (DATA SCIENCE & ARTIFICIAL INTELLIGENCE),COMPUTER SCIENCE & ENGINEERING (DATA SCIENCE & ARTIFICIAL INTELLIGENCE),AIML,Artificial Intelligence / Machine Learning / Data Science,6,1,curated mapping (Sep 2026)
WBJEE,COMPUTER SCIENCE & ENGINEERING (GAMING),COMPUTER SCIENCE & ENGINEERING (GAMING),CSIT,Computer Science / Information Technology,5,1,curated mapping (Sep 2026)
WBJEE,COMPUTER SCIENCE & ENGINEERING (GAMING) (TFW),COMPUTER SCIENCE & ENGINEERING (GAMING),CSIT,Computer Science / Information Technology,3,1,curated mapping (Sep 2026)
WBJEE,COMPUTER SCIENCE & ENGINEERING (INTERNET OF THINGS),COMPUTER SCIENCE & ENGINEERING (INTERNET OF THINGS),CSIT,Computer Science / Information Technology,36,5,curated mapping (Sep 2026)
WBJEE,COMPUTER SCIENCE & ENGINEERING (INTERNET OF THINGS) (TFW),COMPUTER SCIENCE & ENGINEERING (INTERNET OF THINGS),CSIT,Computer Science / Information Technology,13,5,curated mapping (Sep 2026)
WBJEE,COMPUTER SCIENCE & ENGINEERING (IOT ),COMPUTER SCIENCE & ENGINEERING (IOT ),CSIT,Computer Science / Information Technology,3,1,curated mapping (Sep 2026)
WBJEE,COMPUTER SCIENCE & ENGINEERING (IOT ) - TFW,COMPUTER SCIENCE & ENGINEERING (IOT ),CSIT,Computer Science / Information Technology,3,1,curated mapping (Sep 2026)
WBJEE,COMPUTER SCIENCE & ENGINEERING (NETWORKS),COMPUTER SCIENCE & ENGINEERING (NETWORKS),CSIT,Computer Science / Information Technology,4,1,curated mapping (Sep 2026)
WBJEE,COMPUTER SCIENCE & ENGINEERING (NETWORKS) - TFW,COMPUTER SCIENCE & ENGINEERING (NETWORKS),CSIT,Computer Science / Information Technology,1,1,curated mapping (Sep 2026)
WBJEE,COMPUTER SCIENCE & ENGINEERING (ROBOTICS AND ARTIFICIAL INTELLIGENCE),COMPUTER SCIENCE & ENGINEERING (ROBOTICS AND ARTIFICIAL INTELLIGENCE),AIML,Artificial Intelligence / Machine Learning / Data Science,5,2,curated mapping (Sep 2026)
WBJEE,COMPUTER SCIENCE & ENGINEERING (ROBOTICS AND ARTIFICIAL INTELLIGENCE) - TFW,COMPUTER SCIENCE & ENGINEERING (ROBOTICS AND ARTIFICIAL INTELLIGENCE),AIML,Artificial Intelligence / Machine Learning / Data Science,3,1,curated mapping (Sep 2026)
WBJEE,COMPUTER SCIENCE & TECHNOLOGY,COMPUTER SCIENCE & TECHNOLOGY,CSIT,Computer Science / Information Technology,8,1,curated mapping (Sep 2026)
WBJEE,COMPUTER SCIENCE & TECHNOLOGY - TFW,COMPUTER SCIENCE & TECHNOLOGY,CSIT,Computer Science / Information Technology,3,1,curated mapping (Sep 2026)
WBJEE,COMPUTER SCIENCE AND APPLIED MATHEMATICS,COMPUTER SCIENCE AND APPLIED MATHEMATICS,CSIT,Computer Science / Information Technology,11,1,curated mapping (Sep 2026)
WBJEE,COMPUTER SCIENCE AND APPLIED MATHEMATICS - TFW,COMPUTER SCIENCE AND APPLIED MATHEMATICS,CSIT,Computer Science / Information Technology,3,1,curated mapping (Sep 2026)
WBJEE,"Ceramic Engineering, Oil Technology, Petrochem & Petro Refinery Engg, Pharmaceutical & Fine Chemical Technology","Ceramic Engineering, Oil Technology, Petrochem & Petro Refinery Engg, Pharmaceutical & Fine Chemical Technology",CHEMENG,Chemical Engineering,23,1,curated mapping (Sep 2026)
WBJEE,"Ceramic Engineering, Oil Technology, Petrochem & Petro Refinery Engg, Pharmaceutical & Fine Chemical Technology - TFW","Ceramic Engineering, Oil Technology, Petrochem & Petro Refinery Engg, Pharmaceutical & Fine Chemical Technology",CHEMENG,Chemical Engineering,4,1,curated mapping (Sep 2026)
WBJEE,Ceramic Enginering And Technology,Ceramic Enginering And Technology,CERAMIC,Ceramic Engineering,34,1,curated mapping (Sep 2026)
WBJEE,Ceramic Enginering And Technology (TFW),Ceramic Enginering And Technology,CERAMIC,Ceramic Engineering,7,1,curated mapping (Sep 2026)
WBJEE,Computer Science & Business System,Computer Science & Business System,CSIT,Computer Science / Information Technology,66,11,curated mapping (Sep 2026)
WBJEE,Computer Science & Business System (TFW),Computer Science & Business System,CSIT,Computer Science / Information Technology,53,11,curated mapping (Sep 2026)
WBJEE,Computer Science & Engineering,Computer Science & Engineering,CSIT,Computer Science / Information Technology,2724,94,curated mapping (Sep 2026)
WBJEE,Computer Science & Engineering - TFW,Computer Science & Engineering,CSIT,Computer Science / Information Technology,684,84,curated mapping (Sep 2026)
WBJEE,Computer Science & Engineering (Artificial Intelligence And Machine Learning),Computer Science & Engineering (Artificial Intelligence And Machine Learning),AIML,Artificial Intelligence / Machine Learning / Data Science,777,47,curated mapping (Sep 2026)
WBJEE,Computer Science & Engineering (Artificial Intelligence And Machine Learning) (TFW),Computer Science & Engineering (Artificial Intelligence And Machine Learning),AIML,Artificial Intelligence / Machine Learning / Data Science,261,42,curated mapping (Sep 2026)
WBJEE,Computer Science & Engineering (Artificial Intelligence),Computer Science & Engineering (Artificial Intelligence),AIML,Artificial Intelligence / Machine Learning / Data Science,51,6,curated mapping (Sep 2026)
WBJEE,Computer Science & Engineering (Artificial Intelligence) (TFW),Computer Science & Engineering (Artificial Intelligence),AIML,Artificial Intelligence / Machine Learning / Data Science,26,6,curated mapping (Sep 2026)
WBJEE,Computer Science & Engineering (Cyber Security),Computer Science & Engineering (Cyber Security),CYBERSEC,Cyber Security,224,17,curated mapping (Sep 2026)
WBJEE,Computer Science & Engineering (Cyber Security) (TFW),Computer Science & Engineering (Cyber Security),CYBERSEC,Cyber Security,89,14,curated mapping (Sep 2026)
WBJEE,Computer Science & Engineering (Data Science),Computer Science & Engineering (Data Science),AIML,Artificial Intelligence / Machine Learning / Data Science,467,28,curated mapping (Sep 2026)
WBJEE,Computer Science & Engineering (Data Science) (TFW),Computer Science & Engineering (Data Science),AIML,Artificial Intelligence / Machine Learning / Data Science,140,23,curated mapping (Sep 2026)
WBJEE,Computer Science & Engineering (IOT),Computer Science & Engineering (IOT),CSIT,Computer Science / Information Technology,56,9,curated mapping (Sep 2026)
WBJEE,Computer Science & Engineering (IOT) - TFW,Computer Science & Engineering (IOT),CSIT,Computer Science / Information Technology,33,9,curated mapping (Sep 2026)
WBJEE,Computer Science & Engineering (Internet Of Things And Cyber Security Including Block Chain Technology),Computer Science & Engineering (Internet Of Things And Cyber Security Including Block Chain Technology),CYBERSEC,Cyber Security,112,10,curated mapping (Sep 2026)
WBJEE,Computer Science & Engineering (Internet Of Things And Cyber Security Including Block Chain Technology) (TFW),Computer Science & Engineering (Internet Of Things And Cyber Security Including Block Chain Technology),CYBERSEC,Cyber Security,35,9,curated mapping (Sep 2026)
WBJEE,Computer Science & Technology,Computer Science & Technology,CSIT,Computer Science / Information Technology,77,5,curated mapping (Sep 2026)
WBJEE,Computer Science & Technology - TFW,Computer Science & Technology,CSIT,Computer Science / Information Technology,29,5,curated mapping (Sep 2026)
WBJEE,Computer Science And Business System,Computer Science And Business System,CSIT,Computer Science / Information Technology,226,13,curated mapping (Sep 2026)
WBJEE,Computer Science And Business System (TFW),Computer Science And Business System,CSIT,Computer Science / Information Technology,76,14,curated mapping (Sep 2026)
WBJEE,Construction Engineering,Construction Engineering,CIVILENG,Civil Engineering,105,1,curated mapping (Sep 2026)
WBJEE,Construction Engineering (TFW),Construction Engineering,CIVILENG,Civil Engineering,13,1,curated mapping (Sep 2026)
WBJEE,Dairy Technology,Dairy Technology,DAIRYENG,Dairy Engineering,77,1,curated mapping (Sep 2026)
WBJEE,ELECTRICAL & COMPUTER ENGINEERING,ELECTRICAL & COMPUTER ENGINEERING,CSIT,Computer Science / Information Technology,16,4,curated mapping (Sep 2026)
WBJEE,ELECTRICAL & COMPUTER ENGINEERING (TFW),ELECTRICAL & COMPUTER ENGINEERING,CSIT,Computer Science / Information Technology,5,3,curated mapping (Sep 2026)
WBJEE,ELECTRONICS & COMPUTER SCIENCE,ELECTRONICS & COMPUTER SCIENCE,CSIT,Computer Science / Information Technology,71,8,curated mapping (Sep 2026)
WBJEE,ELECTRONICS & COMPUTER SCIENCE - TFW,ELECTRONICS & COMPUTER SCIENCE,CSIT,Computer Science / Information Technology,25,9,curated mapping (Sep 2026)
WBJEE,ELECTRONICS AND COMPUTER SCIENCE (ECS),ELECTRONICS AND COMPUTER SCIENCE (ECS),CSIT,Computer Science / Information Technology,5,1,curated mapping (Sep 2026)
WBJEE,ELECTRONICS AND COMPUTER SCIENCE (ECS) - TFW,ELECTRONICS AND COMPUTER SCIENCE (ECS),CSIT,Computer Science / Information Technology,3,1,curated mapping (Sep 2026)
WBJEE,ELECTRONICS ENGINEERING (VLSI DESIGN AND TECHNOLOGY),ELECTRONICS ENGINEERING (VLSI DESIGN AND TECHNOLOGY),ELEC,Electrical / Electronics / Communications Engineering,88,3,curated mapping (Sep 2026)
WBJEE,ELECTRONICS ENGINEERING (VLSI DESIGN AND TECHNOLOGY)-TFW,ELECTRONICS ENGINEERING (VLSI DESIGN AND TECHNOLOGY),ELEC,Electrical / Electronics / Communications Engineering,15,3,curated mapping (Sep 2026)
WBJEE,Electrical & Electronics Engineering,Electrical & Electronics Engineering,ELEC,Electrical / Electronics / Communications Engineering,75,7,curated mapping (Sep 2026)
WBJEE,Electrical & Electronics Engineering (TFW),Electrical & Electronics Engineering,ELEC,Electrical / Electronics / Communications Engineering,22,4,curated mapping (Sep 2026)
WBJEE,Electronics & Communication Engineering,Electronics & Communication Engineering,ELEC,Electrical / Electronics / Communications Engineering,1457,74,curated mapping (Sep 2026)
WBJEE,Electronics & Communication Engineering (TFW),Electronics & Communication Engineering,ELEC,Electrical / Electronics / Communications Engineering,338,44,curated mapping (Sep 2026)
WBJEE,Electronics & Communication Engineering (Industry Integrated),Electronics & Communication Engineering (Industry Integrated),ELEC,Electrical / Electronics / Communications Engineering,3,1,curated mapping (Sep 2026)
WBJEE,Electronics & Communication Engineering (Vlsi Design),Electronics & Communication Engineering (Vlsi Design),ELEC,Electrical / Electronics / Communications Engineering,3,1,curated mapping (Sep 2026)
WBJEE,Electronics & Communication Engineering/Electronics & Telecommunication Engineering,Electronics & Communication Engineering/Electronics & Telecommunication Engineering,ELEC,Electrical / Electronics / Communications Engineering,300,66,curated mapping (Sep 2026)
WBJEE,Electronics & Communication Engineering/Electronics & Telecommunication Engineering (TFW),Electronics & Communication Engineering/Electronics & Telecommunication Engineering,ELEC,Electrical / Electronics / Communications Engineering,78,26,curated mapping (Sep 2026)
WBJEE,Electronics & Tele-Communication Engineering,Electronics & Tele-Communication Engineering,ELEC,Electrical / Electronics / Communications Engineering,91,1,curated mapping (Sep 2026)
WBJEE,Electronics & Tele-Communication Engineering (TFW),Electronics & Tele-Communication Engineering,ELEC,Electrical / Electronics / Communications Engineering,9,1,curated mapping (Sep 2026)
WBJEE,Electronics And Computer Science (ESC),Electronics And Computer Science (ESC),CSIT,Computer Science / Information Technology,22,3,curated mapping (Sep 2026)
WBJEE,Electronics And Computer Science (ESC) - TFW,Electronics And Computer Science (ESC),CSIT,Computer Science / Information Technology,6,3,curated mapping (Sep 2026)
WBJEE,Electronics And Instrumentation Engineering,Electronics And Instrumentation Engineering,ELEC,Electrical / Electronics / Communications Engineering,94,4,curated mapping (Sep 2026)
WBJEE,Electronics And Instrumentation Engineering (TFW),Electronics And Instrumentation Engineering,ELEC,Electrical / Electronics / Communications Engineering,19,4,curated mapping (Sep 2026)
WBJEE,Food Technology And Bio Chemical Engineering,Food Technology And Bio Chemical Engineering,CHEMENG,Chemical Engineering,91,1,curated mapping (Sep 2026)
WBJEE,Food Technology And Bio Chemical Engineering (TFW),Food Technology And Bio Chemical Engineering,CHEMENG,Chemical Engineering,9,1,curated mapping (Sep 2026)
WBJEE,Instrumentation & Electronics,Instrumentation & Electronics,ELEC,Electrical / Electronics / Communications Engineering,83,1,curated mapping (Sep 2026)
WBJEE,Instrumentation & Electronics (TFW),Instrumentation & Electronics,ELEC,Electrical / Electronics / Communications Engineering,8,1,curated mapping (Sep 2026)
WBJEE,Instrumentation Engineering/Instrumentation & Electronics Engineering,Instrumentation Engineering/Instrumentation & Electronics Engineering,ELEC,Electrical / Electronics / Communications Engineering,37,2,curated mapping (Sep 2026)
WBJEE,Instrumentation Engineering/Instrumentation & Electronics Engineering (TFW),Instrumentation Engineering/Instrumentation & Electronics Engineering,ELEC,Electrical / Electronics / Communications Engineering,6,2,curated mapping (Sep 2026)
WBJEE,Jute & Fibre Technology,Jute & Fibre Technology,TEXTILE,Textile Engineering,88,2,curated mapping (Sep 2026)
WBJEE,Jute & Fibre Technology (TFW),Jute & Fibre Technology,TEXTILE,Textile Engineering,16,2,curated mapping (Sep 2026)
WBJEE,Leather Technology,Leather Technology,OTHER,Other,82,1,curated mapping (Sep 2026)
WBJEE,Leather Technology (TFW),Leather Technology,OTHER,Other,12,1,curated mapping (Sep 2026)
WBJEE,Marine Engineering/Marine Technology,Marine Engineering/Marine Technology,MARINE,Marine / Ocean Engineering,10,1,curated mapping (Sep 2026)
WBJEE,Metallurgical And Materials Engineering,Metallurgical And Materials Engineering,MEMS,Metallurgy Engineering And Material Science,91,2,curated mapping (Sep 2026)
WBJEE,Metallurgical And Materials Engineeringwith Tfw,Metallurgical And Materials Engineeringwith Tfw,MEMS,Metallurgy Engineering And Material Science,7,2,curated mapping (Sep 2026)
WBJEE,Metallurgical Engineering,Metallurgical Engineering,MEMS,Metallurgy Engineering And Material Science,80,1,curated mapping (Sep 2026)
WBJEE,Metallurgical Engineering (TFW),Metallurgical Engineering,MEMS,Metallurgy Engineering And Material Science,8,1,curated mapping (Sep 2026)
WBJEE,Mining Engineeringwith Tfw,Mining Engineeringwith Tfw,MININGENG,Mining Engineering,4,1,curated mapping (Sep 2026)
WBJEE,Optics & Optoelectronics,Optics & Optoelectronics,ELEC,Electrical / Electronics / Communications Engineering,70,1,curated mapping (Sep 2026)
WBJEE,Optics & Optoelectronics (TFW),Optics & Optoelectronics,ELEC,Electrical / Electronics / Communications Engineering,11,1,curated mapping (Sep 2026)
WBJEE,PRINTING & PACKAGING TECHNOLOGY,PRINTING & PACKAGING TECHNOLOGY,INDENG,Industrial / Manufacturing / Production Engineering,17,1,curated mapping (Sep 2026)
WBJEE,PRINTING & PACKAGING TECHNOLOGY (TFW),PRINTING & PACKAGING TECHNOLOGY,INDENG,Industrial / Manufacturing / Production Engineering,1,1,curated mapping (Sep 2026)
WBJEE,Polymer Science & Technology,Polymer Science & Technology,CHEMENG,Chemical Engineering,77,1,curated mapping (Sep 2026)
WBJEE,Polymer Science & Technology (TFW),Polymer Science & Technology,CHEMENG,Chemical Engineering,14,1,curated mapping (Sep 2026)
WBJEE,Power Engineering,Power Engineering,ENERGYENG,Energy Engineering,84,1,curated mapping (Sep 2026)
WBJEE,Power Engineering (TFW),Power Engineering,ENERGYENG,Energy Engineering,12,1,curated mapping (Sep 2026)
WBJEE,Power Engineering/Power Plant Engineering,Power Engineering/Power Plant Engineering,ENERGYENG,Energy Engineering,21,1,curated mapping (Sep 2026)
WBJEE,Power Engineering/Power Plant Engineering (TFW),Power Engineering/Power Plant Engineering,ENERGYENG,Energy Engineering,3,1,curated mapping (Sep 2026)
WBJEE,Printing Engineering/Printing Technology,Printing Engineering/Printing Technology,INDENG,Industrial / Manufacturing / Production Engineering,20,1,curated mapping (Sep 2026)
WBJEE,Printing Engineering/Printing Technology (TFW),Printing Engineering/Printing Technology,INDENG,Industrial / Manufacturing / Production Engineering,3,1,curated mapping (Sep 2026)
WBJEE,ROBOTICS & ARTIFICIAL INTELLIGENCE,ROBOTICS & ARTIFICIAL INTELLIGENCE,AIML,Artificial Intelligence / Machine Learning / Data Science,2,1,curated mapping (Sep 2026)
WBJEE,ROBOTICS & ARTIFICIAL INTELLIGENCE (TFW),ROBOTICS & ARTIFICIAL INTELLIGENCE,AIML,Artificial Intelligence / Machine Learning / Data Science,2,1,curated mapping (Sep 2026)
WBJEE,Robotic Engineering,Robotic Engineering,ROBOENG,Robotics Engineering,5,1,curated mapping (Sep 2026)
WBJEE,Robotics And Automation Engineering,Robotics And Automation Engineering,ROBOENG,Robotics Engineering,1,1,curated mapping (Sep 2026)
WBJEE,Semiconductor Technology,Semiconductor Technology,ELEC,Electrical / Electronics / Communications Engineering,3,1,curated mapping (Sep 2026)
WBJEE,Semiconductor Technology (TFW),Semiconductor Technology,ELEC,Electrical / Electronics / Communications Engineering,2,1,curated mapping (Sep 2026)
WBJEE,VIRTUAL REALITY (AR/VR) (TFW),VIRTUAL REALITY (AR/VR),CSIT,Computer Science / Information Technology,2,1,curated mapping (Sep 2026)
AP-EAPCET,ASE,Aerospace Engineering,AERO,Aerospace Engineering,21,1,taxonomy alias row
AP-EAPCET,AGR,Agricultural Engineering,AGRIENG,Agricultural Engineering,159,8,taxonomy alias row
AP-EAPCET,AI,Artificial Intelligence,AIML,Artificial Intelligence / Machine Learning / Data Science,193,10,taxonomy alias row
AP-EAPCET,AID,Artificial Intelligence And Data Science,AIML,Artificial Intelligence / Machine Learning / Data Science,1057,51,taxonomy alias row
AP-EAPCET,AIM,Artificial Intelligence And Machine Learning,AIML,Artificial Intelligence / Machine Learning / Data Science,943,46,taxonomy alias row
AP-EAPCET,AUT,Automobile Engineering,AUTOENG,Automobile Engineering,36,1,taxonomy alias row
AP-EAPCET,BIO,Bio-Technology,BIOTECH,Biotechnology,40,2,taxonomy alias row
AP-EAPCET,CHE,Chemical Engineering,CHEMENG,Chemical Engineering,164,8,taxonomy alias row
AP-EAPCET,CIV,Civil Engineering,CIVILENG,Civil Engineering,2415,129,taxonomy alias row
AP-EAPCET,CSW,Computer Engineering (Software Engineering),CSIT,Computer Science / Information Technology,65,2,taxonomy alias row
AP-EAPCET,CSB,Computer Science And Business Systems,CSIT,Computer Science / Information Technology,106,5,taxonomy alias row
AP-EAPCET,CSG,Computer Science And Design,CSIT,Computer Science / Information Technology,38,2,taxonomy alias row
AP-EAPCET,CSE,Computer Science And Engineering,CSIT,Computer Science / Information Technology,4757,230,taxonomy alias row
AP-EAPCET,CSD,Computer Science And Engineering (Data Science),CSIT,Computer Science / Information Technology,1810,89,taxonomy alias row
AP-EAPCET,CSO,Computer Science And Engineering (IoT),CSIT,Computer Science / Information Technology,117,6,taxonomy alias row
AP-EAPCET,CIT,Computer Science And Information Technology,CSIT,Computer Science / Information Technology,160,8,taxonomy alias row
AP-EAPCET,CST,Computer Science And Technology,CSIT,Computer Science / Information Technology,42,2,taxonomy alias row
AP-EAPCET,CS,Cyber Security,CYBERSEC,Cyber Security,93,5,taxonomy alias row
AP-EAPCET,DS,Data Science,AIML,Artificial Intelligence / Machine Learning / Data Science,31,2,taxonomy alias row
AP-EAPCET,EEE,Electrical And Electronics Engineering,ELEC,Electrical / Electronics / Communications Engineering,2602,149,taxonomy alias row
AP-EAPCET,ECM,Electronics And Computer Engineering,ELEC,Electrical / Electronics / Communications Engineering,69,3,taxonomy alias row
AP-EAPCET,ENV,Environmental Engineering,ENVENG,Environmental Engineering,20,1,taxonomy alias row
AP-EAPCET,FDE,Food Engineering,FOODENG,Food Engineering,20,1,taxonomy alias row
AP-EAPCET,FDT,Food Technology,FOODENG,Food Engineering,60,3,taxonomy alias row
AP-EAPCET,INF,Information Technology,CSIT,Computer Science / Information Technology,960,49,taxonomy alias row
AP-EAPCET,IOT,Internet Of Things (IoT),INDENG,Industrial / Manufacturing / Production Engineering,20,1,taxonomy alias row
AP-EAPCET,MEC,Mechanical Engineering,MECHENG,Mechanical / Mechatronics Engineering ,2715,145,taxonomy alias row
AP-EAPCET,MMT,Metallurgy And Material Technology,MEMS,Metallurgy Engineering And Material Science,18,1,taxonomy alias row
AP-EAPCET,MIN,Mining Engineering,MININGENG,Mining Engineering,75,3,taxonomy alias row
AP-EAPCET,PEE,Petroleum Engineering,PETROLENG,Petroleum Engineering,20,1,taxonomy alias row
AP-EAPCET,PHE,Pharmaceutical Engineering,PHARMAENG,Pharmaceutical Engineering,18,1,taxonomy alias row
AP-EAPCET,RBT,Robotics,ROBOENG,Robotics Engineering,20,1,taxonomy alias row
CollegeFees,AERONAUTICAL ENGINEERING,AERONAUTICAL ENGINEERING,AERO,Aerospace Engineering,34,4,taxonomy alias row
CollegeFees,ARTIFICIAL INTELLIGENCE AND DATA SCIENCE,ARTIFICIAL INTELLIGENCE AND DATA SCIENCE,AIML,Artificial Intelligence / Machine Learning / Data Science,39,3,taxonomy alias row
CollegeFees,ARTIFICIAL INTELLIGENCE AND MACHINE LEARNING,ARTIFICIAL INTELLIGENCE AND MACHINE LEARNING,AIML,Artificial Intelligence / Machine Learning / Data Science,104,8,taxonomy alias row
CollegeFees,AUTOMOBILE ENGINEERING,AUTOMOBILE ENGINEERING,AUTOENG,Automobile Engineering,12,1,taxonomy alias row
CollegeFees,"Aeronautical Engineering (4 Years, Bachelor of Technology)","Aeronautical Engineering (4 Years, Bachelor of Technology)",AERO,Aerospace Engineering,5,1,taxonomy alias row
CollegeFees,"Aerospace Engineering (4 Years, Bachelor of Technology)","Aerospace Engineering (4 Years, Bachelor of Technology)",AERO,Aerospace Engineering,72,7,taxonomy alias row
CollegeFees,"Aerospace Engineering (5 Years, Bachelor and Master of Technology (Dual Degree))","Aerospace Engineering (5 Years, Bachelor and Master of Technology (Dual Degree))",AERO,Aerospace Engineering,7,1,taxonomy alias row
CollegeFees,"Agricultural Engineering (4 Years, Bachelor of Technology)","Agricultural Engineering (4 Years, Bachelor of Technology)",AGRIENG,Agricultural Engineering,10,2,taxonomy alias row
CollegeFees,"Agricultural and Food Engineering (4 Years, Bachelor of Technology)","Agricultural and Food Engineering (4 Years, Bachelor of Technology)",AGRIENG,Agricultural Engineering,10,1,taxonomy alias row
CollegeFees,"Applied Geology (4 Years, Bachelor of Science)","Applied Geology (4 Years, Bachelor of Science)",GEO,Geology / Geophysics / Geological Technology,9,1,taxonomy alias row
CollegeFees,"Applied Geology (5 Years, Integrated Master of Technology)","Applied Geology (5 Years, Integrated Master of Technology)",GEO,Geology / Geophysics / Geological Technology,8,1,taxonomy alias row
CollegeFees,"Applied Geophysics (5 Years, Integrated Master of Technology)","Applied Geophysics (5 Years, Integrated Master of Technology)",GEO,Geology / Geophysics / Geological Technology,8,1,taxonomy alias row
CollegeFees,"Architecture (5 Years, Bachelor of Architecture)","Architecture (5 Years, Bachelor of Architecture)",ARCH,Architecture,135,16,taxonomy alias row
CollegeFees,"Architecture and Planning (5 Years, Bachelor of Architecture)","Architecture and Planning (5 Years, Bachelor of Architecture)",ARCH,Architecture,9,1,taxonomy alias row
CollegeFees,"Artificial Intelligence (4 Years, Bachelor of Technology)","Artificial Intelligence (4 Years, Bachelor of Technology)",AIML,Artificial Intelligence / Machine Learning / Data Science,68,6,taxonomy alias row
CollegeFees,"Artificial Intelligence (5 Years, Integrated B. Tech. and M. Tech.)","Artificial Intelligence (5 Years, Integrated B. Tech. and M. Tech.)",AIML,Artificial Intelligence / Machine Learning / Data Science,8,1,taxonomy alias row
CollegeFees,"Artificial Intelligence and Data Analytics (4 Years, Bachelor of Technology)","Artificial Intelligence and Data Analytics (4 Years, Bachelor of Technology)",AIML,Artificial Intelligence / Machine Learning / Data Science,12,1,taxonomy alias row
CollegeFees,"Artificial Intelligence and Data Engineering (4 Years, Bachelor of Technology)","Artificial Intelligence and Data Engineering (4 Years, Bachelor of Technology)",AIML,Artificial Intelligence / Machine Learning / Data Science,31,3,taxonomy alias row
CollegeFees,"Artificial Intelligence and Data Science (4 Years, Bachelor of Technology)","Artificial Intelligence and Data Science (4 Years, Bachelor of Technology)",AIML,Artificial Intelligence / Machine Learning / Data Science,73,7,taxonomy alias row
CollegeFees,"Artificial Intelligence and Machine Learning (4 Years, Bachelor of Technology)","Artificial Intelligence and Machine Learning (4 Years, Bachelor of Technology)",AIML,Artificial Intelligence / Machine Learning / Data Science,33,4,taxonomy alias row
CollegeFees,"B. Tech in CE. - M. Tech. in Geotechnical Engineering (5 Years, B.Tech. + M.Tech./MS (Dual Degree))","B. Tech in CE. - M. Tech. in Geotechnical Engineering (5 Years, B.Tech. + M.Tech./MS (Dual Degree))",CIVILENG,Civil Engineering,6,1,taxonomy alias row
CollegeFees,"B. Tech in CE. - M. Tech. in Structural Engineering (5 Years, B.Tech. + M.Tech./MS (Dual Degree))","B. Tech in CE. - M. Tech. in Structural Engineering (5 Years, B.Tech. + M.Tech./MS (Dual Degree))",CIVILENG,Civil Engineering,5,1,taxonomy alias row
CollegeFees,"B. Tech. (CSE) and M.Tech in CSE (5 Years, B.Tech. + M.Tech./MS (Dual Degree))","B. Tech. (CSE) and M.Tech in CSE (5 Years, B.Tech. + M.Tech./MS (Dual Degree))",CSIT,Computer Science / Information Technology,7,1,taxonomy alias row
CollegeFees,"B. Tech. (ECE) -M. Tech. in VLSI (5 Years, B.Tech. + M.Tech./MS (Dual Degree))","B. Tech. (ECE) -M. Tech. in VLSI (5 Years, B.Tech. + M.Tech./MS (Dual Degree))",ELEC,Electrical / Electronics / Communications Engineering,7,1,taxonomy alias row
CollegeFees,"B. Tech. (EEE)-M. Tech. in (Power &. Control) (5 Years, B.Tech. + M.Tech./MS (Dual Degree))","B. Tech. (EEE)-M. Tech. in (Power &. Control) (5 Years, B.Tech. + M.Tech./MS (Dual Degree))",ELEC,Electrical / Electronics / Communications Engineering,6,1,taxonomy alias row
CollegeFees,"B. Tech. (ME) - M. Tech. in Mechatronics (5 Years, B.Tech. + M.Tech./MS (Dual Degree))","B. Tech. (ME) - M. Tech. in Mechatronics (5 Years, B.Tech. + M.Tech./MS (Dual Degree))",MECHENG,Mechanical / Mechatronics Engineering ,7,1,taxonomy alias row
CollegeFees,"B. Tech. (Mathematics & Computing) M. Tech. in (Mathematics & Computing) (5 Years, B.Tech. + M.Tech./MS (Dual Degree))","B. Tech. (Mathematics & Computing) M. Tech. in (Mathematics & Computing) (5 Years, B.Tech. + M.Tech./MS (Dual Degree))",MNC,Mathematics And Computing,7,1,taxonomy alias row
CollegeFees,"B.Tech (Artificial Intelligence and Data Science) - MBA in Digital Business Management (IIM Bodh Gaya) (5 Years, Bachelor of Technology and MBA (Dual Degree))","B.Tech (Artificial Intelligence and Data Science) - MBA in Digital Business Management (IIM Bodh Gaya) (5 Years, Bachelor of Technology and MBA (Dual Degree))",AIML,Artificial Intelligence / Machine Learning / Data Science,4,1,taxonomy alias row
CollegeFees,"B.Tech (Chemical Engineering) - MBA in Hospital and Health Care Management (IIM Bodh Gaya) (5 Years, Bachelor of Technology and MBA (Dual Degree))","B.Tech (Chemical Engineering) - MBA in Hospital and Health Care Management (IIM Bodh Gaya) (5 Years, Bachelor of Technology and MBA (Dual Degree))",CHEMENG,Chemical Engineering,3,1,taxonomy alias row
CollegeFees,"B.Tech (Chemical Science and Technology) - MBA in Hospital and Health Care Management (IIM Bodh Gaya) (5 Years, Bachelor of Technology and MBA (Dual Degree))","B.Tech (Chemical Science and Technology) - MBA in Hospital and Health Care Management (IIM Bodh Gaya) (5 Years, Bachelor of Technology and MBA (Dual Degree))",CHEMSCI,Chemical Science And Technology,4,1,taxonomy alias row
CollegeFees,"B.Tech (Civil Engineering) - MBA (IIM Bodh Gaya) (5 Years, Bachelor of Technology and MBA (Dual Degree))","B.Tech (Civil Engineering) - MBA (IIM Bodh Gaya) (5 Years, Bachelor of Technology and MBA (Dual Degree))",CIVILENG,Civil Engineering,4,1,taxonomy alias row
CollegeFees,"B.Tech (Computer Science and Engineering) - MBA in Digital Business Management (IIM Bodh Gaya) (5 Years, Bachelor of Technology and MBA (Dual Degree))","B.Tech (Computer Science and Engineering) - MBA in Digital Business Management (IIM Bodh Gaya) (5 Years, Bachelor of Technology and MBA (Dual Degree))",CSIT,Computer Science / Information Technology,5,1,taxonomy alias row
CollegeFees,"B.Tech (Electrical and Electronics Engineering) - MBA (IIM Bodh Gaya) (5 Years, Bachelor of Technology and MBA (Dual Degree))","B.Tech (Electrical and Electronics Engineering) - MBA (IIM Bodh Gaya) (5 Years, Bachelor of Technology and MBA (Dual Degree))",ELEC,Electrical / Electronics / Communications Engineering,5,1,taxonomy alias row
CollegeFees,"B.Tech (Electronics and Communication Engineering) - MBA in Hospital and Healthcare Management (IIM Bodh Gaya) (5 Years, Bachelor of Technology and MBA (Dual Degree))","B.Tech (Electronics and Communication Engineering) - MBA in Hospital and Healthcare Management (IIM Bodh Gaya) (5 Years, Bachelor of Technology and MBA (Dual Degree))",ELEC,Electrical / Electronics / Communications Engineering,4,1,taxonomy alias row
CollegeFees,"B.Tech (Engineering Physics) - MBA (IIM Bodh Gaya) (5 Years, Bachelor of Technology and MBA (Dual Degree))","B.Tech (Engineering Physics) - MBA (IIM Bodh Gaya) (5 Years, Bachelor of Technology and MBA (Dual Degree))",ENGPHY,Engineering Physics,4,1,taxonomy alias row
CollegeFees,"B.Tech (Mathematics and Computing) - MBA in Digital Business Management (IIM Bodh Gaya) (5 Years, Bachelor of Technology and MBA (Dual Degree))","B.Tech (Mathematics and Computing) - MBA in Digital Business Management (IIM Bodh Gaya) (5 Years, Bachelor of Technology and MBA (Dual Degree))",MNC,Mathematics And Computing,4,1,taxonomy alias row
CollegeFees,"B.Tech (Mechanical Engineering) - MBA (IIM Mumbai) (5 Years, Bachelor of Technology and MBA (Dual Degree))","B.Tech (Mechanical Engineering) - MBA (IIM Mumbai) (5 Years, Bachelor of Technology and MBA (Dual Degree))",MECHENG,Mechanical / Mechatronics Engineering ,7,1,taxonomy alias row
CollegeFees,"B.Tech (Metallurgical and Materials Engineering) - MBA (IIM Bodh Gaya) (5 Years, Bachelor of Technology and MBA (Dual Degree))","B.Tech (Metallurgical and Materials Engineering) - MBA (IIM Bodh Gaya) (5 Years, Bachelor of Technology and MBA (Dual Degree))",MEMS,Metallurgy Engineering And Material Science,5,1,taxonomy alias row
CollegeFees,"B.Tech in Artificial Intelligenece and Data Science (Transportation and Logistics) (4 Years, Bachelor of Technology)","B.Tech in Artificial Intelligenece and Data Science (Transportation and Logistics) (4 Years, Bachelor of Technology)",AIML,Artificial Intelligence / Machine Learning / Data Science,10,1,taxonomy alias row
CollegeFees,"B.Tech in Aviation Engineering (4 Years, Bachelor of Technology)","B.Tech in Aviation Engineering (4 Years, Bachelor of Technology)",AERO,Aerospace Engineering,9,1,taxonomy alias row
CollegeFees,"B.Tech in Civil Engineering (Rail Engineering) (4 Years, Bachelor of Technology)","B.Tech in Civil Engineering (Rail Engineering) (4 Years, Bachelor of Technology)",CIVILENG,Civil Engineering,10,1,taxonomy alias row
CollegeFees,"B.Tech in Electrical Engineering ( Rail Engineering) (4 Years, Bachelor of Technology)","B.Tech in Electrical Engineering ( Rail Engineering) (4 Years, Bachelor of Technology)",ELEC,Electrical / Electronics / Communications Engineering,9,1,taxonomy alias row
CollegeFees,"B.Tech in Electronics & Communication Engineering (Rail Engineering) (4 Years, Bachelor of Technology)","B.Tech in Electronics & Communication Engineering (Rail Engineering) (4 Years, Bachelor of Technology)",ELEC,Electrical / Electronics / Communications Engineering,8,1,taxonomy alias row
CollegeFees,"B.Tech in General Engineering (4 Years, Bachelor of Technology)","B.Tech in General Engineering (4 Years, Bachelor of Technology)",GENENG,General Engineering,9,1,taxonomy alias row
CollegeFees,"B.Tech in Materials Science and Engineering (4 Years, Bachelor of Technology)","B.Tech in Materials Science and Engineering (4 Years, Bachelor of Technology)",MEMS,Metallurgy Engineering And Material Science,9,1,taxonomy alias row
CollegeFees,"B.Tech in Mathematics and Computing (4 Years, Bachelor of Technology)","B.Tech in Mathematics and Computing (4 Years, Bachelor of Technology)",MNC,Mathematics And Computing,27,3,taxonomy alias row
CollegeFees,"B.Tech in Mechanical Engineering ( Rail Engineering) (4 Years, Bachelor of Technology)","B.Tech in Mechanical Engineering ( Rail Engineering) (4 Years, Bachelor of Technology)",MECHENG,Mechanical / Mechatronics Engineering ,9,1,taxonomy alias row
CollegeFees,"B.Tech in Mechanical Engineering and M.Tech in AI and Robotics (5 Years, B.Tech. + M.Tech./MS (Dual Degree))","B.Tech in Mechanical Engineering and M.Tech in AI and Robotics (5 Years, B.Tech. + M.Tech./MS (Dual Degree))",MECHENG,Mechanical / Mechatronics Engineering ,6,1,taxonomy alias row
CollegeFees,"B.Tech in Microelectronics & VLSI (4 Years, Bachelor of Technology)","B.Tech in Microelectronics & VLSI (4 Years, Bachelor of Technology)",ELEC,Electrical / Electronics / Communications Engineering,9,1,taxonomy alias row
CollegeFees,"B.Tech. in Electronics and Communication Engineering and M.Tech. in Communication Systems (5 Years, Bachelor and Master of Technology (Dual Degree))","B.Tech. in Electronics and Communication Engineering and M.Tech. in Communication Systems (5 Years, Bachelor and Master of Technology (Dual Degree))",ELEC,Electrical / Electronics / Communications Engineering,16,2,taxonomy alias row
CollegeFees,"B.Tech. in Electronics and Communication Engineering and M.Tech. in VLSI Design (5 Years, Bachelor and Master of Technology (Dual Degree))","B.Tech. in Electronics and Communication Engineering and M.Tech. in VLSI Design (5 Years, Bachelor and Master of Technology (Dual Degree))",ELEC,Electrical / Electronics / Communications Engineering,10,1,taxonomy alias row
CollegeFees,BIO- TECHNOLOGY,BIO- TECHNOLOGY,BIOTECH,Biotechnology,64,6,taxonomy alias row
CollegeFees,BIO-MEDICAL ENGINEERING,BIO-MEDICAL ENGINEERING,BIOMEDENG,Biomedical Engineering,4,1,taxonomy alias row
CollegeFees,"BS in Chemical Sciences (4 Years, Bachelor of Science)","BS in Chemical Sciences (4 Years, Bachelor of Science)",CHEMSCI,Chemical Science And Technology,8,1,taxonomy alias row
CollegeFees,"BS in Economics with MBA (IIM Bodh Gaya) (5 Years, Bachelor of Science and MBA (Dual Degree))","BS in Economics with MBA (IIM Bodh Gaya) (5 Years, Bachelor of Science and MBA (Dual Degree))",ECON,Economics,5,1,taxonomy alias row
CollegeFees,"BS in Mathematics (4 Years, Bachelor of Science)","BS in Mathematics (4 Years, Bachelor of Science)",MATH,Mathematics,10,1,taxonomy alias row
CollegeFees,"Bachelor of Design (4 Years, Bachelor of Design)","Bachelor of Design (4 Years, Bachelor of Design)",DESIGN,Design,3,1,taxonomy alias row
CollegeFees,"Bio Engineering (4 Years, Bachelor of Technology)","Bio Engineering (4 Years, Bachelor of Technology)",BIOENG,Biological Engineering,18,2,taxonomy alias row
CollegeFees,"Bio Medical Engineering (4 Years, Bachelor of Technology)","Bio Medical Engineering (4 Years, Bachelor of Technology)",BIOMEDENG,Biomedical Engineering,22,3,taxonomy alias row
CollegeFees,"Bio Technology (4 Years, Bachelor of Technology)","Bio Technology (4 Years, Bachelor of Technology)",BIOTECH,Biotechnology,97,10,taxonomy alias row
CollegeFees,"Biochemical Engineering with M.Tech. in Biochemical Engineering and Biotechnology (5 Years, Bachelor and Master of Technology (Dual Degree))","Biochemical Engineering with M.Tech. in Biochemical Engineering and Biotechnology (5 Years, Bachelor and Master of Technology (Dual Degree))",BIOCHEMENG,Biochemical Engineering,7,1,taxonomy alias row
CollegeFees,"Bioengineering with M.Tech in Biomedical Technology (5 Years, Bachelor and Master of Technology (Dual Degree))","Bioengineering with M.Tech in Biomedical Technology (5 Years, Bachelor and Master of Technology (Dual Degree))",BIOENG,Biological Engineering,8,1,taxonomy alias row
CollegeFees,"Biological Engineering (4 Years, Bachelor of Technology)","Biological Engineering (4 Years, Bachelor of Technology)",BIOENG,Biological Engineering,10,1,taxonomy alias row
CollegeFees,"Biological Science (4 Years, Bachelor of Science)","Biological Science (4 Years, Bachelor of Science)",BIOSCI,Biological Science And Engineering,10,1,taxonomy alias row
CollegeFees,"Biological Sciences and Bioengineering (4 Years, Bachelor of Technology)","Biological Sciences and Bioengineering (4 Years, Bachelor of Technology)",BIOENG,Biological Engineering,10,1,taxonomy alias row
CollegeFees,"Biomedical Engineering (4 Years, Bachelor of Technology)","Biomedical Engineering (4 Years, Bachelor of Technology)",BIOMEDENG,Biomedical Engineering,13,2,taxonomy alias row
CollegeFees,"Biosciences and Bioengineering (4 Years, Bachelor of Technology)","Biosciences and Bioengineering (4 Years, Bachelor of Technology)",BIOENG,Biological Engineering,20,2,taxonomy alias row
CollegeFees,"Biotechnology (5 Years, Bachelor and Master of Technology (Dual Degree))","Biotechnology (5 Years, Bachelor and Master of Technology (Dual Degree))",BIOTECH,Biotechnology,5,1,taxonomy alias row
CollegeFees,"Biotechnology and Biochemical Engineering (4 Years, Bachelor of Technology)","Biotechnology and Biochemical Engineering (4 Years, Bachelor of Technology)",BIOTECH,Biotechnology,32,3,taxonomy alias row
CollegeFees,"Biotechnology and Bioinformatics (4 Years, Bachelor of Technology)","Biotechnology and Bioinformatics (4 Years, Bachelor of Technology)",BIOTECH,Biotechnology,9,1,taxonomy alias row
CollegeFees,CHEMICAL ENGINEERING,CHEMICAL ENGINEERING,CHEMENG,Chemical Engineering,68,9,taxonomy alias row
CollegeFees,CIVIL ENGINEERING,CIVIL ENGINEERING,CIVILENG,Civil Engineering,169,22,taxonomy alias row
CollegeFees,COMPUTER SCIENCE AND BUSINESS SYSTEMS,COMPUTER SCIENCE AND BUSINESS SYSTEMS,CSIT,Computer Science / Information Technology,23,2,taxonomy alias row
CollegeFees,COMPUTER SCIENCE AND DESIGN,COMPUTER SCIENCE AND DESIGN,CSIT,Computer Science / Information Technology,25,2,taxonomy alias row
CollegeFees,COMPUTER SCIENCE AND ENGINEERING,COMPUTER SCIENCE AND ENGINEERING,CSIT,Computer Science / Information Technology,331,22,taxonomy alias row
CollegeFees,"CSE ( Data Science & Analytics) (4 Years, Bachelor of Technology)","CSE ( Data Science & Analytics) (4 Years, Bachelor of Technology)",CSIT,Computer Science / Information Technology,7,1,taxonomy alias row
CollegeFees,"Carpet and Textile Technology (4 Years, Bachelor of Technology)","Carpet and Textile Technology (4 Years, Bachelor of Technology)",TEXTILE,Textile Engineering,5,1,taxonomy alias row
CollegeFees,"Ceramic Engineering (4 Years, Bachelor of Technology)","Ceramic Engineering (4 Years, Bachelor of Technology)",CERAMIC,Ceramic Engineering,19,2,taxonomy alias row
CollegeFees,"Ceramic Engineering (5 Years, Bachelor and Master of Technology (Dual Degree))","Ceramic Engineering (5 Years, Bachelor and Master of Technology (Dual Degree))",CERAMIC,Ceramic Engineering,7,1,taxonomy alias row
CollegeFees,"Ceramic Engineering and M.Tech Industrial Ceramic (5 Years, Bachelor and Master of Technology (Dual Degree))","Ceramic Engineering and M.Tech Industrial Ceramic (5 Years, Bachelor and Master of Technology (Dual Degree))",CERAMIC,Ceramic Engineering,4,1,taxonomy alias row
CollegeFees,"Chemical Engineering (4 Years, Bachelor of Technology)","Chemical Engineering (4 Years, Bachelor of Technology)",CHEMENG,Chemical Engineering,398,38,taxonomy alias row
CollegeFees,"Chemical Engineering (5 Years, Bachelor and Master of Technology (Dual Degree))","Chemical Engineering (5 Years, Bachelor and Master of Technology (Dual Degree))",CHEMENG,Chemical Engineering,21,3,taxonomy alias row
CollegeFees,"Chemical Engineering (5 Years, Integrated Masters in Technology)","Chemical Engineering (5 Years, Integrated Masters in Technology)",CHEMENG,Chemical Engineering,6,1,taxonomy alias row
CollegeFees,"Chemical Science and Technology (4 Years, Bachelor of Technology)","Chemical Science and Technology (4 Years, Bachelor of Technology)",CHEMSCI,Chemical Science And Technology,20,2,taxonomy alias row
CollegeFees,"Chemical Sciences (5 Years, Bachelor of Science and Master of Science (Dual Degree))","Chemical Sciences (5 Years, Bachelor of Science and Master of Science (Dual Degree))",CHEMSCI,Chemical Science And Technology,9,1,taxonomy alias row
CollegeFees,"Chemical Technology (5 Years, Bachelor and Master of Technology (Dual Degree))","Chemical Technology (5 Years, Bachelor and Master of Technology (Dual Degree))",CHEMENG,Chemical Engineering,6,1,taxonomy alias row
CollegeFees,"Chemical and Biochemical Engineering (4 Years, Bachelor of Technology)","Chemical and Biochemical Engineering (4 Years, Bachelor of Technology)",CHEMENG,Chemical Engineering,8,1,taxonomy alias row
CollegeFees,"Chemistry (4 Years, Bachelor of Science)","Chemistry (4 Years, Bachelor of Science)",CHEM,Chemistry,31,3,taxonomy alias row
CollegeFees,"Chemistry (5 Years, Bachelor of Science and Master of Science (Dual Degree))","Chemistry (5 Years, Bachelor of Science and Master of Science (Dual Degree))",CHEM,Chemistry,5,1,taxonomy alias row
CollegeFees,"Chemistry (5 Years, Integrated Master of Science)","Chemistry (5 Years, Integrated Master of Science)",CHEM,Chemistry,34,5,taxonomy alias row
CollegeFees,"Chemistry with Specialization (4 Years, Bachelor of Science)","Chemistry with Specialization (4 Years, Bachelor of Science)",CHEM,Chemistry,8,1,taxonomy alias row
CollegeFees,"Civil Engineering (4 Years, Bachelor of Technology)","Civil Engineering (4 Years, Bachelor of Technology)",CIVILENG,Civil Engineering,615,64,taxonomy alias row
CollegeFees,"Civil Engineering (5 Years, Bachelor and Master of Technology (Dual Degree))","Civil Engineering (5 Years, Bachelor and Master of Technology (Dual Degree))",CIVILENG,Civil Engineering,14,2,taxonomy alias row
CollegeFees,"Civil Engineering with Specialization in Construction Technology and Management (5 Years, Bachelor and Master of Technology (Dual Degree))","Civil Engineering with Specialization in Construction Technology and Management (5 Years, Bachelor and Master of Technology (Dual Degree))",CIVILENG,Civil Engineering,4,1,taxonomy alias row
CollegeFees,"Civil and Environmental Engineering (4 Years, Bachelor of Technology)","Civil and Environmental Engineering (4 Years, Bachelor of Technology)",CIVILENG,Civil Engineering,5,1,taxonomy alias row
CollegeFees,"Civil and Infrastructure Engineering (4 Years, Bachelor of Technology)","Civil and Infrastructure Engineering (4 Years, Bachelor of Technology)",CIVILENG,Civil Engineering,18,2,taxonomy alias row
CollegeFees,"Computational Engineering (4 Years, Bachelor of Technology)","Computational Engineering (4 Years, Bachelor of Technology)",CSIT,Computer Science / Information Technology,10,1,taxonomy alias row
CollegeFees,"Computational Mathematics (5 Years, Bachelor and Master of Technology (Dual Degree))","Computational Mathematics (5 Years, Bachelor and Master of Technology (Dual Degree))",MNC,Mathematics And Computing,5,1,taxonomy alias row
CollegeFees,"Computational and Data Science (4 Years, Bachelor of Technology)","Computational and Data Science (4 Years, Bachelor of Technology)",AIML,Artificial Intelligence / Machine Learning / Data Science,10,1,taxonomy alias row
CollegeFees,"Computer Engineering (4 Years, Bachelor of Technology)","Computer Engineering (4 Years, Bachelor of Technology)",CSIT,Computer Science / Information Technology,26,4,taxonomy alias row
CollegeFees,"Computer Science (4 Years, Bachelor of Technology)","Computer Science (4 Years, Bachelor of Technology)",CSIT,Computer Science / Information Technology,11,1,taxonomy alias row
CollegeFees,"Computer Science Engineering (Artificial Intelligence) (4 Years, B. Tech / B. Tech (Hons.))","Computer Science Engineering (Artificial Intelligence) (4 Years, B. Tech / B. Tech (Hons.))",CSIT,Computer Science / Information Technology,10,2,taxonomy alias row
CollegeFees,"Computer Science Engineering (Artificial lntelligence and Machine Learning) (4 Years, Bachelor of Technology)","Computer Science Engineering (Artificial lntelligence and Machine Learning) (4 Years, Bachelor of Technology)",CSIT,Computer Science / Information Technology,12,2,taxonomy alias row
CollegeFees,"Computer Science Engineering (Data Science and Analytics) (4 Years, Bachelor of Technology)","Computer Science Engineering (Data Science and Analytics) (4 Years, Bachelor of Technology)",CSIT,Computer Science / Information Technology,7,1,taxonomy alias row
CollegeFees,"Computer Science Engineering (Data Science) (4 Years, B. Tech / B. Tech (Hons.))","Computer Science Engineering (Data Science) (4 Years, B. Tech / B. Tech (Hons.))",CSIT,Computer Science / Information Technology,11,2,taxonomy alias row
CollegeFees,"Computer Science Engineering (Human Computer lnteraction and Gaming Technology) (4 Years, Bachelor of Technology)","Computer Science Engineering (Human Computer lnteraction and Gaming Technology) (4 Years, Bachelor of Technology)",CSIT,Computer Science / Information Technology,7,1,taxonomy alias row
CollegeFees,"Computer Science and Artificial Intelligence (4 Years, Bachelor of Technology)","Computer Science and Artificial Intelligence (4 Years, Bachelor of Technology)",CSIT,Computer Science / Information Technology,13,1,taxonomy alias row
CollegeFees,"Computer Science and Business (4 Years, Bachelor of Technology)","Computer Science and Business (4 Years, Bachelor of Technology)",CSIT,Computer Science / Information Technology,13,1,taxonomy alias row
CollegeFees,"Computer Science and Engineering ( Artificial Intelligence & Data Science) (4 Years, Bachelor of Technology)","Computer Science and Engineering ( Artificial Intelligence & Data Science) (4 Years, Bachelor of Technology)",CSIT,Computer Science / Information Technology,13,1,taxonomy alias row
CollegeFees,"Computer Science and Engineering (4 Years, Bachelor of Technology)","Computer Science and Engineering (4 Years, Bachelor of Technology)",CSIT,Computer Science / Information Technology,1118,96,taxonomy alias row
CollegeFees,"Computer Science and Engineering (5 Years, Bachelor and Master of Technology (Dual Degree))","Computer Science and Engineering (5 Years, Bachelor and Master of Technology (Dual Degree))",CSIT,Computer Science / Information Technology,75,8,taxonomy alias row
CollegeFees,"Computer Science and Engineering (Artificial Intelligence) (4 Years, Bachelor of Technology)","Computer Science and Engineering (Artificial Intelligence) (4 Years, Bachelor of Technology)",CSIT,Computer Science / Information Technology,7,1,taxonomy alias row
CollegeFees,"Computer Science and Engineering (Cyber Physical System) (4 Years, Bachelor of Technology)","Computer Science and Engineering (Cyber Physical System) (4 Years, Bachelor of Technology)",CSIT,Computer Science / Information Technology,5,1,taxonomy alias row
CollegeFees,"Computer Science and Engineering (Cyber Security) (4 Years, Bachelor of Technology)","Computer Science and Engineering (Cyber Security) (4 Years, Bachelor of Technology)",CSIT,Computer Science / Information Technology,12,2,taxonomy alias row
CollegeFees,"Computer Science and Engineering (Data Science) (4 Years, Bachelor of Technology)","Computer Science and Engineering (Data Science) (4 Years, Bachelor of Technology)",CSIT,Computer Science / Information Technology,11,2,taxonomy alias row
CollegeFees,"Computer Science and Engineering (with Specialization of Data Science and Artificial Intelligence) (4 Years, B. Tech / B. Tech (Hons.))","Computer Science and Engineering (with Specialization of Data Science and Artificial Intelligence) (4 Years, B. Tech / B. Tech (Hons.))",CSIT,Computer Science / Information Technology,6,1,taxonomy alias row
CollegeFees,"Computer Science and Engineering with Major in Artificial Intelligence (4 Years, Bachelor of Technology)","Computer Science and Engineering with Major in Artificial Intelligence (4 Years, Bachelor of Technology)",CSIT,Computer Science / Information Technology,19,2,taxonomy alias row
CollegeFees,"Computer Science and Engineering with Specialization in Cyber Security (5 Years, Bachelor and Master of Technology (Dual Degree))","Computer Science and Engineering with Specialization in Cyber Security (5 Years, Bachelor and Master of Technology (Dual Degree))",CSIT,Computer Science / Information Technology,9,1,taxonomy alias row
CollegeFees,"Computer Science and Engineering with Specialization in Data Science (5 Years, Bachelor and Master of Technology (Dual Degree))","Computer Science and Engineering with Specialization in Data Science (5 Years, Bachelor and Master of Technology (Dual Degree))",CSIT,Computer Science / Information Technology,10,1,taxonomy alias row
CollegeFees,"Computer Science and Engineering with specialization in Artificial Intelligence and Data Science (4 Years, Bachelor of Technology)","Computer Science and Engineering with specialization in Artificial Intelligence and Data Science (4 Years, Bachelor of Technology)",CSIT,Computer Science / Information Technology,17,2,taxonomy alias row
CollegeFees,"Computer Science and Engineering with specialization in Cyber Security (4 Years, Bachelor of Technology)","Computer Science and Engineering with specialization in Cyber Security (4 Years, Bachelor of Technology)",CSIT,Computer Science / Information Technology,18,2,taxonomy alias row
CollegeFees,"Dairy Engineering (4 Years, Bachelor of Technology)","Dairy Engineering (4 Years, Bachelor of Technology)",DAIRYENG,Dairy Engineering,5,1,taxonomy alias row
CollegeFees,"Data Science and Artificial Intelligence (4 Years, Bachelor of Technology)","Data Science and Artificial Intelligence (4 Years, Bachelor of Technology)",AIML,Artificial Intelligence / Machine Learning / Data Science,50,5,taxonomy alias row
CollegeFees,"Data Science and Engineering (4 Years, Bachelor of Technology)","Data Science and Engineering (4 Years, Bachelor of Technology)",AIML,Artificial Intelligence / Machine Learning / Data Science,32,3,taxonomy alias row
CollegeFees,"Earth Sciences (4 Years, Bachelor of Science)","Earth Sciences (4 Years, Bachelor of Science)",EARTHSCI,Earth Science And Engineering,10,1,taxonomy alias row
CollegeFees,"Economics (4 Years, Bachelor of Science)","Economics (4 Years, Bachelor of Science)",ECON,Economics,41,4,taxonomy alias row
CollegeFees,"Economics (5 Years, Bachelor of Science and Master of Science (Dual Degree))","Economics (5 Years, Bachelor of Science and Master of Science (Dual Degree))",ECON,Economics,9,1,taxonomy alias row
CollegeFees,"Electrical Engineering (4 Years, Bachelor of Technology)","Electrical Engineering (4 Years, Bachelor of Technology)",ELEC,Electrical / Electronics / Communications Engineering,504,50,taxonomy alias row
CollegeFees,"Electrical Engineering (5 Years, Bachelor and Master of Technology (Dual Degree))","Electrical Engineering (5 Years, Bachelor and Master of Technology (Dual Degree))",ELEC,Electrical / Electronics / Communications Engineering,28,3,taxonomy alias row
CollegeFees,"Electrical Engineering (IC Design and Technology) (4 Years, Bachelor of Technology)","Electrical Engineering (IC Design and Technology) (4 Years, Bachelor of Technology)",ELEC,Electrical / Electronics / Communications Engineering,9,1,taxonomy alias row
CollegeFees,"Electrical Engineering (Power and Automation) (4 Years, Bachelor of Technology)","Electrical Engineering (Power and Automation) (4 Years, Bachelor of Technology)",ELEC,Electrical / Electronics / Communications Engineering,13,1,taxonomy alias row
CollegeFees,"Electrical Engineering with M.Tech. in Power Electronics (5 Years, Bachelor and Master of Technology (Dual Degree))","Electrical Engineering with M.Tech. in Power Electronics (5 Years, Bachelor and Master of Technology (Dual Degree))",ELEC,Electrical / Electronics / Communications Engineering,10,1,taxonomy alias row
CollegeFees,"Electrical Engineering with Specialization In Power System Engineering (5 Years, Bachelor and Master of Technology (Dual Degree))","Electrical Engineering with Specialization In Power System Engineering (5 Years, Bachelor and Master of Technology (Dual Degree))",ELEC,Electrical / Electronics / Communications Engineering,10,1,taxonomy alias row
CollegeFees,"Electrical and Electronics Engineering (4 Years, Bachelor of Technology)","Electrical and Electronics Engineering (4 Years, Bachelor of Technology)",ELEC,Electrical / Electronics / Communications Engineering,195,19,taxonomy alias row
CollegeFees,"Electronic Engineering (4 Years, Bachelor of Technology)","Electronic Engineering (4 Years, Bachelor of Technology)",ELEC,Electrical / Electronics / Communications Engineering,6,1,taxonomy alias row
CollegeFees,"Electronics Engineering (4 Years, Bachelor of Technology)","Electronics Engineering (4 Years, Bachelor of Technology)",ELEC,Electrical / Electronics / Communications Engineering,13,1,taxonomy alias row
CollegeFees,"Electronics Engineering (VLSI Design and Technology) (4 Years, Bachelor of Technology)","Electronics Engineering (VLSI Design and Technology) (4 Years, Bachelor of Technology)",ELEC,Electrical / Electronics / Communications Engineering,4,1,taxonomy alias row
CollegeFees,"Electronics and Communication Engineering (4 Years, Bachelor of Technology)","Electronics and Communication Engineering (4 Years, Bachelor of Technology)",ELEC,Electrical / Electronics / Communications Engineering,752,75,taxonomy alias row
CollegeFees,"Electronics and Communication Engineering (5 Years, Bachelor and Master of Technology (Dual Degree))","Electronics and Communication Engineering (5 Years, Bachelor and Master of Technology (Dual Degree))",ELEC,Electrical / Electronics / Communications Engineering,20,3,taxonomy alias row
CollegeFees,"Electronics and Communication Engineering (Avionics) (4 Years, Bachelor of Technology)","Electronics and Communication Engineering (Avionics) (4 Years, Bachelor of Technology)",ELEC,Electrical / Electronics / Communications Engineering,5,1,taxonomy alias row
CollegeFees,"Electronics and Communication Engineering (Internet of Things) (4 Years, Bachelor of Technology)","Electronics and Communication Engineering (Internet of Things) (4 Years, Bachelor of Technology)",ELEC,Electrical / Electronics / Communications Engineering,7,1,taxonomy alias row
CollegeFees,"Electronics and Communication Engineering (VLSI Design and Technology) (4 Years, Bachelor of Technology)","Electronics and Communication Engineering (VLSI Design and Technology) (4 Years, Bachelor of Technology)",ELEC,Electrical / Electronics / Communications Engineering,12,1,taxonomy alias row
CollegeFees,"Electronics and Communication Engineering (with Specialization of Embedded Systems and Internet of Things) (4 Years, B. Tech / B. Tech (Hons.))","Electronics and Communication Engineering (with Specialization of Embedded Systems and Internet of Things) (4 Years, B. Tech / B. Tech (Hons.))",ELEC,Electrical / Electronics / Communications Engineering,7,1,taxonomy alias row
CollegeFees,"Electronics and Communication Engineering with Specialization in Microelectronics and VLSI System Design (5 Years, Bachelor and Master of Technology (Dual Degree))","Electronics and Communication Engineering with Specialization in Microelectronics and VLSI System Design (5 Years, Bachelor and Master of Technology (Dual Degree))",ELEC,Electrical / Electronics / Communications Engineering,8,1,taxonomy alias row
CollegeFees,"Electronics and Communication Engineering with specialization in Design and Manufacturing (4 Years, Bachelor of Technology)","Electronics and Communication Engineering with specialization in Design and Manufacturing (4 Years, Bachelor of Technology)",ELEC,Electrical / Electronics / Communications Engineering,10,1,taxonomy alias row
CollegeFees,"Electronics and Communication Engineering with specialization in VLSI and Embedded Systems (4 Years, Bachelor of Technology)","Electronics and Communication Engineering with specialization in VLSI and Embedded Systems (4 Years, Bachelor of Technology)",ELEC,Electrical / Electronics / Communications Engineering,5,1,taxonomy alias row
CollegeFees,"Electronics and Electrical Communication Engineering (4 Years, Bachelor of Technology)","Electronics and Electrical Communication Engineering (4 Years, Bachelor of Technology)",ELEC,Electrical / Electronics / Communications Engineering,15,1,taxonomy alias row
CollegeFees,"Electronics and Electrical Engineering (4 Years, Bachelor of Technology)","Electronics and Electrical Engineering (4 Years, Bachelor of Technology)",ELEC,Electrical / Electronics / Communications Engineering,12,1,taxonomy alias row
CollegeFees,"Electronics and Instrumentation Engineering (4 Years, Bachelor of Technology)","Electronics and Instrumentation Engineering (4 Years, Bachelor of Technology)",ELEC,Electrical / Electronics / Communications Engineering,46,5,taxonomy alias row
CollegeFees,"Electronics and Telecommunication Engineering (4 Years, Bachelor of Technology)","Electronics and Telecommunication Engineering (4 Years, Bachelor of Technology)",ELEC,Electrical / Electronics / Communications Engineering,18,2,taxonomy alias row
CollegeFees,"Electronics and VLSI Engineering (4 Years, Bachelor of Technology)","Electronics and VLSI Engineering (4 Years, Bachelor of Technology)",ELEC,Electrical / Electronics / Communications Engineering,20,2,taxonomy alias row
CollegeFees,"Energy Engineering (4 Years, Bachelor of Technology)","Energy Engineering (4 Years, Bachelor of Technology)",ENERGYENG,Energy Engineering,45,5,taxonomy alias row
CollegeFees,"Engineering Design (5 Years, Bachelor and Master of Technology (Dual Degree))","Engineering Design (5 Years, Bachelor and Master of Technology (Dual Degree))",ENGDES,Engineering Design,11,1,taxonomy alias row
CollegeFees,"Engineering Physics (4 Years, Bachelor of Technology)","Engineering Physics (4 Years, Bachelor of Technology)",ENGPHY,Engineering Physics,163,17,taxonomy alias row
CollegeFees,"Engineering Physics (5 Years, Bachelor and Master of Technology (Dual Degree))","Engineering Physics (5 Years, Bachelor and Master of Technology (Dual Degree))",ENGPHY,Engineering Physics,14,2,taxonomy alias row
CollegeFees,"Engineering Science (4 Years, Bachelor of Technology)","Engineering Science (4 Years, Bachelor of Technology)",ENGSCI,Engineering Science,10,1,taxonomy alias row
CollegeFees,"Engineering and Computational Mechanics (4 Years, Bachelor of Technology)","Engineering and Computational Mechanics (4 Years, Bachelor of Technology)",MECHENG,Mechanical / Mechatronics Engineering ,21,2,taxonomy alias row
CollegeFees,"Environmental Engineering (4 Years, Bachelor of Technology)","Environmental Engineering (4 Years, Bachelor of Technology)",ENVENG,Environmental Engineering,10,1,taxonomy alias row
CollegeFees,"Environmental Science and Engineering (4 Years, Bachelor of Technology)","Environmental Science and Engineering (4 Years, Bachelor of Technology)",ENVENG,Environmental Engineering,11,1,taxonomy alias row
CollegeFees,"Exploration Geophysics (4 Years, Bachelor of Science)","Exploration Geophysics (4 Years, Bachelor of Science)",GEO,Geology / Geophysics / Geological Technology,10,1,taxonomy alias row
CollegeFees,"Fashion and Apparel Engineering (4 Years, Bachelor of Technology)","Fashion and Apparel Engineering (4 Years, Bachelor of Technology)",TEXTILE,Textile Engineering,5,1,taxonomy alias row
CollegeFees,"Food Engineering and Technology (4 Years, Bachelor of Technology)","Food Engineering and Technology (4 Years, Bachelor of Technology)",FOODENG,Food Engineering,21,4,taxonomy alias row
CollegeFees,"Food Process Engineering (4 Years, Bachelor of Technology)","Food Process Engineering (4 Years, Bachelor of Technology)",FOODENG,Food Engineering,8,1,taxonomy alias row
CollegeFees,"Food Technology (4 Years, Bachelor of Technology)","Food Technology (4 Years, Bachelor of Technology)",FOODENG,Food Engineering,17,3,taxonomy alias row
CollegeFees,"Food Technology and Management (4 Years, Bachelor of Technology)","Food Technology and Management (4 Years, Bachelor of Technology)",FOODENG,Food Engineering,6,1,taxonomy alias row
CollegeFees,"Geological Technology (5 Years, Integrated Master of Technology)","Geological Technology (5 Years, Integrated Master of Technology)",GEO,Geology / Geophysics / Geological Technology,10,1,taxonomy alias row
CollegeFees,"Geophysical Technology (5 Years, Integrated Master of Technology)","Geophysical Technology (5 Years, Integrated Master of Technology)",GEO,Geology / Geophysics / Geological Technology,10,1,taxonomy alias row
CollegeFees,"Handloom and Textile Technology (4 Years, Bachelor of Technology)","Handloom and Textile Technology (4 Years, Bachelor of Technology)",TEXTILE,Textile Engineering,10,2,taxonomy alias row
CollegeFees,INDUSTRIAL DESIGN,INDUSTRIAL DESIGN,INDENG,Industrial / Manufacturing / Production Engineering,1,1,taxonomy alias row
CollegeFees,INDUSTRIAL IOT,INDUSTRIAL IOT,INDENG,Industrial / Manufacturing / Production Engineering,1,1,taxonomy alias row
CollegeFees,"Industrial Chemistry (4 Years, Bachelor of Technology)","Industrial Chemistry (4 Years, Bachelor of Technology)",INDCHEM,Industrial Chemistry,18,2,taxonomy alias row
CollegeFees,"Industrial Chemistry (5 Years, Bachelor and Master of Technology (Dual Degree))","Industrial Chemistry (5 Years, Bachelor and Master of Technology (Dual Degree))",INDCHEM,Industrial Chemistry,8,1,taxonomy alias row
CollegeFees,"Industrial Design (4 Years, Bachelor of Technology)","Industrial Design (4 Years, Bachelor of Technology)",INDENG,Industrial / Manufacturing / Production Engineering,7,1,taxonomy alias row
CollegeFees,"Industrial Engineering and Operations Research (4 Years, Bachelor of Technology)","Industrial Engineering and Operations Research (4 Years, Bachelor of Technology)",INDENG,Industrial / Manufacturing / Production Engineering,11,1,taxonomy alias row
CollegeFees,"Industrial Internet of Things (4 Years, Bachelor of Technology)","Industrial Internet of Things (4 Years, Bachelor of Technology)",INDENG,Industrial / Manufacturing / Production Engineering,12,1,taxonomy alias row
CollegeFees,"Industrial and Production Engineering (4 Years, Bachelor of Technology)","Industrial and Production Engineering (4 Years, Bachelor of Technology)",INDENG,Industrial / Manufacturing / Production Engineering,16,2,taxonomy alias row
CollegeFees,"Industrial and Systems Engineering (4 Years, Bachelor of Technology)","Industrial and Systems Engineering (4 Years, Bachelor of Technology)",INDENG,Industrial / Manufacturing / Production Engineering,11,1,taxonomy alias row
CollegeFees,"Information Technology (4 Years, Bachelor of Technology)","Information Technology (4 Years, Bachelor of Technology)",CSIT,Computer Science / Information Technology,159,17,taxonomy alias row
CollegeFees,"Information Technology-Business Informatics (4 Years, Bachelor of Technology)","Information Technology-Business Informatics (4 Years, Bachelor of Technology)",CSIT,Computer Science / Information Technology,12,1,taxonomy alias row
CollegeFees,"Instrumentation Engineering (4 Years, Bachelor of Technology)","Instrumentation Engineering (4 Years, Bachelor of Technology)",INSTRENG,Instrumentation Engineering,14,2,taxonomy alias row
CollegeFees,"Instrumentation and Control Engineering (4 Years, Bachelor of Technology)","Instrumentation and Control Engineering (4 Years, Bachelor of Technology)",INSTRENG,Instrumentation Engineering,30,3,taxonomy alias row
CollegeFees,"Integrated B. Tech. - M. Tech in Civil Engineering (5 Years, Integrated B. Tech. and M. Tech.)","Integrated B. Tech. - M. Tech in Civil Engineering (5 Years, Integrated B. Tech. and M. Tech.)",CIVILENG,Civil Engineering,5,1,taxonomy alias row
CollegeFees,"Integrated B. Tech. - M. Tech in Computer Science & Engineering (5 Years, Integrated B. Tech. and M. Tech.)","Integrated B. Tech. - M. Tech in Computer Science & Engineering (5 Years, Integrated B. Tech. and M. Tech.)",CSIT,Computer Science / Information Technology,5,1,taxonomy alias row
CollegeFees,"Integrated B. Tech. - M. Tech in Electrical Engineering (5 Years, Integrated B. Tech. and M. Tech.)","Integrated B. Tech. - M. Tech in Electrical Engineering (5 Years, Integrated B. Tech. and M. Tech.)",ELEC,Electrical / Electronics / Communications Engineering,6,1,taxonomy alias row
CollegeFees,"Integrated B. Tech.(IT) and M. Tech (IT) (5 Years, Integrated B. Tech. and M. Tech.)","Integrated B. Tech.(IT) and M. Tech (IT) (5 Years, Integrated B. Tech. and M. Tech.)",CSIT,Computer Science / Information Technology,13,1,taxonomy alias row
CollegeFees,"Integrated B. Tech.(IT) and MBA (5 Years, Integrated B. Tech. and MBA)","Integrated B. Tech.(IT) and MBA (5 Years, Integrated B. Tech. and MBA)",CSIT,Computer Science / Information Technology,13,1,taxonomy alias row
CollegeFees,"Integrated B. Tech.- M. Tech in Metallurgical & Materials Engineering (5 Years, Integrated B. Tech. and M. Tech.)","Integrated B. Tech.- M. Tech in Metallurgical & Materials Engineering (5 Years, Integrated B. Tech. and M. Tech.)",MEMS,Metallurgy Engineering And Material Science,5,1,taxonomy alias row
CollegeFees,"Integrated Circuit Design & Technology (4 Years, Bachelor of Technology)","Integrated Circuit Design & Technology (4 Years, Bachelor of Technology)",ELEC,Electrical / Electronics / Communications Engineering,9,1,taxonomy alias row
CollegeFees,"Interdisciplinary Sciences (5 Years, Bachelor of Science and Master of Science (Dual Degree))","Interdisciplinary Sciences (5 Years, Bachelor of Science and Master of Science (Dual Degree))",GENSCI,Science,9,1,taxonomy alias row
CollegeFees,"Life Science (5 Years, Integrated Master of Science)","Life Science (5 Years, Integrated Master of Science)",LIFESCI,Life Science,7,1,taxonomy alias row
CollegeFees,MECHANICAL ENGINEERING,MECHANICAL ENGINEERING,MECHENG,Mechanical / Mechatronics Engineering ,196,22,taxonomy alias row
CollegeFees,"Manufacturing Science and Engineering (4 Years, Bachelor of Technology)","Manufacturing Science and Engineering (4 Years, Bachelor of Technology)",INDENG,Industrial / Manufacturing / Production Engineering,10,1,taxonomy alias row
CollegeFees,"Material Science and Engineering (5 Years, Bachelor and Master of Technology (Dual Degree))","Material Science and Engineering (5 Years, Bachelor and Master of Technology (Dual Degree))",MEMS,Metallurgy Engineering And Material Science,6,1,taxonomy alias row
CollegeFees,"Materials Engineering (4 Years, Bachelor of Technology)","Materials Engineering (4 Years, Bachelor of Technology)",MEMS,Metallurgy Engineering And Material Science,49,5,taxonomy alias row
CollegeFees,"Materials Engineering (5 Years, Integrated Master of Technology)","Materials Engineering (5 Years, Integrated Master of Technology)",MEMS,Metallurgy Engineering And Material Science,7,1,taxonomy alias row
CollegeFees,"Materials Science and Engineering (4 Years, Bachelor of Technology)","Materials Science and Engineering (4 Years, Bachelor of Technology)",MEMS,Metallurgy Engineering And Material Science,31,3,taxonomy alias row
CollegeFees,"Materials Science and Metallurgical Engineering (4 Years, Bachelor of Technology)","Materials Science and Metallurgical Engineering (4 Years, Bachelor of Technology)",MEMS,Metallurgy Engineering And Material Science,28,3,taxonomy alias row
CollegeFees,"Materials Science and Technology (5 Years, Bachelor and Master of Technology (Dual Degree))","Materials Science and Technology (5 Years, Bachelor and Master of Technology (Dual Degree))",MEMS,Metallurgy Engineering And Material Science,8,1,taxonomy alias row
CollegeFees,"Mathematics & Computing (5 Years, Bachelor of Science and Master of Science (Dual Degree))","Mathematics & Computing (5 Years, Bachelor of Science and Master of Science (Dual Degree))",MNC,Mathematics And Computing,18,2,taxonomy alias row
CollegeFees,"Mathematics (5 Years, Integrated Master of Science)","Mathematics (5 Years, Integrated Master of Science)",MATH,Mathematics,26,4,taxonomy alias row
CollegeFees,"Mathematics and Computing (4 Years, Bachelor of Science)","Mathematics and Computing (4 Years, Bachelor of Science)",MNC,Mathematics And Computing,12,1,taxonomy alias row
CollegeFees,"Mathematics and Computing (4 Years, Bachelor of Technology)","Mathematics and Computing (4 Years, Bachelor of Technology)",MNC,Mathematics And Computing,186,19,taxonomy alias row
CollegeFees,"Mathematics and Computing (5 Years, Bachelor and Master of Technology (Dual Degree))","Mathematics and Computing (5 Years, Bachelor and Master of Technology (Dual Degree))",MNC,Mathematics And Computing,21,2,taxonomy alias row
CollegeFees,"Mathematics and Computing (5 Years, Integrated Master of Science)","Mathematics and Computing (5 Years, Integrated Master of Science)",MNC,Mathematics And Computing,6,1,taxonomy alias row
CollegeFees,"Mathematics and Computing Technology (5 Years, Bachelor and Master of Technology (Dual Degree))","Mathematics and Computing Technology (5 Years, Bachelor and Master of Technology (Dual Degree))",MNC,Mathematics And Computing,5,1,taxonomy alias row
CollegeFees,"Mathematics and Data Science (5 Years, Bachelor and Master of Technology (Dual Degree))","Mathematics and Data Science (5 Years, Bachelor and Master of Technology (Dual Degree))",AIML,Artificial Intelligence / Machine Learning / Data Science,9,1,taxonomy alias row
CollegeFees,"Mathematics and Scientific Computing (4 Years, Bachelor of Science)","Mathematics and Scientific Computing (4 Years, Bachelor of Science)",MNC,Mathematics And Computing,13,1,taxonomy alias row
CollegeFees,"Mathematics and Scientific Computing (4 Years, Bachelor of Technology)","Mathematics and Scientific Computing (4 Years, Bachelor of Technology)",MNC,Mathematics And Computing,9,1,taxonomy alias row
CollegeFees,"Mechanical Engineering (4 Years, Bachelor of Technology)","Mechanical Engineering (4 Years, Bachelor of Technology)",MECHENG,Mechanical / Mechatronics Engineering ,687,68,taxonomy alias row
CollegeFees,"Mechanical Engineering (5 Years, Bachelor and Master of Technology (Dual Degree))","Mechanical Engineering (5 Years, Bachelor and Master of Technology (Dual Degree))",MECHENG,Mechanical / Mechatronics Engineering ,29,4,taxonomy alias row
CollegeFees,"Mechanical Engineering with Specialization in Manufacturing and Industrial Engineering (5 Years, Bachelor and Master of Technology (Dual Degree))","Mechanical Engineering with Specialization in Manufacturing and Industrial Engineering (5 Years, Bachelor and Master of Technology (Dual Degree))",MECHENG,Mechanical / Mechatronics Engineering ,9,1,taxonomy alias row
CollegeFees,"Mechanical Engineering with specialization in Design and Manufacturing (4 Years, Bachelor of Technology)","Mechanical Engineering with specialization in Design and Manufacturing (4 Years, Bachelor of Technology)",MECHENG,Mechanical / Mechatronics Engineering ,10,1,taxonomy alias row
CollegeFees,"Mechatronics Engineering (4 Years, Bachelor of Technology)","Mechatronics Engineering (4 Years, Bachelor of Technology)",MECHENG,Mechanical / Mechatronics Engineering ,14,2,taxonomy alias row
CollegeFees,"Mechatronics and Automation Engineering (4 Years, Bachelor of Technology)","Mechatronics and Automation Engineering (4 Years, Bachelor of Technology)",MECHENG,Mechanical / Mechatronics Engineering ,17,2,taxonomy alias row
CollegeFees,"Metallurgical Engineering (4 Years, Bachelor of Technology)","Metallurgical Engineering (4 Years, Bachelor of Technology)",MEMS,Metallurgy Engineering And Material Science,10,1,taxonomy alias row
CollegeFees,"Metallurgical Engineering (5 Years, Bachelor and Master of Technology (Dual Degree))","Metallurgical Engineering (5 Years, Bachelor and Master of Technology (Dual Degree))",MEMS,Metallurgy Engineering And Material Science,9,1,taxonomy alias row
CollegeFees,"Metallurgical Engineering and Materials Science (4 Years, Bachelor of Technology)","Metallurgical Engineering and Materials Science (4 Years, Bachelor of Technology)",MEMS,Metallurgy Engineering And Material Science,21,2,taxonomy alias row
CollegeFees,"Metallurgical and Materials Engineering (4 Years, Bachelor of Technology)","Metallurgical and Materials Engineering (4 Years, Bachelor of Technology)",MEMS,Metallurgy Engineering And Material Science,181,17,taxonomy alias row
CollegeFees,"Metallurgical and Materials Engineering (5 Years, Bachelor and Master of Technology (Dual Degree))","Metallurgical and Materials Engineering (5 Years, Bachelor and Master of Technology (Dual Degree))",MEMS,Metallurgy Engineering And Material Science,5,1,taxonomy alias row
CollegeFees,"Metallurgy and Materials Engineering (4 Years, Bachelor of Technology)","Metallurgy and Materials Engineering (4 Years, Bachelor of Technology)",MEMS,Metallurgy Engineering And Material Science,21,2,taxonomy alias row
CollegeFees,"Microelectronics & VLSI Engineering (4 Years, Bachelor of Technology)","Microelectronics & VLSI Engineering (4 Years, Bachelor of Technology)",ELEC,Electrical / Electronics / Communications Engineering,10,1,taxonomy alias row
CollegeFees,"Mineral and Metallurgical Engineering (4 Years, Bachelor of Technology)","Mineral and Metallurgical Engineering (4 Years, Bachelor of Technology)",MEMS,Metallurgy Engineering And Material Science,9,1,taxonomy alias row
CollegeFees,"Mining Engineering (4 Years, Bachelor of Technology)","Mining Engineering (4 Years, Bachelor of Technology)",MININGENG,Mining Engineering,77,8,taxonomy alias row
CollegeFees,"Mining Engineering (5 Years, Bachelor and Master of Technology (Dual Degree))","Mining Engineering (5 Years, Bachelor and Master of Technology (Dual Degree))",MININGENG,Mining Engineering,14,2,taxonomy alias row
CollegeFees,"Mining Machinery Engineering (4 Years, Bachelor of Technology)","Mining Machinery Engineering (4 Years, Bachelor of Technology)",MININGENG,Mining Engineering,9,1,taxonomy alias row
CollegeFees,"Naval Architecture and Ocean Engineering (4 Years, Bachelor of Technology)","Naval Architecture and Ocean Engineering (4 Years, Bachelor of Technology)",MARINE,Marine / Ocean Engineering,12,1,taxonomy alias row
CollegeFees,"Ocean Engineering and Naval Architecture (4 Years, Bachelor of Technology)","Ocean Engineering and Naval Architecture (4 Years, Bachelor of Technology)",MARINE,Marine / Ocean Engineering,10,1,taxonomy alias row
CollegeFees,"Petroleum Engineering (4 Years, Bachelor of Technology)","Petroleum Engineering (4 Years, Bachelor of Technology)",PETROLENG,Petroleum Engineering,11,1,taxonomy alias row
CollegeFees,"Pharmaceutical Engineering & Technology (4 Years, Bachelor of Technology)","Pharmaceutical Engineering & Technology (4 Years, Bachelor of Technology)",PHARMAENG,Pharmaceutical Engineering,10,1,taxonomy alias row
CollegeFees,"Pharmaceutical Engineering & Technology (5 Years, Bachelor and Master of Technology (Dual Degree))","Pharmaceutical Engineering & Technology (5 Years, Bachelor and Master of Technology (Dual Degree))",PHARMAENG,Pharmaceutical Engineering,7,1,taxonomy alias row
CollegeFees,"Physics (4 Years, Bachelor of Science)","Physics (4 Years, Bachelor of Science)",PHYSICS,Physics,21,2,taxonomy alias row
CollegeFees,"Physics (5 Years, Bachelor of Science and Master of Science (Dual Degree))","Physics (5 Years, Bachelor of Science and Master of Science (Dual Degree))",PHYSICS,Physics,21,3,taxonomy alias row
CollegeFees,"Physics (5 Years, Integrated Master of Science)","Physics (5 Years, Integrated Master of Science)",PHYSICS,Physics,32,5,taxonomy alias row
CollegeFees,"Physics with Specialization (4 Years, Bachelor of Science)","Physics with Specialization (4 Years, Bachelor of Science)",PHYSICS,Physics,8,1,taxonomy alias row
CollegeFees,"Planning (4 Years, Bachelor of Planning)","Planning (4 Years, Bachelor of Planning)",PLAN,Planning,8,1,taxonomy alias row
CollegeFees,"Printing and Packaging Technology (4 Years, Bachelor of Technology)","Printing and Packaging Technology (4 Years, Bachelor of Technology)",PRINTENG,Printing Engineering,5,1,taxonomy alias row
CollegeFees,"Production Engineering (4 Years, Bachelor of Technology)","Production Engineering (4 Years, Bachelor of Technology)",INDENG,Industrial / Manufacturing / Production Engineering,37,3,taxonomy alias row
CollegeFees,"Production and Industrial Engineering (4 Years, Bachelor of Technology)","Production and Industrial Engineering (4 Years, Bachelor of Technology)",INDENG,Industrial / Manufacturing / Production Engineering,63,7,taxonomy alias row
CollegeFees,"Quantitative Economics & Data Science (5 Years, Integrated Master of Science)","Quantitative Economics & Data Science (5 Years, Integrated Master of Science)",ECON,Economics,6,1,taxonomy alias row
CollegeFees,"ROBOTICS & AUTOMATION (4 Years, Bachelor of Technology)","ROBOTICS & AUTOMATION (4 Years, Bachelor of Technology)",ROBOENG,Robotics Engineering,11,1,taxonomy alias row
CollegeFees,ROBOTICS AND ARTIFICIAL INTELLIGENCE,ROBOTICS AND ARTIFICIAL INTELLIGENCE,AIML,Artificial Intelligence / Machine Learning / Data Science,45,5,taxonomy alias row
CollegeFees,"SUSTAINABLE ENERGY TECHNOLOGIES (4 Years, Bachelor of Technology)","SUSTAINABLE ENERGY TECHNOLOGIES (4 Years, Bachelor of Technology)",ENERGYENG,Energy Engineering,10,1,taxonomy alias row
CollegeFees,"Smart Manufacturing (4 Years, Bachelor of Technology)","Smart Manufacturing (4 Years, Bachelor of Technology)",INDENG,Industrial / Manufacturing / Production Engineering,23,2,taxonomy alias row
CollegeFees,"Space Sciences and Engineering (4 Years, Bachelor of Technology)","Space Sciences and Engineering (4 Years, Bachelor of Technology)",SPACEENG,Space Engineering,8,1,taxonomy alias row
CollegeFees,"Statistics and Data Science (4 Years, Bachelor of Science)","Statistics and Data Science (4 Years, Bachelor of Science)",AIML,Artificial Intelligence / Machine Learning / Data Science,10,1,taxonomy alias row
CollegeFees,"Textile Technology (4 Years, Bachelor of Technology)","Textile Technology (4 Years, Bachelor of Technology)",TEXTILE,Textile Engineering,20,2,taxonomy alias row
CollegeFees,"VLSI Design and Technology (4 Years, Bachelor of Technology)","VLSI Design and Technology (4 Years, Bachelor of Technology)",ELEC,Electrical / Electronics / Communications Engineering,10,1,taxonomy alias row
GUJCET,AERONAUTICAL ENGINEERING,AERONAUTICAL ENGINEERING,AERO,Aerospace Engineering,7,5,taxonomy alias row
GUJCET,AGRICULTURAL ENGINEERING,AGRICULTURAL ENGINEERING,AGRIENG,Agricultural Engineering,3,2,taxonomy alias row
GUJCET,ARTIFICIAL INTELLIGENCE AND DATA SCIENCE,ARTIFICIAL INTELLIGENCE AND DATA SCIENCE,AIML,Artificial Intelligence / Machine Learning / Data Science,37,15,taxonomy alias row
GUJCET,AUTOMOBILE ENGINEERING,AUTOMOBILE ENGINEERING,AUTOENG,Automobile Engineering,13,8,taxonomy alias row
GUJCET,BIOINFORMATICS,BIOINFORMATICS,BIOTECH,Biotechnology,2,1,taxonomy alias row
GUJCET,BIOMEDICAL ENGINEERING,BIOMEDICAL ENGINEERING,BIOMEDENG,Biomedical Engineering,7,2,taxonomy alias row
GUJCET,BIOTECHNOLOGY,BIOTECHNOLOGY,BIOTECH,Biotechnology,21,8,taxonomy alias row
GUJCET,CHEMICAL ENGINEERING,CHEMICAL ENGINEERING,CHEMENG,Chemical Engineering,106,32,taxonomy alias row
GUJCET,CIVIL ENGINEERING,CIVIL ENGINEERING,CIVILENG,Civil Engineering,161,69,taxonomy alias row
GUJCET,COMPUTER ENGINEERING,COMPUTER ENGINEERING,CSIT,Computer Science / Information Technology,265,87,taxonomy alias row
GUJCET,COMPUTER ENGINEERING (SOFTWARE ENGINEERING),COMPUTER ENGINEERING (SOFTWARE ENGINEERING),CSIT,Computer Science / Information Technology,2,1,taxonomy alias row
GUJCET,COMPUTER SCIENCE & INFORMATION TECHNOLOGY,COMPUTER SCIENCE & INFORMATION TECHNOLOGY,CSIT,Computer Science / Information Technology,7,2,taxonomy alias row
GUJCET,CYBER SECURITY,CYBER SECURITY,CYBERSEC,Cyber Security,7,5,taxonomy alias row
GUJCET,ELECTRICAL AND ELECTRONICS ENGINEERING,ELECTRICAL AND ELECTRONICS ENGINEERING,ELEC,Electrical / Electronics / Communications Engineering,7,2,taxonomy alias row
GUJCET,ELECTRICAL ENGINEERING,ELECTRICAL ENGINEERING,ELEC,Electrical / Electronics / Communications Engineering,135,53,taxonomy alias row
GUJCET,ELECTRONICS ENGINEERING,ELECTRONICS ENGINEERING,ELEC,Electrical / Electronics / Communications Engineering,13,2,taxonomy alias row
GUJCET,ENVIRONMENTAL ENGINEERING,ENVIRONMENTAL ENGINEERING,ENVENG,Environmental Engineering,9,3,taxonomy alias row
GUJCET,Electrical Engineering,Electrical Engineering,ELEC,Electrical / Electronics / Communications Engineering,2,2,taxonomy alias row
GUJCET,FOOD TECHNOLOGY,FOOD TECHNOLOGY,FOODENG,Food Engineering,4,2,taxonomy alias row
GUJCET,Food Technology,Food Technology,FOODENG,Food Engineering,1,1,taxonomy alias row
GUJCET,INFORMATION TECHNOLOGY,INFORMATION TECHNOLOGY,CSIT,Computer Science / Information Technology,164,63,taxonomy alias row
GUJCET,Information Technology,Information Technology,CSIT,Computer Science / Information Technology,2,1,taxonomy alias row
GUJCET,MARINE ENGINEERING,MARINE ENGINEERING,MARINE,Marine / Ocean Engineering,1,1,taxonomy alias row
GUJCET,MATHEMATICS AND COMPUTING,MATHEMATICS AND COMPUTING,MNC,Mathematics And Computing,7,2,taxonomy alias row
GUJCET,MECHANICAL ENGINEERING,MECHANICAL ENGINEERING,MECHENG,Mechanical / Mechatronics Engineering ,189,77,taxonomy alias row
GUJCET,MECHATRONICS ENGINEERING,MECHATRONICS ENGINEERING,MECHENG,Mechanical / Mechatronics Engineering ,2,2,taxonomy alias row
GUJCET,METALLURGY,METALLURGY,MEMS,Metallurgy Engineering And Material Science,1,1,taxonomy alias row
GUJCET,MINING ENGINEERING,MINING ENGINEERING,MININGENG,Mining Engineering,1,1,taxonomy alias row
GUJCET,PETROLEUM ENGINEERING,PETROLEUM ENGINEERING,PETROLENG,Petroleum Engineering,8,2,taxonomy alias row
GUJCET,PHARMACEUTICAL ENGINEERING,PHARMACEUTICAL ENGINEERING,PHARMAENG,Pharmaceutical Engineering,1,1,taxonomy alias row
GUJCET,PLASTIC TECHNOLOGY,PLASTIC TECHNOLOGY,POLYMERTECH,Polymer Technology,2,1,taxonomy alias row
GUJCET,PRODUCTION ENGINEERING,PRODUCTION ENGINEERING,INDENG,Industrial / Manufacturing / Production Engineering,4,1,taxonomy alias row
GUJCET,ROBOTICS AND AUTOMATION,ROBOTICS AND AUTOMATION,ROBOENG,Robotics Engineering,24,8,taxonomy alias row
GUJCET,TEXTILE ENGINEERING,TEXTILE ENGINEERING,TEXTILE,Textile Engineering,2,1,taxonomy alias row
GUJCET,TEXTILE TECHNOLOGY,TEXTILE TECHNOLOGY,TEXTILE,Textile Engineering,4,2,taxonomy alias row
JoSAA,"Aeronautical Engineering (4 Years, Bachelor of Technology)","Aeronautical Engineering (4 Years, Bachelor of Technology)",AERO,Aerospace Engineering,88,1,taxonomy alias row
JoSAA,"Aerospace Engineering (4 Years, Bachelor of Technology)","Aerospace Engineering (4 Years, Bachelor of Technology)",AERO,Aerospace Engineering,3997,8,taxonomy alias row
JoSAA,"Aerospace Engineering (5 Years, Bachelor and Master of Technology (Dual Degree))","Aerospace Engineering (5 Years, Bachelor and Master of Technology (Dual Degree))",AERO,Aerospace Engineering,777,3,taxonomy alias row
JoSAA,"Agricultural Engineering (4 Years, Bachelor of Technology)","Agricultural Engineering (4 Years, Bachelor of Technology)",AGRIENG,Agricultural Engineering,949,2,taxonomy alias row
JoSAA,"Agricultural and Food Engineering (4 Years, Bachelor of Technology)","Agricultural and Food Engineering (4 Years, Bachelor of Technology)",AGRIENG,Agricultural Engineering,522,1,taxonomy alias row
JoSAA,"Applied Geology (4 Years, Bachelor of Science)","Applied Geology (4 Years, Bachelor of Science)",GEO,Geology / Geophysics / Geological Technology,289,1,taxonomy alias row
JoSAA,"Applied Geology (5 Years, Integrated Master of Technology)","Applied Geology (5 Years, Integrated Master of Technology)",GEO,Geology / Geophysics / Geological Technology,442,2,taxonomy alias row
JoSAA,"Applied Geophysics (5 Years, Integrated Master of Technology)","Applied Geophysics (5 Years, Integrated Master of Technology)",GEO,Geology / Geophysics / Geological Technology,446,2,taxonomy alias row
JoSAA,"Architecture (5 Years, Bachelor of Architecture)","Architecture (5 Years, Bachelor of Architecture)",ARCH,Architecture,12753,21,taxonomy alias row
JoSAA,"Architecture and Planning (5 Years, Bachelor of Architecture)","Architecture and Planning (5 Years, Bachelor of Architecture)",ARCH,Architecture,81,1,taxonomy alias row
JoSAA,"Artificial Intelligence (4 Years, Bachelor of Technology)","Artificial Intelligence (4 Years, Bachelor of Technology)",AIML,Artificial Intelligence / Machine Learning / Data Science,2018,8,taxonomy alias row
JoSAA,"Artificial Intelligence (5 Years, Integrated B. Tech. and M. Tech.)","Artificial Intelligence (5 Years, Integrated B. Tech. and M. Tech.)",AIML,Artificial Intelligence / Machine Learning / Data Science,207,1,taxonomy alias row
JoSAA,"Artificial Intelligence and Data Analytics (4 Years, Bachelor of Technology)","Artificial Intelligence and Data Analytics (4 Years, Bachelor of Technology)",AIML,Artificial Intelligence / Machine Learning / Data Science,132,1,taxonomy alias row
JoSAA,"Artificial Intelligence and Data Engineering (4 Years, Bachelor of Technology)","Artificial Intelligence and Data Engineering (4 Years, Bachelor of Technology)",AIML,Artificial Intelligence / Machine Learning / Data Science,598,3,taxonomy alias row
JoSAA,"Artificial Intelligence and Data Science (4 Years, Bachelor of Technology)","Artificial Intelligence and Data Science (4 Years, Bachelor of Technology)",AIML,Artificial Intelligence / Machine Learning / Data Science,2051,10,taxonomy alias row
JoSAA,"Artificial Intelligence and Machine Learning (4 Years, Bachelor of Technology)","Artificial Intelligence and Machine Learning (4 Years, Bachelor of Technology)",AIML,Artificial Intelligence / Machine Learning / Data Science,891,4,taxonomy alias row
JoSAA,"B. Tech in CE. - M. Tech. in Geotechnical Engineering (5 Years, B.Tech. + M.Tech./MS (Dual Degree))","B. Tech in CE. - M. Tech. in Geotechnical Engineering (5 Years, B.Tech. + M.Tech./MS (Dual Degree))",CIVILENG,Civil Engineering,108,1,taxonomy alias row
JoSAA,"B. Tech in CE. - M. Tech. in Structural Engineering (5 Years, B.Tech. + M.Tech./MS (Dual Degree))","B. Tech in CE. - M. Tech. in Structural Engineering (5 Years, B.Tech. + M.Tech./MS (Dual Degree))",CIVILENG,Civil Engineering,97,1,taxonomy alias row
JoSAA,"B. Tech. (CSE) and M.Tech in CSE (5 Years, B.Tech. + M.Tech./MS (Dual Degree))","B. Tech. (CSE) and M.Tech in CSE (5 Years, B.Tech. + M.Tech./MS (Dual Degree))",CSIT,Computer Science / Information Technology,119,1,taxonomy alias row
JoSAA,"B. Tech. (ECE) -M. Tech. in VLSI (5 Years, B.Tech. + M.Tech./MS (Dual Degree))","B. Tech. (ECE) -M. Tech. in VLSI (5 Years, B.Tech. + M.Tech./MS (Dual Degree))",ELEC,Electrical / Electronics / Communications Engineering,119,1,taxonomy alias row
JoSAA,"B. Tech. (EEE)-M. Tech. in (Power &. Control) (5 Years, B.Tech. + M.Tech./MS (Dual Degree))","B. Tech. (EEE)-M. Tech. in (Power &. Control) (5 Years, B.Tech. + M.Tech./MS (Dual Degree))",ELEC,Electrical / Electronics / Communications Engineering,102,1,taxonomy alias row
JoSAA,"B. Tech. (ME) - M. Tech. in Mechatronics (5 Years, B.Tech. + M.Tech./MS (Dual Degree))","B. Tech. (ME) - M. Tech. in Mechatronics (5 Years, B.Tech. + M.Tech./MS (Dual Degree))",MECHENG,Mechanical / Mechatronics Engineering ,119,1,taxonomy alias row
JoSAA,"B. Tech. (Mathematics & Computing) M. Tech. in (Mathematics & Computing) (5 Years, B.Tech. + M.Tech./MS (Dual Degree))","B. Tech. (Mathematics & Computing) M. Tech. in (Mathematics & Computing) (5 Years, B.Tech. + M.Tech./MS (Dual Degree))",MNC,Mathematics And Computing,119,1,taxonomy alias row
JoSAA,"B.Tech (Artificial Intelligence and Data Science) - MBA in Digital Business Management (IIM Bodh Gaya) (5 Years, Bachelor of Technology and MBA (Dual Degree))","B.Tech (Artificial Intelligence and Data Science) - MBA in Digital Business Management (IIM Bodh Gaya) (5 Years, Bachelor of Technology and MBA (Dual Degree))",AIML,Artificial Intelligence / Machine Learning / Data Science,44,1,taxonomy alias row
JoSAA,"B.Tech (Chemical Engineering) - MBA in Hospital and Health Care Management (IIM Bodh Gaya) (5 Years, Bachelor of Technology and MBA (Dual Degree))","B.Tech (Chemical Engineering) - MBA in Hospital and Health Care Management (IIM Bodh Gaya) (5 Years, Bachelor of Technology and MBA (Dual Degree))",CHEMENG,Chemical Engineering,39,1,taxonomy alias row
JoSAA,"B.Tech (Chemical Science and Technology) - MBA in Hospital and Health Care Management (IIM Bodh Gaya) (5 Years, Bachelor of Technology and MBA (Dual Degree))","B.Tech (Chemical Science and Technology) - MBA in Hospital and Health Care Management (IIM Bodh Gaya) (5 Years, Bachelor of Technology and MBA (Dual Degree))",CHEMSCI,Chemical Science And Technology,44,1,taxonomy alias row
JoSAA,"B.Tech (Civil Engineering) - MBA (IIM Bodh Gaya) (5 Years, Bachelor of Technology and MBA (Dual Degree))","B.Tech (Civil Engineering) - MBA (IIM Bodh Gaya) (5 Years, Bachelor of Technology and MBA (Dual Degree))",CIVILENG,Civil Engineering,51,1,taxonomy alias row
JoSAA,"B.Tech (Computer Science and Engineering) - MBA in Digital Business Management (IIM Bodh Gaya) (5 Years, Bachelor of Technology and MBA (Dual Degree))","B.Tech (Computer Science and Engineering) - MBA in Digital Business Management (IIM Bodh Gaya) (5 Years, Bachelor of Technology and MBA (Dual Degree))",CSIT,Computer Science / Information Technology,55,1,taxonomy alias row
JoSAA,"B.Tech (Electrical and Electronics Engineering) - MBA (IIM Bodh Gaya) (5 Years, Bachelor of Technology and MBA (Dual Degree))","B.Tech (Electrical and Electronics Engineering) - MBA (IIM Bodh Gaya) (5 Years, Bachelor of Technology and MBA (Dual Degree))",ELEC,Electrical / Electronics / Communications Engineering,55,1,taxonomy alias row
JoSAA,"B.Tech (Electronics and Communication Engineering) - MBA in Hospital and Healthcare Management (IIM Bodh Gaya) (5 Years, Bachelor of Technology and MBA (Dual Degree))","B.Tech (Electronics and Communication Engineering) - MBA in Hospital and Healthcare Management (IIM Bodh Gaya) (5 Years, Bachelor of Technology and MBA (Dual Degree))",ELEC,Electrical / Electronics / Communications Engineering,44,1,taxonomy alias row
JoSAA,"B.Tech (Engineering Physics) - MBA (IIM Bodh Gaya) (5 Years, Bachelor of Technology and MBA (Dual Degree))","B.Tech (Engineering Physics) - MBA (IIM Bodh Gaya) (5 Years, Bachelor of Technology and MBA (Dual Degree))",ENGPHY,Engineering Physics,54,1,taxonomy alias row
JoSAA,"B.Tech (Mathematics and Computing) - MBA in Digital Business Management (IIM Bodh Gaya) (5 Years, Bachelor of Technology and MBA (Dual Degree))","B.Tech (Mathematics and Computing) - MBA in Digital Business Management (IIM Bodh Gaya) (5 Years, Bachelor of Technology and MBA (Dual Degree))",MNC,Mathematics And Computing,44,1,taxonomy alias row
JoSAA,"B.Tech (Mechanical Engineering) - MBA (IIM Mumbai) (5 Years, Bachelor of Technology and MBA (Dual Degree))","B.Tech (Mechanical Engineering) - MBA (IIM Mumbai) (5 Years, Bachelor of Technology and MBA (Dual Degree))",MECHENG,Mechanical / Mechatronics Engineering ,77,1,taxonomy alias row
JoSAA,"B.Tech (Metallurgical and Materials Engineering) - MBA (IIM Bodh Gaya) (5 Years, Bachelor of Technology and MBA (Dual Degree))","B.Tech (Metallurgical and Materials Engineering) - MBA (IIM Bodh Gaya) (5 Years, Bachelor of Technology and MBA (Dual Degree))",MEMS,Metallurgy Engineering And Material Science,55,1,taxonomy alias row
JoSAA,"B.Tech in Artificial Intelligenece and Data Science (Transportation and Logistics) (4 Years, Bachelor of Technology)","B.Tech in Artificial Intelligenece and Data Science (Transportation and Logistics) (4 Years, Bachelor of Technology)",AIML,Artificial Intelligence / Machine Learning / Data Science,98,1,taxonomy alias row
JoSAA,"B.Tech in Aviation Engineering (4 Years, Bachelor of Technology)","B.Tech in Aviation Engineering (4 Years, Bachelor of Technology)",AERO,Aerospace Engineering,75,1,taxonomy alias row
JoSAA,"B.Tech in Civil Engineering (Rail Engineering) (4 Years, Bachelor of Technology)","B.Tech in Civil Engineering (Rail Engineering) (4 Years, Bachelor of Technology)",CIVILENG,Civil Engineering,110,1,taxonomy alias row
JoSAA,"B.Tech in Electrical Engineering ( Rail Engineering) (4 Years, Bachelor of Technology)","B.Tech in Electrical Engineering ( Rail Engineering) (4 Years, Bachelor of Technology)",ELEC,Electrical / Electronics / Communications Engineering,75,1,taxonomy alias row
JoSAA,"B.Tech in Electronics & Communication Engineering (Rail Engineering) (4 Years, Bachelor of Technology)","B.Tech in Electronics & Communication Engineering (Rail Engineering) (4 Years, Bachelor of Technology)",ELEC,Electrical / Electronics / Communications Engineering,100,1,taxonomy alias row
JoSAA,"B.Tech in General Engineering (4 Years, Bachelor of Technology)","B.Tech in General Engineering (4 Years, Bachelor of Technology)",GENENG,General Engineering,154,1,taxonomy alias row
JoSAA,"B.Tech in Materials Science and Engineering (4 Years, Bachelor of Technology)","B.Tech in Materials Science and Engineering (4 Years, Bachelor of Technology)",MEMS,Metallurgy Engineering And Material Science,148,1,taxonomy alias row
JoSAA,"B.Tech in Mathematics and Computing (4 Years, Bachelor of Technology)","B.Tech in Mathematics and Computing (4 Years, Bachelor of Technology)",MNC,Mathematics And Computing,530,5,taxonomy alias row
JoSAA,"B.Tech in Mechanical Engineering ( Rail Engineering) (4 Years, Bachelor of Technology)","B.Tech in Mechanical Engineering ( Rail Engineering) (4 Years, Bachelor of Technology)",MECHENG,Mechanical / Mechatronics Engineering ,99,1,taxonomy alias row
JoSAA,"B.Tech in Mechanical Engineering and M.Tech in AI and Robotics (5 Years, B.Tech. + M.Tech./MS (Dual Degree))","B.Tech in Mechanical Engineering and M.Tech in AI and Robotics (5 Years, B.Tech. + M.Tech./MS (Dual Degree))",MECHENG,Mechanical / Mechatronics Engineering ,103,1,taxonomy alias row
JoSAA,"B.Tech in Microelectronics & VLSI (4 Years, Bachelor of Technology)","B.Tech in Microelectronics & VLSI (4 Years, Bachelor of Technology)",ELEC,Electrical / Electronics / Communications Engineering,159,1,taxonomy alias row
JoSAA,"B.Tech. in Electronics and Communication Engineering and M.Tech. in Communication Systems (5 Years, Bachelor and Master of Technology (Dual Degree))","B.Tech. in Electronics and Communication Engineering and M.Tech. in Communication Systems (5 Years, Bachelor and Master of Technology (Dual Degree))",ELEC,Electrical / Electronics / Communications Engineering,248,2,taxonomy alias row
JoSAA,"B.Tech. in Electronics and Communication Engineering and M.Tech. in VLSI Design (5 Years, Bachelor and Master of Technology (Dual Degree))","B.Tech. in Electronics and Communication Engineering and M.Tech. in VLSI Design (5 Years, Bachelor and Master of Technology (Dual Degree))",ELEC,Electrical / Electronics / Communications Engineering,86,1,taxonomy alias row
JoSAA,"BS in Chemical Sciences (4 Years, Bachelor of Science)","BS in Chemical Sciences (4 Years, Bachelor of Science)",CHEMSCI,Chemical Science And Technology,143,1,taxonomy alias row
JoSAA,"BS in Economics with MBA (IIM Bodh Gaya) (5 Years, Bachelor of Science and MBA (Dual Degree))","BS in Economics with MBA (IIM Bodh Gaya) (5 Years, Bachelor of Science and MBA (Dual Degree))",ECON,Economics,55,1,taxonomy alias row
JoSAA,"BS in Mathematics (4 Years, Bachelor of Science)","BS in Mathematics (4 Years, Bachelor of Science)",MATH,Mathematics,380,1,taxonomy alias row
JoSAA,"Bachelor of Design (4 Years, Bachelor of Design)","Bachelor of Design (4 Years, Bachelor of Design)",DESIGN,Design,27,1,taxonomy alias row
JoSAA,"Bio Engineering (4 Years, Bachelor of Technology)","Bio Engineering (4 Years, Bachelor of Technology)",BIOENG,Biological Engineering,703,3,taxonomy alias row
JoSAA,"Bio Medical Engineering (4 Years, Bachelor of Technology)","Bio Medical Engineering (4 Years, Bachelor of Technology)",BIOMEDENG,Biomedical Engineering,2042,3,taxonomy alias row
JoSAA,"Bio Technology (4 Years, Bachelor of Technology)","Bio Technology (4 Years, Bachelor of Technology)",BIOTECH,Biotechnology,9460,15,taxonomy alias row
JoSAA,"Biochemical Engineering with M.Tech. in Biochemical Engineering and Biotechnology (5 Years, Bachelor and Master of Technology (Dual Degree))","Biochemical Engineering with M.Tech. in Biochemical Engineering and Biotechnology (5 Years, Bachelor and Master of Technology (Dual Degree))",BIOCHEMENG,Biochemical Engineering,375,1,taxonomy alias row
JoSAA,"Bioengineering with M.Tech in Biomedical Technology (5 Years, Bachelor and Master of Technology (Dual Degree))","Bioengineering with M.Tech in Biomedical Technology (5 Years, Bachelor and Master of Technology (Dual Degree))",BIOENG,Biological Engineering,383,1,taxonomy alias row
JoSAA,"Biological Engineering (4 Years, Bachelor of Technology)","Biological Engineering (4 Years, Bachelor of Technology)",BIOENG,Biological Engineering,170,1,taxonomy alias row
JoSAA,"Biological Science (4 Years, Bachelor of Science)","Biological Science (4 Years, Bachelor of Science)",BIOSCI,Biological Science And Engineering,170,1,taxonomy alias row
JoSAA,"Biological Sciences and Bioengineering (4 Years, Bachelor of Technology)","Biological Sciences and Bioengineering (4 Years, Bachelor of Technology)",BIOENG,Biological Engineering,534,1,taxonomy alias row
JoSAA,"Biomedical Engineering (4 Years, Bachelor of Technology)","Biomedical Engineering (4 Years, Bachelor of Technology)",BIOMEDENG,Biomedical Engineering,445,3,taxonomy alias row
JoSAA,"Biosciences and Bioengineering (4 Years, Bachelor of Technology)","Biosciences and Bioengineering (4 Years, Bachelor of Technology)",BIOENG,Biological Engineering,704,3,taxonomy alias row
JoSAA,"Biotechnology (5 Years, Bachelor and Master of Technology (Dual Degree))","Biotechnology (5 Years, Bachelor and Master of Technology (Dual Degree))",BIOTECH,Biotechnology,332,1,taxonomy alias row
JoSAA,"Biotechnology and Biochemical Engineering (4 Years, Bachelor of Technology)","Biotechnology and Biochemical Engineering (4 Years, Bachelor of Technology)",BIOTECH,Biotechnology,1692,3,taxonomy alias row
JoSAA,"Biotechnology and Bioinformatics (4 Years, Bachelor of Technology)","Biotechnology and Bioinformatics (4 Years, Bachelor of Technology)",BIOTECH,Biotechnology,243,1,taxonomy alias row
JoSAA,"CSE ( Data Science & Analytics) (4 Years, Bachelor of Technology)","CSE ( Data Science & Analytics) (4 Years, Bachelor of Technology)",CSIT,Computer Science / Information Technology,71,1,taxonomy alias row
JoSAA,"Carpet and Textile Technology (4 Years, Bachelor of Technology)","Carpet and Textile Technology (4 Years, Bachelor of Technology)",TEXTILE,Textile Engineering,329,1,taxonomy alias row
JoSAA,"Ceramic Engineering (4 Years, Bachelor of Technology)","Ceramic Engineering (4 Years, Bachelor of Technology)",CERAMIC,Ceramic Engineering,1464,2,taxonomy alias row
JoSAA,"Ceramic Engineering (5 Years, Bachelor and Master of Technology (Dual Degree))","Ceramic Engineering (5 Years, Bachelor and Master of Technology (Dual Degree))",CERAMIC,Ceramic Engineering,347,1,taxonomy alias row
JoSAA,"Ceramic Engineering and M.Tech Industrial Ceramic (5 Years, Bachelor and Master of Technology (Dual Degree))","Ceramic Engineering and M.Tech Industrial Ceramic (5 Years, Bachelor and Master of Technology (Dual Degree))",CERAMIC,Ceramic Engineering,502,1,taxonomy alias row
JoSAA,"Chemical Engineering (4 Years, Bachelor of Technology)","Chemical Engineering (4 Years, Bachelor of Technology)",CHEMENG,Chemical Engineering,29179,42,taxonomy alias row
JoSAA,"Chemical Engineering (5 Years, Bachelor and Master of Technology (Dual Degree))","Chemical Engineering (5 Years, Bachelor and Master of Technology (Dual Degree))",CHEMENG,Chemical Engineering,1957,6,taxonomy alias row
JoSAA,"Chemical Engineering (5 Years, Integrated Masters in Technology)","Chemical Engineering (5 Years, Integrated Masters in Technology)",CHEMENG,Chemical Engineering,312,1,taxonomy alias row
JoSAA,"Chemical Science and Technology (4 Years, Bachelor of Technology)","Chemical Science and Technology (4 Years, Bachelor of Technology)",CHEMSCI,Chemical Science And Technology,733,3,taxonomy alias row
JoSAA,"Chemical Sciences (5 Years, Bachelor of Science and Master of Science (Dual Degree))","Chemical Sciences (5 Years, Bachelor of Science and Master of Science (Dual Degree))",CHEMSCI,Chemical Science And Technology,261,1,taxonomy alias row
JoSAA,"Chemical Technology (5 Years, Bachelor and Master of Technology (Dual Degree))","Chemical Technology (5 Years, Bachelor and Master of Technology (Dual Degree))",CHEMENG,Chemical Engineering,165,1,taxonomy alias row
JoSAA,"Chemical and Biochemical Engineering (4 Years, Bachelor of Technology)","Chemical and Biochemical Engineering (4 Years, Bachelor of Technology)",CHEMENG,Chemical Engineering,187,1,taxonomy alias row
JoSAA,"Chemistry (4 Years, Bachelor of Science)","Chemistry (4 Years, Bachelor of Science)",CHEM,Chemistry,1411,4,taxonomy alias row
JoSAA,"Chemistry (5 Years, Bachelor of Science and Master of Science (Dual Degree))","Chemistry (5 Years, Bachelor of Science and Master of Science (Dual Degree))",CHEM,Chemistry,503,1,taxonomy alias row
JoSAA,"Chemistry (5 Years, Integrated Master of Science)","Chemistry (5 Years, Integrated Master of Science)",CHEM,Chemistry,3057,9,taxonomy alias row
JoSAA,"Chemistry with Specialization (4 Years, Bachelor of Science)","Chemistry with Specialization (4 Years, Bachelor of Science)",CHEM,Chemistry,181,1,taxonomy alias row
JoSAA,"Civil Engineering (4 Years, Bachelor of Technology)","Civil Engineering (4 Years, Bachelor of Technology)",CIVILENG,Civil Engineering,47370,70,taxonomy alias row
JoSAA,"Civil Engineering (5 Years, Bachelor and Master of Technology (Dual Degree))","Civil Engineering (5 Years, Bachelor and Master of Technology (Dual Degree))",CIVILENG,Civil Engineering,615,3,taxonomy alias row
JoSAA,"Civil Engineering with Specialization in Construction Technology and Management (5 Years, Bachelor and Master of Technology (Dual Degree))","Civil Engineering with Specialization in Construction Technology and Management (5 Years, Bachelor and Master of Technology (Dual Degree))",CIVILENG,Civil Engineering,196,1,taxonomy alias row
JoSAA,"Civil and Environmental Engineering (4 Years, Bachelor of Technology)","Civil and Environmental Engineering (4 Years, Bachelor of Technology)",CIVILENG,Civil Engineering,195,1,taxonomy alias row
JoSAA,"Civil and Infrastructure Engineering (4 Years, Bachelor of Technology)","Civil and Infrastructure Engineering (4 Years, Bachelor of Technology)",CIVILENG,Civil Engineering,523,2,taxonomy alias row
JoSAA,"Computational Engineering (4 Years, Bachelor of Technology)","Computational Engineering (4 Years, Bachelor of Technology)",CSIT,Computer Science / Information Technology,266,1,taxonomy alias row
JoSAA,"Computational Mathematics (5 Years, Bachelor and Master of Technology (Dual Degree))","Computational Mathematics (5 Years, Bachelor and Master of Technology (Dual Degree))",MNC,Mathematics And Computing,251,1,taxonomy alias row
JoSAA,"Computational and Data Science (4 Years, Bachelor of Technology)","Computational and Data Science (4 Years, Bachelor of Technology)",AIML,Artificial Intelligence / Machine Learning / Data Science,391,1,taxonomy alias row
JoSAA,"Computer Engineering (4 Years, Bachelor of Technology)","Computer Engineering (4 Years, Bachelor of Technology)",CSIT,Computer Science / Information Technology,2592,9,taxonomy alias row
JoSAA,"Computer Science (4 Years, Bachelor of Technology)","Computer Science (4 Years, Bachelor of Technology)",CSIT,Computer Science / Information Technology,494,1,taxonomy alias row
JoSAA,"Computer Science Engineering (Artificial Intelligence) (4 Years, B. Tech / B. Tech (Hons.))","Computer Science Engineering (Artificial Intelligence) (4 Years, B. Tech / B. Tech (Hons.))",CSIT,Computer Science / Information Technology,311,2,taxonomy alias row
JoSAA,"Computer Science Engineering (Artificial lntelligence and Machine Learning) (4 Years, Bachelor of Technology)","Computer Science Engineering (Artificial lntelligence and Machine Learning) (4 Years, Bachelor of Technology)",CSIT,Computer Science / Information Technology,352,2,taxonomy alias row
JoSAA,"Computer Science Engineering (Data Science and Analytics) (4 Years, Bachelor of Technology)","Computer Science Engineering (Data Science and Analytics) (4 Years, Bachelor of Technology)",CSIT,Computer Science / Information Technology,163,1,taxonomy alias row
JoSAA,"Computer Science Engineering (Data Science) (4 Years, B. Tech / B. Tech (Hons.))","Computer Science Engineering (Data Science) (4 Years, B. Tech / B. Tech (Hons.))",CSIT,Computer Science / Information Technology,357,2,taxonomy alias row
JoSAA,"Computer Science Engineering (Human Computer lnteraction and Gaming Technology) (4 Years, Bachelor of Technology)","Computer Science Engineering (Human Computer lnteraction and Gaming Technology) (4 Years, Bachelor of Technology)",CSIT,Computer Science / Information Technology,164,1,taxonomy alias row
JoSAA,"Computer Science and Artificial Intelligence (4 Years, Bachelor of Technology)","Computer Science and Artificial Intelligence (4 Years, Bachelor of Technology)",CSIT,Computer Science / Information Technology,432,1,taxonomy alias row
JoSAA,"Computer Science and Business (4 Years, Bachelor of Technology)","Computer Science and Business (4 Years, Bachelor of Technology)",CSIT,Computer Science / Information Technology,361,1,taxonomy alias row
JoSAA,"Computer Science and Engineering ( Artificial Intelligence & Data Science) (4 Years, Bachelor of Technology)","Computer Science and Engineering ( Artificial Intelligence & Data Science) (4 Years, Bachelor of Technology)",CSIT,Computer Science / Information Technology,348,3,taxonomy alias row
JoSAA,"Computer Science and Engineering (4 Years, Bachelor of Technology)","Computer Science and Engineering (4 Years, Bachelor of Technology)",CSIT,Computer Science / Information Technology,71404,112,taxonomy alias row
JoSAA,"Computer Science and Engineering (5 Years, Bachelor and Master of Technology (Dual Degree))","Computer Science and Engineering (5 Years, Bachelor and Master of Technology (Dual Degree))",CSIT,Computer Science / Information Technology,3931,15,taxonomy alias row
JoSAA,"Computer Science and Engineering (Artificial Intelligence) (4 Years, Bachelor of Technology)","Computer Science and Engineering (Artificial Intelligence) (4 Years, Bachelor of Technology)",CSIT,Computer Science / Information Technology,77,1,taxonomy alias row
JoSAA,"Computer Science and Engineering (Cyber Physical System) (4 Years, Bachelor of Technology)","Computer Science and Engineering (Cyber Physical System) (4 Years, Bachelor of Technology)",CSIT,Computer Science / Information Technology,67,1,taxonomy alias row
JoSAA,"Computer Science and Engineering (Cyber Security) (4 Years, Bachelor of Technology)","Computer Science and Engineering (Cyber Security) (4 Years, Bachelor of Technology)",CSIT,Computer Science / Information Technology,242,4,taxonomy alias row
JoSAA,"Computer Science and Engineering (Data Science) (4 Years, Bachelor of Technology)","Computer Science and Engineering (Data Science) (4 Years, Bachelor of Technology)",CSIT,Computer Science / Information Technology,127,2,taxonomy alias row
JoSAA,"Computer Science and Engineering (with Specialization of Data Science and Artificial Intelligence)  (4 Years, B. Tech / B. Tech (Hons.))","Computer Science and Engineering (with Specialization of Data Science and Artificial Intelligence) (4 Years, B. Tech / B. Tech (Hons.))",CSIT,Computer Science / Information Technology,170,1,taxonomy alias row
JoSAA,"Computer Science and Engineering with Major in Artificial Intelligence (4 Years, Bachelor of Technology)","Computer Science and Engineering with Major in Artificial Intelligence (4 Years, Bachelor of Technology)",CSIT,Computer Science / Information Technology,395,2,taxonomy alias row
JoSAA,"Computer Science and Engineering with Specialization in Cyber Security (5 Years, Bachelor and Master of Technology (Dual Degree))","Computer Science and Engineering with Specialization in Cyber Security (5 Years, Bachelor and Master of Technology (Dual Degree))",CSIT,Computer Science / Information Technology,356,1,taxonomy alias row
JoSAA,"Computer Science and Engineering with Specialization in Data Science (5 Years, Bachelor and Master of Technology (Dual Degree))","Computer Science and Engineering with Specialization in Data Science (5 Years, Bachelor and Master of Technology (Dual Degree))",CSIT,Computer Science / Information Technology,373,1,taxonomy alias row
JoSAA,"Computer Science and Engineering with specialization in Artificial Intelligence and Data Science (4 Years, Bachelor of Technology)","Computer Science and Engineering with specialization in Artificial Intelligence and Data Science (4 Years, Bachelor of Technology)",CSIT,Computer Science / Information Technology,411,3,taxonomy alias row
JoSAA,"Computer Science and Engineering with specialization in Cyber Security  (4 Years, Bachelor of Technology)","Computer Science and Engineering with specialization in Cyber Security (4 Years, Bachelor of Technology)",CSIT,Computer Science / Information Technology,508,3,taxonomy alias row
JoSAA,"Dairy Engineering (4 Years, Bachelor of Technology)","Dairy Engineering (4 Years, Bachelor of Technology)",DAIRYENG,Dairy Engineering,85,1,taxonomy alias row
JoSAA,"Data Science and Artificial Intelligence (4 Years, Bachelor of Technology)","Data Science and Artificial Intelligence (4 Years, Bachelor of Technology)",AIML,Artificial Intelligence / Machine Learning / Data Science,1483,6,taxonomy alias row
JoSAA,"Data Science and Engineering (4 Years, Bachelor of Technology)","Data Science and Engineering (4 Years, Bachelor of Technology)",AIML,Artificial Intelligence / Machine Learning / Data Science,961,3,taxonomy alias row
JoSAA,"Earth Sciences (4 Years, Bachelor of Science)","Earth Sciences (4 Years, Bachelor of Science)",EARTHSCI,Earth Science And Engineering,520,1,taxonomy alias row
JoSAA,"Economics (4 Years, Bachelor of Science)","Economics (4 Years, Bachelor of Science)",ECON,Economics,1482,4,taxonomy alias row
JoSAA,"Economics (5 Years, Bachelor of Science and Master of Science (Dual Degree))","Economics (5 Years, Bachelor of Science and Master of Science (Dual Degree))",ECON,Economics,267,1,taxonomy alias row
JoSAA,"Electrical Engineering (4 Years, Bachelor of Technology)","Electrical Engineering (4 Years, Bachelor of Technology)",ELEC,Electrical / Electronics / Communications Engineering,36405,56,taxonomy alias row
JoSAA,"Electrical Engineering (5 Years, Bachelor and Master of Technology (Dual Degree))","Electrical Engineering (5 Years, Bachelor and Master of Technology (Dual Degree))",ELEC,Electrical / Electronics / Communications Engineering,974,6,taxonomy alias row
JoSAA,"Electrical Engineering (IC Design and Technology) (4 Years, Bachelor of Technology)","Electrical Engineering (IC Design and Technology) (4 Years, Bachelor of Technology)",ELEC,Electrical / Electronics / Communications Engineering,225,1,taxonomy alias row
JoSAA,"Electrical Engineering (Power and Automation) (4 Years, Bachelor of Technology)","Electrical Engineering (Power and Automation) (4 Years, Bachelor of Technology)",ELEC,Electrical / Electronics / Communications Engineering,631,1,taxonomy alias row
JoSAA,"Electrical Engineering with M.Tech. in Power Electronics (5 Years, Bachelor and Master of Technology (Dual Degree))","Electrical Engineering with M.Tech. in Power Electronics (5 Years, Bachelor and Master of Technology (Dual Degree))",ELEC,Electrical / Electronics / Communications Engineering,453,1,taxonomy alias row
JoSAA,"Electrical Engineering with Specialization In Power System Engineering (5 Years, Bachelor and Master of Technology (Dual Degree))","Electrical Engineering with Specialization In Power System Engineering (5 Years, Bachelor and Master of Technology (Dual Degree))",ELEC,Electrical / Electronics / Communications Engineering,338,1,taxonomy alias row
JoSAA,"Electrical and Electronics Engineering (4 Years, Bachelor of Technology)","Electrical and Electronics Engineering (4 Years, Bachelor of Technology)",ELEC,Electrical / Electronics / Communications Engineering,15864,24,taxonomy alias row
JoSAA,"Electronic Engineering (4 Years, Bachelor of Technology)","Electronic Engineering (4 Years, Bachelor of Technology)",ELEC,Electrical / Electronics / Communications Engineering,68,1,taxonomy alias row
JoSAA,"Electronics Engineering (4 Years, Bachelor of Technology)","Electronics Engineering (4 Years, Bachelor of Technology)",ELEC,Electrical / Electronics / Communications Engineering,689,2,taxonomy alias row
JoSAA,"Electronics Engineering (VLSI Design and Technology) (4 Years, Bachelor of Technology)","Electronics Engineering (VLSI Design and Technology) (4 Years, Bachelor of Technology)",ELEC,Electrical / Electronics / Communications Engineering,275,2,taxonomy alias row
JoSAA,"Electronics and Communication Engineering (4 Years, Bachelor of Technology)","Electronics and Communication Engineering (4 Years, Bachelor of Technology)",ELEC,Electrical / Electronics / Communications Engineering,52217,88,taxonomy alias row
JoSAA,"Electronics and Communication Engineering (5 Years, Bachelor and Master of Technology (Dual Degree))","Electronics and Communication Engineering (5 Years, Bachelor and Master of Technology (Dual Degree))",ELEC,Electrical / Electronics / Communications Engineering,1236,4,taxonomy alias row
JoSAA,"Electronics and Communication Engineering (Avionics) (4 Years, Bachelor of Technology)","Electronics and Communication Engineering (Avionics) (4 Years, Bachelor of Technology)",ELEC,Electrical / Electronics / Communications Engineering,152,2,taxonomy alias row
JoSAA,"Electronics and Communication Engineering (Internet of Things) (4 Years, Bachelor of Technology)","Electronics and Communication Engineering (Internet of Things) (4 Years, Bachelor of Technology)",ELEC,Electrical / Electronics / Communications Engineering,154,1,taxonomy alias row
JoSAA,"Electronics and Communication Engineering (VLSI Design and Technology) (4 Years, Bachelor of Technology)","Electronics and Communication Engineering (VLSI Design and Technology) (4 Years, Bachelor of Technology)",ELEC,Electrical / Electronics / Communications Engineering,334,1,taxonomy alias row
JoSAA,"Electronics and Communication Engineering (with Specialization of Embedded Systems and Internet of Things)  (4 Years, B. Tech / B. Tech (Hons.))","Electronics and Communication Engineering (with Specialization of Embedded Systems and Internet of Things) (4 Years, B. Tech / B. Tech (Hons.))",ELEC,Electrical / Electronics / Communications Engineering,172,1,taxonomy alias row
JoSAA,"Electronics and Communication Engineering with Specialization in Microelectronics and VLSI System Design (5 Years, Bachelor and Master of Technology (Dual Degree))","Electronics and Communication Engineering with Specialization in Microelectronics and VLSI System Design (5 Years, Bachelor and Master of Technology (Dual Degree))",ELEC,Electrical / Electronics / Communications Engineering,340,1,taxonomy alias row
JoSAA,"Electronics and Communication Engineering with specialization in Design and Manufacturing (4 Years, Bachelor of Technology)","Electronics and Communication Engineering with specialization in Design and Manufacturing (4 Years, Bachelor of Technology)",ELEC,Electrical / Electronics / Communications Engineering,468,2,taxonomy alias row
JoSAA,"Electronics and Communication Engineering with specialization in VLSI and Embedded Systems (4 Years, Bachelor of Technology)","Electronics and Communication Engineering with specialization in VLSI and Embedded Systems (4 Years, Bachelor of Technology)",ELEC,Electrical / Electronics / Communications Engineering,145,2,taxonomy alias row
JoSAA,"Electronics and Electrical Communication Engineering (4 Years, Bachelor of Technology)","Electronics and Electrical Communication Engineering (4 Years, Bachelor of Technology)",ELEC,Electrical / Electronics / Communications Engineering,729,1,taxonomy alias row
JoSAA,"Electronics and Electrical Engineering (4 Years, Bachelor of Technology)","Electronics and Electrical Engineering (4 Years, Bachelor of Technology)",ELEC,Electrical / Electronics / Communications Engineering,609,1,taxonomy alias row
JoSAA,"Electronics and Instrumentation Engineering (4 Years, Bachelor of Technology)","Electronics and Instrumentation Engineering (4 Years, Bachelor of Technology)",ELEC,Electrical / Electronics / Communications Engineering,3749,9,taxonomy alias row
JoSAA,"Electronics and Telecommunication Engineering (4 Years, Bachelor of Technology)","Electronics and Telecommunication Engineering (4 Years, Bachelor of Technology)",ELEC,Electrical / Electronics / Communications Engineering,1544,4,taxonomy alias row
JoSAA,"Electronics and VLSI Engineering (4 Years, Bachelor of Technology)","Electronics and VLSI Engineering (4 Years, Bachelor of Technology)",ELEC,Electrical / Electronics / Communications Engineering,504,2,taxonomy alias row
JoSAA,"Energy Engineering (4 Years, Bachelor of Technology)","Energy Engineering (4 Years, Bachelor of Technology)",ENERGYENG,Energy Engineering,1102,6,taxonomy alias row
JoSAA,"Engineering Design (5 Years, Bachelor and Master of Technology (Dual Degree))","Engineering Design (5 Years, Bachelor and Master of Technology (Dual Degree))",ENGDES,Engineering Design,584,1,taxonomy alias row
JoSAA,"Engineering Physics (4 Years, Bachelor of Technology)","Engineering Physics (4 Years, Bachelor of Technology)",ENGPHY,Engineering Physics,6969,21,taxonomy alias row
JoSAA,"Engineering Physics (5 Years, Bachelor and Master of Technology (Dual Degree))","Engineering Physics (5 Years, Bachelor and Master of Technology (Dual Degree))",ENGPHY,Engineering Physics,868,2,taxonomy alias row
JoSAA,"Engineering Science (4 Years, Bachelor of Technology)","Engineering Science (4 Years, Bachelor of Technology)",ENGSCI,Engineering Science,521,1,taxonomy alias row
JoSAA,"Engineering and Computational Mechanics (4 Years, Bachelor of Technology)","Engineering and Computational Mechanics (4 Years, Bachelor of Technology)",MECHENG,Mechanical / Mechatronics Engineering ,1066,3,taxonomy alias row
JoSAA,"Environmental Engineering (4 Years, Bachelor of Technology)","Environmental Engineering (4 Years, Bachelor of Technology)",ENVENG,Environmental Engineering,518,2,taxonomy alias row
JoSAA,"Environmental Science and Engineering (4 Years, Bachelor of Technology)","Environmental Science and Engineering (4 Years, Bachelor of Technology)",ENVENG,Environmental Engineering,182,1,taxonomy alias row
JoSAA,"Exploration Geophysics (4 Years, Bachelor of Science)","Exploration Geophysics (4 Years, Bachelor of Science)",GEO,Geology / Geophysics / Geological Technology,290,1,taxonomy alias row
JoSAA,"Fashion and Apparel Engineering (4 Years, Bachelor of Technology)","Fashion and Apparel Engineering (4 Years, Bachelor of Technology)",TEXTILE,Textile Engineering,85,1,taxonomy alias row
JoSAA,"Food Engineering and Technology (4 Years, Bachelor of Technology)","Food Engineering and Technology (4 Years, Bachelor of Technology)",FOODENG,Food Engineering,678,4,taxonomy alias row
JoSAA,"Food Process Engineering (4 Years, Bachelor of Technology)","Food Process Engineering (4 Years, Bachelor of Technology)",FOODENG,Food Engineering,949,2,taxonomy alias row
JoSAA,"Food Technology (4 Years, Bachelor of Technology)","Food Technology (4 Years, Bachelor of Technology)",FOODENG,Food Engineering,930,5,taxonomy alias row
JoSAA,"Food Technology and Management (4 Years, Bachelor of Technology)","Food Technology and Management (4 Years, Bachelor of Technology)",FOODENG,Food Engineering,239,2,taxonomy alias row
JoSAA,"Geological Technology (5 Years, Integrated Master of Technology)","Geological Technology (5 Years, Integrated Master of Technology)",GEO,Geology / Geophysics / Geological Technology,506,1,taxonomy alias row
JoSAA,"Geophysical Technology (5 Years, Integrated Master of Technology)","Geophysical Technology (5 Years, Integrated Master of Technology)",GEO,Geology / Geophysics / Geological Technology,508,1,taxonomy alias row
JoSAA,"Handloom and Textile Technology (4 Years, Bachelor of Technology)","Handloom and Textile Technology (4 Years, Bachelor of Technology)",TEXTILE,Textile Engineering,253,2,taxonomy alias row
JoSAA,"Industrial Chemistry (4 Years, Bachelor of Technology)","Industrial Chemistry (4 Years, Bachelor of Technology)",INDCHEM,Industrial Chemistry,490,3,taxonomy alias row
JoSAA,"Industrial Chemistry (5 Years, Bachelor and Master of Technology (Dual Degree))","Industrial Chemistry (5 Years, Bachelor and Master of Technology (Dual Degree))",INDCHEM,Industrial Chemistry,345,1,taxonomy alias row
JoSAA,"Industrial Design (4 Years, Bachelor of Technology)","Industrial Design (4 Years, Bachelor of Technology)",INDENG,Industrial / Manufacturing / Production Engineering,850,1,taxonomy alias row
JoSAA,"Industrial Engineering and Operations Research (4 Years, Bachelor of Technology)","Industrial Engineering and Operations Research (4 Years, Bachelor of Technology)",INDENG,Industrial / Manufacturing / Production Engineering,127,1,taxonomy alias row
JoSAA,"Industrial Internet of Things (4 Years, Bachelor of Technology)","Industrial Internet of Things (4 Years, Bachelor of Technology)",INDENG,Industrial / Manufacturing / Production Engineering,332,1,taxonomy alias row
JoSAA,"Industrial and Production Engineering (4 Years, Bachelor of Technology)","Industrial and Production Engineering (4 Years, Bachelor of Technology)",INDENG,Industrial / Manufacturing / Production Engineering,1263,4,taxonomy alias row
JoSAA,"Industrial and Systems Engineering (4 Years, Bachelor of Technology)","Industrial and Systems Engineering (4 Years, Bachelor of Technology)",INDENG,Industrial / Manufacturing / Production Engineering,538,1,taxonomy alias row
JoSAA,"Information Technology (4 Years, Bachelor of Technology)","Information Technology (4 Years, Bachelor of Technology)",CSIT,Computer Science / Information Technology,12637,26,taxonomy alias row
JoSAA,"Information Technology-Business Informatics (4 Years, Bachelor of Technology)","Information Technology-Business Informatics (4 Years, Bachelor of Technology)",CSIT,Computer Science / Information Technology,504,1,taxonomy alias row
JoSAA,"Instrumentation Engineering (4 Years, Bachelor of Technology)","Instrumentation Engineering (4 Years, Bachelor of Technology)",INSTRENG,Instrumentation Engineering,711,3,taxonomy alias row
JoSAA,"Instrumentation and Control Engineering (4 Years, Bachelor of Technology)","Instrumentation and Control Engineering (4 Years, Bachelor of Technology)",INSTRENG,Instrumentation Engineering,2571,3,taxonomy alias row
JoSAA,"Integrated B. Tech. - M. Tech in Civil Engineering (5 Years, Integrated B. Tech. and M. Tech.)","Integrated B. Tech. - M. Tech in Civil Engineering (5 Years, Integrated B. Tech. and M. Tech.)",CIVILENG,Civil Engineering,26,1,taxonomy alias row
JoSAA,"Integrated B. Tech. - M. Tech in Computer Science & Engineering (5 Years, Integrated B. Tech. and M. Tech.)","Integrated B. Tech. - M. Tech in Computer Science & Engineering (5 Years, Integrated B. Tech. and M. Tech.)",CSIT,Computer Science / Information Technology,29,1,taxonomy alias row
JoSAA,"Integrated B. Tech. - M. Tech in Electrical Engineering (5 Years, Integrated B. Tech. and M. Tech.)","Integrated B. Tech. - M. Tech in Electrical Engineering (5 Years, Integrated B. Tech. and M. Tech.)",ELEC,Electrical / Electronics / Communications Engineering,30,1,taxonomy alias row
JoSAA,"Integrated B. Tech.(IT) and M. Tech (IT) (5 Years, Integrated B. Tech. and M. Tech.)","Integrated B. Tech.(IT) and M. Tech (IT) (5 Years, Integrated B. Tech. and M. Tech.)",CSIT,Computer Science / Information Technology,377,1,taxonomy alias row
JoSAA,"Integrated B. Tech.(IT) and MBA (5 Years, Integrated B. Tech. and MBA)","Integrated B. Tech.(IT) and MBA (5 Years, Integrated B. Tech. and MBA)",CSIT,Computer Science / Information Technology,342,1,taxonomy alias row
JoSAA,"Integrated B. Tech.- M. Tech in Metallurgical & Materials Engineering (5 Years, Integrated B. Tech. and M. Tech.)","Integrated B. Tech.- M. Tech in Metallurgical & Materials Engineering (5 Years, Integrated B. Tech. and M. Tech.)",MEMS,Metallurgy Engineering And Material Science,27,1,taxonomy alias row
JoSAA,"Integrated Circuit Design & Technology (4 Years, Bachelor of Technology)","Integrated Circuit Design & Technology (4 Years, Bachelor of Technology)",ELEC,Electrical / Electronics / Communications Engineering,105,1,taxonomy alias row
JoSAA,"Interdisciplinary Sciences (5 Years, Bachelor of Science and Master of Science (Dual Degree))","Interdisciplinary Sciences (5 Years, Bachelor of Science and Master of Science (Dual Degree))",GENSCI,Science,214,1,taxonomy alias row
JoSAA,"Life Science (5 Years, Integrated Master of Science)","Life Science (5 Years, Integrated Master of Science)",LIFESCI,Life Science,681,1,taxonomy alias row
JoSAA,"Manufacturing Science and Engineering (4 Years, Bachelor of Technology)","Manufacturing Science and Engineering (4 Years, Bachelor of Technology)",INDENG,Industrial / Manufacturing / Production Engineering,520,1,taxonomy alias row
JoSAA,"Material Science and Engineering (5 Years, Bachelor and Master of Technology (Dual Degree))","Material Science and Engineering (5 Years, Bachelor and Master of Technology (Dual Degree))",MEMS,Metallurgy Engineering And Material Science,213,1,taxonomy alias row
JoSAA,"Materials Engineering (4 Years, Bachelor of Technology)","Materials Engineering (4 Years, Bachelor of Technology)",MEMS,Metallurgy Engineering And Material Science,1361,5,taxonomy alias row
JoSAA,"Materials Engineering (5 Years, Integrated Master of Technology)","Materials Engineering (5 Years, Integrated Master of Technology)",MEMS,Metallurgy Engineering And Material Science,83,1,taxonomy alias row
JoSAA,"Materials Science and Engineering (4 Years, Bachelor of Technology)","Materials Science and Engineering (4 Years, Bachelor of Technology)",MEMS,Metallurgy Engineering And Material Science,2477,5,taxonomy alias row
JoSAA,"Materials Science and Metallurgical Engineering (4 Years, Bachelor of Technology)","Materials Science and Metallurgical Engineering (4 Years, Bachelor of Technology)",MEMS,Metallurgy Engineering And Material Science,1713,3,taxonomy alias row
JoSAA,"Materials Science and Technology (5 Years, Bachelor and Master of Technology (Dual Degree))","Materials Science and Technology (5 Years, Bachelor and Master of Technology (Dual Degree))",MEMS,Metallurgy Engineering And Material Science,411,1,taxonomy alias row
JoSAA,"Mathematics & Computing (5 Years, Bachelor of Science and Master of Science (Dual Degree))","Mathematics & Computing (5 Years, Bachelor of Science and Master of Science (Dual Degree))",MNC,Mathematics And Computing,646,2,taxonomy alias row
JoSAA,"Mathematics (5 Years, Integrated Master of Science)","Mathematics (5 Years, Integrated Master of Science)",MATH,Mathematics,1965,5,taxonomy alias row
JoSAA,"Mathematics and Computing (4 Years, Bachelor of Science)","Mathematics and Computing (4 Years, Bachelor of Science)",MNC,Mathematics And Computing,480,2,taxonomy alias row
JoSAA,"Mathematics and Computing (4 Years, Bachelor of Technology)","Mathematics and Computing (4 Years, Bachelor of Technology)",MNC,Mathematics And Computing,5650,22,taxonomy alias row
JoSAA,"Mathematics and Computing (5 Years, Bachelor and Master of Technology (Dual Degree))","Mathematics and Computing (5 Years, Bachelor and Master of Technology (Dual Degree))",MNC,Mathematics And Computing,1000,2,taxonomy alias row
JoSAA,"Mathematics and Computing (5 Years, Integrated Master of Science)","Mathematics and Computing (5 Years, Integrated Master of Science)",MNC,Mathematics And Computing,628,3,taxonomy alias row
JoSAA,"Mathematics and Computing Technology (5 Years, Bachelor and Master of Technology (Dual Degree))","Mathematics and Computing Technology (5 Years, Bachelor and Master of Technology (Dual Degree))",MNC,Mathematics And Computing,198,1,taxonomy alias row
JoSAA,"Mathematics and Data Science (5 Years, Bachelor and Master of Technology (Dual Degree))","Mathematics and Data Science (5 Years, Bachelor and Master of Technology (Dual Degree))",AIML,Artificial Intelligence / Machine Learning / Data Science,464,1,taxonomy alias row
JoSAA,"Mathematics and Scientific Computing (4 Years, Bachelor of Science)","Mathematics and Scientific Computing (4 Years, Bachelor of Science)",MNC,Mathematics And Computing,623,1,taxonomy alias row
JoSAA,"Mathematics and Scientific Computing (4 Years, Bachelor of Technology)","Mathematics and Scientific Computing (4 Years, Bachelor of Technology)",MNC,Mathematics And Computing,177,1,taxonomy alias row
JoSAA,"Mechanical Engineering (4 Years, Bachelor of Technology)","Mechanical Engineering (4 Years, Bachelor of Technology)",MECHENG,Mechanical / Mechatronics Engineering ,51934,77,taxonomy alias row
JoSAA,"Mechanical Engineering (5 Years, Bachelor and Master of Technology (Dual Degree))","Mechanical Engineering (5 Years, Bachelor and Master of Technology (Dual Degree))",MECHENG,Mechanical / Mechatronics Engineering ,1123,8,taxonomy alias row
JoSAA,"Mechanical Engineering with Specialization in Manufacturing and Industrial Engineering (5 Years, Bachelor and Master of Technology (Dual Degree))","Mechanical Engineering with Specialization in Manufacturing and Industrial Engineering (5 Years, Bachelor and Master of Technology (Dual Degree))",MECHENG,Mechanical / Mechatronics Engineering ,350,1,taxonomy alias row
JoSAA,"Mechanical Engineering with specialization in Design and Manufacturing (4 Years, Bachelor of Technology)","Mechanical Engineering with specialization in Design and Manufacturing (4 Years, Bachelor of Technology)",MECHENG,Mechanical / Mechatronics Engineering ,429,2,taxonomy alias row
JoSAA,"Mechatronics Engineering (4 Years, Bachelor of Technology)","Mechatronics Engineering (4 Years, Bachelor of Technology)",MECHENG,Mechanical / Mechatronics Engineering ,675,4,taxonomy alias row
JoSAA,"Mechatronics and Automation Engineering (4 Years, Bachelor of Technology)","Mechatronics and Automation Engineering (4 Years, Bachelor of Technology)",MECHENG,Mechanical / Mechatronics Engineering ,330,2,taxonomy alias row
JoSAA,"Metallurgical Engineering (4 Years, Bachelor of Technology)","Metallurgical Engineering (4 Years, Bachelor of Technology)",MEMS,Metallurgy Engineering And Material Science,766,2,taxonomy alias row
JoSAA,"Metallurgical Engineering (5 Years, Bachelor and Master of Technology (Dual Degree))","Metallurgical Engineering (5 Years, Bachelor and Master of Technology (Dual Degree))",MEMS,Metallurgy Engineering And Material Science,419,1,taxonomy alias row
JoSAA,"Metallurgical Engineering and Materials Science (4 Years, Bachelor of Technology)","Metallurgical Engineering and Materials Science (4 Years, Bachelor of Technology)",MEMS,Metallurgy Engineering And Material Science,1109,2,taxonomy alias row
JoSAA,"Metallurgical and Materials Engineering (4 Years, Bachelor of Technology)","Metallurgical and Materials Engineering (4 Years, Bachelor of Technology)",MEMS,Metallurgy Engineering And Material Science,15125,19,taxonomy alias row
JoSAA,"Metallurgical and Materials Engineering (5 Years, Bachelor and Master of Technology (Dual Degree))","Metallurgical and Materials Engineering (5 Years, Bachelor and Master of Technology (Dual Degree))",MEMS,Metallurgy Engineering And Material Science,1206,5,taxonomy alias row
JoSAA,"Metallurgy and Materials Engineering (4 Years, Bachelor of Technology)","Metallurgy and Materials Engineering (4 Years, Bachelor of Technology)",MEMS,Metallurgy Engineering And Material Science,1353,3,taxonomy alias row
JoSAA,"Microelectronics & VLSI Engineering (4 Years, Bachelor of Technology)","Microelectronics & VLSI Engineering (4 Years, Bachelor of Technology)",ELEC,Electrical / Electronics / Communications Engineering,212,1,taxonomy alias row
JoSAA,"Mineral and Metallurgical Engineering (4 Years, Bachelor of Technology)","Mineral and Metallurgical Engineering (4 Years, Bachelor of Technology)",MEMS,Metallurgy Engineering And Material Science,346,1,taxonomy alias row
JoSAA,"Mining Engineering (4 Years, Bachelor of Technology)","Mining Engineering (4 Years, Bachelor of Technology)",MININGENG,Mining Engineering,6055,9,taxonomy alias row
JoSAA,"Mining Engineering (5 Years, Bachelor and Master of Technology (Dual Degree))","Mining Engineering (5 Years, Bachelor and Master of Technology (Dual Degree))",MININGENG,Mining Engineering,1294,4,taxonomy alias row
JoSAA,"Mining Machinery Engineering (4 Years, Bachelor of Technology)","Mining Machinery Engineering (4 Years, Bachelor of Technology)",MININGENG,Mining Engineering,503,2,taxonomy alias row
JoSAA,"Naval Architecture and Ocean Engineering (4 Years, Bachelor of Technology)","Naval Architecture and Ocean Engineering (4 Years, Bachelor of Technology)",MARINE,Marine / Ocean Engineering,561,1,taxonomy alias row
JoSAA,"Ocean Engineering and Naval Architecture (4 Years, Bachelor of Technology)","Ocean Engineering and Naval Architecture (4 Years, Bachelor of Technology)",MARINE,Marine / Ocean Engineering,527,1,taxonomy alias row
JoSAA,"Petroleum Engineering (4 Years, Bachelor of Technology)","Petroleum Engineering (4 Years, Bachelor of Technology)",PETROLENG,Petroleum Engineering,528,2,taxonomy alias row
JoSAA,"Pharmaceutical Engineering & Technology (4 Years, Bachelor of Technology)","Pharmaceutical Engineering & Technology (4 Years, Bachelor of Technology)",PHARMAENG,Pharmaceutical Engineering,505,1,taxonomy alias row
JoSAA,"Pharmaceutical Engineering & Technology (5 Years, Bachelor and Master of Technology (Dual Degree))","Pharmaceutical Engineering & Technology (5 Years, Bachelor and Master of Technology (Dual Degree))",PHARMAENG,Pharmaceutical Engineering,329,1,taxonomy alias row
JoSAA,"Physics (4 Years, Bachelor of Science)","Physics (4 Years, Bachelor of Science)",PHYSICS,Physics,866,3,taxonomy alias row
JoSAA,"Physics (5 Years, Bachelor of Science and Master of Science (Dual Degree))","Physics (5 Years, Bachelor of Science and Master of Science (Dual Degree))",PHYSICS,Physics,1111,3,taxonomy alias row
JoSAA,"Physics (5 Years, Integrated Master of Science)","Physics (5 Years, Integrated Master of Science)",PHYSICS,Physics,2604,8,taxonomy alias row
JoSAA,"Physics with Specialization (4 Years, Bachelor of Science)","Physics with Specialization (4 Years, Bachelor of Science)",PHYSICS,Physics,187,1,taxonomy alias row
JoSAA,"Planning (4 Years, Bachelor of Planning)","Planning (4 Years, Bachelor of Planning)",PLAN,Planning,1904,4,taxonomy alias row
JoSAA,"Printing and Packaging Technology (4 Years, Bachelor of Technology)","Printing and Packaging Technology (4 Years, Bachelor of Technology)",PRINTENG,Printing Engineering,86,1,taxonomy alias row
JoSAA,"Production Engineering (4 Years, Bachelor of Technology)","Production Engineering (4 Years, Bachelor of Technology)",INDENG,Industrial / Manufacturing / Production Engineering,3360,4,taxonomy alias row
JoSAA,"Production and Industrial Engineering (4 Years, Bachelor of Technology)","Production and Industrial Engineering (4 Years, Bachelor of Technology)",INDENG,Industrial / Manufacturing / Production Engineering,4958,8,taxonomy alias row
JoSAA,"Quantitative Economics & Data Science (5 Years, Integrated Master of Science)","Quantitative Economics & Data Science (5 Years, Integrated Master of Science)",ECON,Economics,274,1,taxonomy alias row
JoSAA,"ROBOTICS & AUTOMATION (4 Years, Bachelor of Technology)","ROBOTICS & AUTOMATION (4 Years, Bachelor of Technology)",ROBOENG,Robotics Engineering,205,1,taxonomy alias row
JoSAA,"SUSTAINABLE ENERGY TECHNOLOGIES (4 Years, Bachelor of Technology)","SUSTAINABLE ENERGY TECHNOLOGIES (4 Years, Bachelor of Technology)",ENERGYENG,Energy Engineering,194,1,taxonomy alias row
JoSAA,"Smart Manufacturing (4 Years, Bachelor of Technology)","Smart Manufacturing (4 Years, Bachelor of Technology)",INDENG,Industrial / Manufacturing / Production Engineering,775,2,taxonomy alias row
JoSAA,"Space Sciences and Engineering (4 Years, Bachelor of Technology)","Space Sciences and Engineering (4 Years, Bachelor of Technology)",SPACEENG,Space Engineering,88,1,taxonomy alias row
JoSAA,"Statistics and Data Science (4 Years, Bachelor of Science)","Statistics and Data Science (4 Years, Bachelor of Science)",AIML,Artificial Intelligence / Machine Learning / Data Science,284,1,taxonomy alias row
JoSAA,"Textile Technology (4 Years, Bachelor of Technology)","Textile Technology (4 Years, Bachelor of Technology)",TEXTILE,Textile Engineering,1534,2,taxonomy alias row
JoSAA,"VLSI Design and Technology (4 Years, Bachelor of Technology)","VLSI Design and Technology (4 Years, Bachelor of Technology)",ELEC,Electrical / Electronics / Communications Engineering,154,1,taxonomy alias row
KCET,AERONAUTICAL ENGINEERING,AERONAUTICAL ENGINEERING,AERO,Aerospace Engineering,113,16,taxonomy alias row
KCET,ARTIFICIAL INTELLIGENCE AND DATA SCIENCE,ARTIFICIAL INTELLIGENCE AND DATA SCIENCE,AIML,Artificial Intelligence / Machine Learning / Data Science,367,38,taxonomy alias row
KCET,ARTIFICIAL INTELLIGENCE AND MACHINE LEARNING,ARTIFICIAL INTELLIGENCE AND MACHINE LEARNING,AIML,Artificial Intelligence / Machine Learning / Data Science,1104,91,taxonomy alias row
KCET,AUTOMATION AND ROBOTICS,AUTOMATION AND ROBOTICS,ROBOENG,Robotics Engineering,15,2,taxonomy alias row
KCET,AUTOMOBILE ENGINEERING,AUTOMOBILE ENGINEERING,AUTOENG,Automobile Engineering,16,3,taxonomy alias row
KCET,BIO-MEDICAL ENGINEERING,BIO-MEDICAL ENGINEERING,BIOMEDENG,Biomedical Engineering,7,4,taxonomy alias row
KCET,BIO-TECHNOLOGY,BIO-TECHNOLOGY,BIOTECH,Biotechnology,124,14,taxonomy alias row
KCET,CHEMICAL ENGINEERING,CHEMICAL ENGINEERING,CHEMENG,Chemical Engineering,81,10,taxonomy alias row
KCET,CIVIL ENGINEERING,CIVIL ENGINEERING,CIVILENG,Civil Engineering,380,102,taxonomy alias row
KCET,COMPUTER ENGINEERING,COMPUTER ENGINEERING,CSIT,Computer Science / Information Technology,14,4,taxonomy alias row
KCET,COMPUTER SCIENCE,COMPUTER SCIENCE,CSIT,Computer Science / Information Technology,14,3,taxonomy alias row
KCET,COMPUTER SCIENCE AND BUSINESS SYSTEMS,COMPUTER SCIENCE AND BUSINESS SYSTEMS,CSIT,Computer Science / Information Technology,136,13,taxonomy alias row
KCET,COMPUTER SCIENCE AND DESIGN,COMPUTER SCIENCE AND DESIGN,CSIT,Computer Science / Information Technology,109,17,taxonomy alias row
KCET,COMPUTER SCIENCE AND ENGINEERING,COMPUTER SCIENCE AND ENGINEERING,CSIT,Computer Science / Information Technology,2934,192,taxonomy alias row
KCET,COMPUTER SCIENCE AND ENGINEERING(DATA SCIENCE),COMPUTER SCIENCE AND ENGINEERING(DATA SCIENCE),CSIT,Computer Science / Information Technology,563,54,taxonomy alias row
KCET,CYBER SECURITY,CYBER SECURITY,CYBERSEC,Cyber Security,2,2,taxonomy alias row
KCET,DESIGN,DESIGN,DESIGN,Design,2,2,taxonomy alias row
KCET,ENGINEERING DESIGN,ENGINEERING DESIGN,ENGDES,Engineering Design,1,1,taxonomy alias row
KCET,ENVIRONMENTAL ENGINEERING,ENVIRONMENTAL ENGINEERING,ENVENG,Environmental Engineering,12,1,taxonomy alias row
KCET,INDUSTRIAL DESIGN,INDUSTRIAL DESIGN,INDENG,Industrial / Manufacturing / Production Engineering,1,1,taxonomy alias row
KCET,INDUSTRIAL IOT,INDUSTRIAL IOT,INDENG,Industrial / Manufacturing / Production Engineering,1,1,taxonomy alias row
KCET,MARINE ENGINEERING,MARINE ENGINEERING,MARINE,Marine / Ocean Engineering,1,1,taxonomy alias row
KCET,MECHANICAL ENGINEERING,MECHANICAL ENGINEERING,MECHENG,Mechanical / Mechatronics Engineering ,473,105,taxonomy alias row
KCET,MINING ENGINEERING,MINING ENGINEERING,MININGENG,Mining Engineering,1,1,taxonomy alias row
KCET,PLANNING,PLANNING,PLAN,Planning,1,1,taxonomy alias row
KCET,PRODUCTION ENGINEERING,PRODUCTION ENGINEERING,INDENG,Industrial / Manufacturing / Production Engineering,1,1,taxonomy alias row
KCET,ROBOTICS AND ARTIFICIAL INTELLIGENCE,ROBOTICS AND ARTIFICIAL INTELLIGENCE,AIML,Artificial Intelligence / Machine Learning / Data Science,146,18,taxonomy alias row
KCET,ROBOTICS AND AUTOMATION,ROBOTICS AND AUTOMATION,ROBOENG,Robotics Engineering,41,6,taxonomy alias row
KEAM,Aeronautical Engineering,Aeronautical Engineering,AERO,Aerospace Engineering,157,5,taxonomy alias row
KEAM,Artificial Intelligence,Artificial Intelligence,AIML,Artificial Intelligence / Machine Learning / Data Science,28,1,taxonomy alias row
KEAM,Artificial Intelligence and Data Science,Artificial Intelligence and Data Science,AIML,Artificial Intelligence / Machine Learning / Data Science,587,31,taxonomy alias row
KEAM,Artificial Intelligence and Machine Learning,Artificial Intelligence and Machine Learning,AIML,Artificial Intelligence / Machine Learning / Data Science,381,21,taxonomy alias row
KEAM,Automobile Engineering,Automobile Engineering,AUTOENG,Automobile Engineering,41,4,taxonomy alias row
KEAM,Bio Medical Engineering,Bio Medical Engineering,BIOMEDENG,Biomedical Engineering,250,9,taxonomy alias row
KEAM,Bio Technology,Bio Technology,BIOTECH,Biotechnology,62,2,taxonomy alias row
KEAM,Chemical Engineering,Chemical Engineering,CHEMENG,Chemical Engineering,334,9,taxonomy alias row
KEAM,Civil Engineering,Civil Engineering,CIVILENG,Civil Engineering,1893,98,taxonomy alias row
KEAM,Civil and Environmental Engineering,Civil and Environmental Engineering,CIVILENG,Civil Engineering,50,2,taxonomy alias row
KEAM,Computer Science and Business Systems,Computer Science and Business Systems,CSIT,Computer Science / Information Technology,97,8,taxonomy alias row
KEAM,Computer Science and Design,Computer Science and Design,CSIT,Computer Science / Information Technology,52,4,taxonomy alias row
KEAM,Computer Science and Engineering,Computer Science and Engineering,CSIT,Computer Science / Information Technology,2267,112,taxonomy alias row
KEAM,Computer Science and Engineering (Artificial Intelligence and Data Science),Computer Science and Engineering (Artificial Intelligence and Data Science),CSIT,Computer Science / Information Technology,16,1,taxonomy alias row
KEAM,Electrical & Electronics,Electrical & Electronics,ELEC,Electrical / Electronics / Communications Engineering,714,81,taxonomy alias row
KEAM,Electrical and Computer Engineering,Electrical and Computer Engineering,CSIT,Computer Science / Information Technology,264,14,taxonomy alias row
KEAM,Electrical and Electronics Engineering,Electrical and Electronics Engineering,ELEC,Electrical / Electronics / Communications Engineering,1152,84,taxonomy alias row
KEAM,Electronics and Computer Engineering,Electronics and Computer Engineering,ELEC,Electrical / Electronics / Communications Engineering,150,11,taxonomy alias row
KEAM,Food Technology,Food Technology,FOODENG,Food Engineering,342,10,taxonomy alias row
KEAM,Industrial Engineering,Industrial Engineering,INDENG,Industrial / Manufacturing / Production Engineering,71,2,taxonomy alias row
KEAM,Information Technology,Information Technology,CSIT,Computer Science / Information Technology,352,8,taxonomy alias row
KEAM,Internet of Things,Internet of Things,INDENG,Industrial / Manufacturing / Production Engineering,4,1,taxonomy alias row
KEAM,Mechanical Engineering,Mechanical Engineering,MECHENG,Mechanical / Mechatronics Engineering ,2319,98,taxonomy alias row
KEAM,Mechatronics Engineering,Mechatronics Engineering,MECHENG,Mechanical / Mechatronics Engineering ,83,6,taxonomy alias row
KEAM,Production Engineering,Production Engineering,INDENG,Industrial / Manufacturing / Production Engineering,42,2,taxonomy alias row
KEAM,Robotics and Artificial Intelligence,Robotics and Artificial Intelligence,AIML,Artificial Intelligence / Machine Learning / Data Science,105,7,taxonomy alias row
MHT-CET,5G,5G,ELEC,Electrical / Electronics / Communications Engineering,18,1,taxonomy alias row
MHT-CET,Aeronautical Engineering,Aeronautical Engineering,AERO,Aerospace Engineering,74,4,taxonomy alias row
MHT-CET,Agricultural Engineering,Agricultural Engineering,AGRIENG,Agricultural Engineering,15,1,taxonomy alias row
MHT-CET,Architecture,Architecture,ARCH,Architecture,983,55,taxonomy alias row
MHT-CET,Artificial Intelligence,Artificial Intelligence,AIML,Artificial Intelligence / Machine Learning / Data Science,208,13,taxonomy alias row
MHT-CET,Artificial Intelligence (AI) and Data Science,Artificial Intelligence (AI) and Data Science,AIML,Artificial Intelligence / Machine Learning / Data Science,1117,42,taxonomy alias row
MHT-CET,Artificial Intelligence and Data Science,Artificial Intelligence and Data Science,AIML,Artificial Intelligence / Machine Learning / Data Science,2167,89,taxonomy alias row
MHT-CET,Artificial Intelligence and Machine Learning,Artificial Intelligence and Machine Learning,AIML,Artificial Intelligence / Machine Learning / Data Science,1087,51,taxonomy alias row
MHT-CET,Automation and Robotics,Automation and Robotics,ROBOENG,Robotics Engineering,409,16,taxonomy alias row
MHT-CET,Automobile Engineering,Automobile Engineering,AUTOENG,Automobile Engineering,95,6,taxonomy alias row
MHT-CET,Bio Medical Engineering,Bio Medical Engineering,BIOMEDENG,Biomedical Engineering,67,3,taxonomy alias row
MHT-CET,Bio Technology,Bio Technology,BIOTECH,Biotechnology,82,4,taxonomy alias row
MHT-CET,Chemical Engineering,Chemical Engineering,CHEMENG,Chemical Engineering,652,28,taxonomy alias row
MHT-CET,Civil Engineering,Civil Engineering,CIVILENG,Civil Engineering,4795,253,taxonomy alias row
MHT-CET,Civil Engineering and Planning,Civil Engineering and Planning,CIVILENG,Civil Engineering,13,1,taxonomy alias row
MHT-CET,Civil and Environmental Engineering,Civil and Environmental Engineering,CIVILENG,Civil Engineering,64,3,taxonomy alias row
MHT-CET,Civil and infrastructure Engineering,Civil and infrastructure Engineering,CIVILENG,Civil Engineering,58,2,taxonomy alias row
MHT-CET,Computer Engineering,Computer Engineering,CSIT,Computer Science / Information Technology,6058,219,taxonomy alias row
MHT-CET,Computer Engineering (Software Engineering),Computer Engineering (Software Engineering),CSIT,Computer Science / Information Technology,59,2,taxonomy alias row
MHT-CET,Computer Science,Computer Science,CSIT,Computer Science / Information Technology,131,5,taxonomy alias row
MHT-CET,Computer Science and Business Systems,Computer Science and Business Systems,CSIT,Computer Science / Information Technology,82,4,taxonomy alias row
MHT-CET,Computer Science and Design,Computer Science and Design,CSIT,Computer Science / Information Technology,144,7,taxonomy alias row
MHT-CET,Computer Science and Engineering,Computer Science and Engineering,CSIT,Computer Science / Information Technology,4178,144,taxonomy alias row
MHT-CET,Computer Science and Engineering (Artificial Intelligence and Data Science),Computer Science and Engineering (Artificial Intelligence and Data Science),CSIT,Computer Science / Information Technology,51,3,taxonomy alias row
MHT-CET,Computer Science and Engineering (IoT),Computer Science and Engineering (IoT),CSIT,Computer Science / Information Technology,46,4,taxonomy alias row
MHT-CET,Computer Science and Engineering(Data Science),Computer Science and Engineering(Data Science),CSIT,Computer Science / Information Technology,671,37,taxonomy alias row
MHT-CET,Computer Science and Information Technology,Computer Science and Information Technology,CSIT,Computer Science / Information Technology,107,4,taxonomy alias row
MHT-CET,Computer Science and Technology,Computer Science and Technology,CSIT,Computer Science / Information Technology,32,1,taxonomy alias row
MHT-CET,Computer Technology,Computer Technology,CSIT,Computer Science / Information Technology,64,4,taxonomy alias row
MHT-CET,Cyber Security,Cyber Security,CYBERSEC,Cyber Security,51,4,taxonomy alias row
MHT-CET,Data Science,Data Science,AIML,Artificial Intelligence / Machine Learning / Data Science,71,6,taxonomy alias row
MHT-CET,Design,Design,DESIGN,Design,19,3,taxonomy alias row
MHT-CET,Dyestuff Technology,Dyestuff Technology,OILPAINTTECH,"Oil, Paints, Dye Technology",11,1,taxonomy alias row
MHT-CET,Electrical Engg[Electronics and Power],Electrical Engg[Electronics and Power],ELEC,Electrical / Electronics / Communications Engineering,204,8,taxonomy alias row
MHT-CET,Electrical Engineering,Electrical Engineering,ELEC,Electrical / Electronics / Communications Engineering,3688,194,taxonomy alias row
MHT-CET,Electrical and Computer Engineering,Electrical and Computer Engineering,CSIT,Computer Science / Information Technology,91,6,taxonomy alias row
MHT-CET,Electrical and Electronics Engineering,Electrical and Electronics Engineering,ELEC,Electrical / Electronics / Communications Engineering,55,4,taxonomy alias row
MHT-CET,Electronics Engineering,Electronics Engineering,ELEC,Electrical / Electronics / Communications Engineering,164,7,taxonomy alias row
MHT-CET,Electronics and Biomedical Engineering,Electronics and Biomedical Engineering,ELEC,Electrical / Electronics / Communications Engineering,27,1,taxonomy alias row
MHT-CET,Electronics and Computer Engineering,Electronics and Computer Engineering,ELEC,Electrical / Electronics / Communications Engineering,1007,45,taxonomy alias row
MHT-CET,Electronics and Computer Science,Electronics and Computer Science,CSIT,Computer Science / Information Technology,277,24,taxonomy alias row
MHT-CET,Electronics and Telecommunication Engg,Electronics and Telecommunication Engg,ELEC,Electrical / Electronics / Communications Engineering,5261,238,taxonomy alias row
MHT-CET,Fibres and Textile Processing Technology,Fibres and Textile Processing Technology,TEXTILE,Textile Engineering,14,1,taxonomy alias row
MHT-CET,Food Engineering,Food Engineering,FOODENG,Food Engineering,9,1,taxonomy alias row
MHT-CET,Food Engineering and Technology,Food Engineering and Technology,FOODENG,Food Engineering,11,1,taxonomy alias row
MHT-CET,Food Technology,Food Technology,FOODENG,Food Engineering,148,8,taxonomy alias row
MHT-CET,Food Technology And Management,Food Technology And Management,FOODENG,Food Engineering,36,1,taxonomy alias row
MHT-CET,Industrial IoT,Industrial IoT,INDENG,Industrial / Manufacturing / Production Engineering,30,3,taxonomy alias row
MHT-CET,Information Technology,Information Technology,CSIT,Computer Science / Information Technology,3524,158,taxonomy alias row
MHT-CET,Instrumentation Engineering,Instrumentation Engineering,INSTRENG,Instrumentation Engineering,180,10,taxonomy alias row
MHT-CET,Instrumentation and Control Engineering,Instrumentation and Control Engineering,INSTRENG,Instrumentation Engineering,142,6,taxonomy alias row
MHT-CET,Internet of Things (IoT),Internet of Things (IoT),INDENG,Industrial / Manufacturing / Production Engineering,6,1,taxonomy alias row
MHT-CET,Man Made Textile Technology,Man Made Textile Technology,TEXTILE,Textile Engineering,13,1,taxonomy alias row
MHT-CET,Manufacturing Science and Engineering,Manufacturing Science and Engineering,INDENG,Industrial / Manufacturing / Production Engineering,24,1,taxonomy alias row
MHT-CET,Mechanical & Automation Engineering,Mechanical & Automation Engineering,MECHENG,Mechanical / Mechatronics Engineering ,62,4,taxonomy alias row
MHT-CET,Mechanical Engineering,Mechanical Engineering,MECHENG,Mechanical / Mechatronics Engineering ,5827,297,taxonomy alias row
MHT-CET,Mechanical Engineering[Sandwich],Mechanical Engineering[Sandwich],MECHENG,Mechanical / Mechatronics Engineering ,17,1,taxonomy alias row
MHT-CET,Mechatronics Engineering,Mechatronics Engineering,MECHENG,Mechanical / Mechatronics Engineering ,281,12,taxonomy alias row
MHT-CET,Metallurgy and Material Technology,Metallurgy and Material Technology,MEMS,Metallurgy Engineering And Material Science,25,1,taxonomy alias row
MHT-CET,Mining Engineering,Mining Engineering,MININGENG,Mining Engineering,63,3,taxonomy alias row
MHT-CET,Oil Fats and Waxes Technology,Oil Fats and Waxes Technology,OILPAINTTECH,"Oil, Paints, Dye Technology",14,1,taxonomy alias row
MHT-CET,Oil Technology,Oil Technology,OILPAINTTECH,"Oil, Paints, Dye Technology",9,1,taxonomy alias row
MHT-CET,Oil and Paints Technology,Oil and Paints Technology,OILPAINTTECH,"Oil, Paints, Dye Technology",18,1,taxonomy alias row
MHT-CET,"Oil,Oleochemicals and Surfactants Technology","Oil,Oleochemicals and Surfactants Technology",OILPAINTTECH,"Oil, Paints, Dye Technology",10,1,taxonomy alias row
MHT-CET,Paints Technology,Paints Technology,OILPAINTTECH,"Oil, Paints, Dye Technology",15,1,taxonomy alias row
MHT-CET,Paper and Pulp Technology,Paper and Pulp Technology,PAPERENG,Paper And Printing Engineering,22,2,taxonomy alias row
MHT-CET,Petro Chemical Engineering,Petro Chemical Engineering,CHEMENG,Chemical Engineering,37,3,taxonomy alias row
MHT-CET,Pharmaceutical and Fine Chemical Technology,Pharmaceutical and Fine Chemical Technology,PHARMAENG,Pharmaceutical Engineering,12,1,taxonomy alias row
MHT-CET,Pharmaceuticals Chemistry and Technology,Pharmaceuticals Chemistry and Technology,PHARMAENG,Pharmaceutical Engineering,13,1,taxonomy alias row
MHT-CET,Pharmacy,Pharmacy,PHARMA,Pharmacy,11202,522,taxonomy alias row
MHT-CET,Plastic Technology,Plastic Technology,POLYMERTECH,Polymer Technology,17,1,taxonomy alias row
MHT-CET,Plastic and Polymer Engineering,Plastic and Polymer Engineering,POLYMERTECH,Polymer Technology,27,2,taxonomy alias row
MHT-CET,Polymer Engineering and Technology,Polymer Engineering and Technology,POLYMERTECH,Polymer Technology,10,1,taxonomy alias row
MHT-CET,Production Engineering,Production Engineering,INDENG,Industrial / Manufacturing / Production Engineering,22,1,taxonomy alias row
MHT-CET,Production Engineering[Sandwich],Production Engineering[Sandwich],INDENG,Industrial / Manufacturing / Production Engineering,25,1,taxonomy alias row
MHT-CET,Robotics and Artificial Intelligence,Robotics and Artificial Intelligence,AIML,Artificial Intelligence / Machine Learning / Data Science,86,5,taxonomy alias row
MHT-CET,Robotics and Automation,Robotics and Automation,ROBOENG,Robotics Engineering,147,6,taxonomy alias row
MHT-CET,Safety and Fire Engineering,Safety and Fire Engineering,SAFETYENG,Safety Engineering,9,1,taxonomy alias row
MHT-CET,Structural Engineering,Structural Engineering,CIVILENG,Civil Engineering,19,1,taxonomy alias row
MHT-CET,Surface Coating Technology,Surface Coating Technology,OILPAINTTECH,"Oil, Paints, Dye Technology",20,2,taxonomy alias row
MHT-CET,Textile Engineering / Technology,Textile Engineering / Technology,TEXTILE,Textile Engineering,4,1,taxonomy alias row
MHT-CET,Textile Technology,Textile Technology,TEXTILE,Textile Engineering,58,3,taxonomy alias row
MHT-CET,VLSI,VLSI,ELEC,Electrical / Electronics / Communications Engineering,21,1,taxonomy alias row
NEET,MBBS,MBBS,MBBS,MBBS,11340,1057,taxonomy alias row
OJEE,AEROSPACE ENGINEERING,AEROSPACE ENGINEERING,AERO,Aerospace Engineering,9,2,taxonomy alias row
OJEE,AEROSPACE ENGINEERING - TFW,AEROSPACE ENGINEERING,AERO,Aerospace Engineering,1,1,taxonomy alias row
OJEE,Aeronautical Engineering,Aeronautical Engineering,AERO,Aerospace Engineering,4,1,taxonomy alias row
OJEE,Automobile Engineering,Automobile Engineering,AUTOENG,Automobile Engineering,5,2,taxonomy alias row
OJEE,Automobile Engineering - TFW,Automobile Engineering,AUTOENG,Automobile Engineering,1,1,taxonomy alias row
OJEE,Bio Technology(SSC),Bio Technology,BIOTECH,Biotechnology,6,1,taxonomy alias row
OJEE,Bio Technology(SSC) - TFW,Bio Technology,BIOTECH,Biotechnology,1,1,taxonomy alias row
OJEE,Bio Technology,Bio Technology,BIOTECH,Biotechnology,9,4,taxonomy alias row
OJEE,Biomedical Engineering,Biomedical Engineering,BIOMEDENG,Biomedical Engineering,7,2,taxonomy alias row
OJEE,Biomedical Engineering - TFW,Biomedical Engineering,BIOMEDENG,Biomedical Engineering,1,1,taxonomy alias row
OJEE,Chemical Engineering,Chemical Engineering,CHEMENG,Chemical Engineering,18,4,taxonomy alias row
OJEE,Chemical Engineering - TFW,Chemical Engineering,CHEMENG,Chemical Engineering,3,3,taxonomy alias row
OJEE,Civil Engineering,Civil Engineering,CIVILENG,Civil Engineering,169,78,taxonomy alias row
OJEE,Civil Engineering - TFW,Civil Engineering,CIVILENG,Civil Engineering,11,11,taxonomy alias row
OJEE,Civil Engineering(SSC),Civil Engineering,CIVILENG,Civil Engineering,7,1,taxonomy alias row
OJEE,Civil Engineering(SSC) - TFW,Civil Engineering,CIVILENG,Civil Engineering,1,1,taxonomy alias row
OJEE,Computer Engineering,Computer Engineering,CSIT,Computer Science / Information Technology,8,1,taxonomy alias row
OJEE,Computer Engineering - TFW,Computer Engineering,CSIT,Computer Science / Information Technology,1,1,taxonomy alias row
OJEE,Computer Science,Computer Science,CSIT,Computer Science / Information Technology,2,1,taxonomy alias row
OJEE,Computer Science and Engineering,Computer Science and Engineering,CSIT,Computer Science / Information Technology,257,85,taxonomy alias row
OJEE,Computer Science and Engineering - TFW,Computer Science and Engineering,CSIT,Computer Science / Information Technology,46,46,taxonomy alias row
OJEE,Computer Science and Engineering(SSC),Computer Science and Engineering,CSIT,Computer Science / Information Technology,32,4,taxonomy alias row
OJEE,Computer Science and Engineering(SSC) - TFW,Computer Science and Engineering,CSIT,Computer Science / Information Technology,4,4,taxonomy alias row
OJEE,Computer Science and Engineering (IoT) - TFW,Computer Science and Engineering (IoT),CSIT,Computer Science / Information Technology,1,1,taxonomy alias row
OJEE,Computer Science and Information Technology,Computer Science and Information Technology,CSIT,Computer Science / Information Technology,4,2,taxonomy alias row
OJEE,Computer Science and Information Technology - TFW,Computer Science and Information Technology,CSIT,Computer Science / Information Technology,2,2,taxonomy alias row
OJEE,Electrical Engineering,Electrical Engineering,ELEC,Electrical / Electronics / Communications Engineering,148,66,taxonomy alias row
OJEE,Electrical Engineering - TFW,Electrical Engineering,ELEC,Electrical / Electronics / Communications Engineering,13,13,taxonomy alias row
OJEE,Electrical and Computer Engineering,Electrical and Computer Engineering,CSIT,Computer Science / Information Technology,8,4,taxonomy alias row
OJEE,Electrical and Computer Engineering - TFW,Electrical and Computer Engineering,CSIT,Computer Science / Information Technology,2,2,taxonomy alias row
OJEE,Electrical and Electronics Engineering(SSC),Electrical and Electronics Engineering,ELEC,Electrical / Electronics / Communications Engineering,10,2,taxonomy alias row
OJEE,Electrical and Electronics Engineering(SSC) - TFW,Electrical and Electronics Engineering,ELEC,Electrical / Electronics / Communications Engineering,2,2,taxonomy alias row
OJEE,Electrical and Electronics Engineering,Electrical and Electronics Engineering,ELEC,Electrical / Electronics / Communications Engineering,64,35,taxonomy alias row
OJEE,Electrical and Electronics Engineering - TFW,Electrical and Electronics Engineering,ELEC,Electrical / Electronics / Communications Engineering,5,5,taxonomy alias row
OJEE,Electronics and Computer Engineering,Electronics and Computer Engineering,ELEC,Electrical / Electronics / Communications Engineering,3,2,taxonomy alias row
OJEE,Electronics and Computer Engineering - TFW,Electronics and Computer Engineering,ELEC,Electrical / Electronics / Communications Engineering,1,1,taxonomy alias row
OJEE,Environmental Engineering,Environmental Engineering,ENVENG,Environmental Engineering,2,1,taxonomy alias row
OJEE,FOOD ENGINEERING AND TECHNOLOGY,FOOD ENGINEERING AND TECHNOLOGY,FOODENG,Food Engineering,1,1,taxonomy alias row
OJEE,Information Technology(SSC),Information Technology,CSIT,Computer Science / Information Technology,8,1,taxonomy alias row
OJEE,Information Technology(SSC) - TFW,Information Technology,CSIT,Computer Science / Information Technology,1,1,taxonomy alias row
OJEE,Information Technology,Information Technology,CSIT,Computer Science / Information Technology,4,3,taxonomy alias row
OJEE,Information Technology - TFW,Information Technology,CSIT,Computer Science / Information Technology,2,2,taxonomy alias row
OJEE,Mechanical & Automation Engineering - TFW,Mechanical & Automation Engineering,MECHENG,Mechanical / Mechatronics Engineering ,1,1,taxonomy alias row
OJEE,Mechanical Engineering,Mechanical Engineering,MECHENG,Mechanical / Mechatronics Engineering ,178,85,taxonomy alias row
OJEE,Mechanical Engineering - TFW,Mechanical Engineering,MECHENG,Mechanical / Mechatronics Engineering ,15,15,taxonomy alias row
OJEE,Mining Engineering,Mining Engineering,MININGENG,Mining Engineering,16,6,taxonomy alias row
OJEE,Mining Engineering - TFW,Mining Engineering,MININGENG,Mining Engineering,3,3,taxonomy alias row
OJEE,Production Engineering,Production Engineering,INDENG,Industrial / Manufacturing / Production Engineering,12,2,taxonomy alias row
OJEE,Production Engineering - TFW,Production Engineering,INDENG,Industrial / Manufacturing / Production Engineering,2,2,taxonomy alias row
OJEE,SAFETY AND FIRE ENGINEERING,SAFETY AND FIRE ENGINEERING,SAFETYENG,Safety Engineering,4,1,taxonomy alias row
OJEE,SAFETY AND FIRE ENGINEERING - TFW,SAFETY AND FIRE ENGINEERING,SAFETYENG,Safety Engineering,1,1,taxonomy alias row
OJEE,Textile Engineering,Textile Engineering,TEXTILE,Textile Engineering,6,1,taxonomy alias row
OJEE,Textile Engineering - TFW,Textile Engineering,TEXTILE,Textile Engineering,1,1,taxonomy alias row
TG-EAPCET,AERONAUTICAL ENGINEERING,AERONAUTICAL ENGINEERING,AERO,Aerospace Engineering,88,4,taxonomy alias row
TG-EAPCET,AGRICULTURAL ENGINEERING,AGRICULTURAL ENGINEERING,AGRIENG,Agricultural Engineering,22,1,taxonomy alias row
TG-EAPCET,ARTIFICIAL INTELLIGENCE,ARTIFICIAL INTELLIGENCE,AIML,Artificial Intelligence / Machine Learning / Data Science,22,1,taxonomy alias row
TG-EAPCET,ARTIFICIAL INTELLIGENCE AND DATA SCIENCE,ARTIFICIAL INTELLIGENCE AND DATA SCIENCE,AIML,Artificial Intelligence / Machine Learning / Data Science,341,17,taxonomy alias row
TG-EAPCET,ARTIFICIAL INTELLIGENCE AND MACHINE LEARNING,ARTIFICIAL INTELLIGENCE AND MACHINE LEARNING,AIML,Artificial Intelligence / Machine Learning / Data Science,352,16,taxonomy alias row
TG-EAPCET,AUTOMOBILE ENGINEERING,AUTOMOBILE ENGINEERING,AUTOENG,Automobile Engineering,22,1,taxonomy alias row
TG-EAPCET,BIO-MEDICAL ENGINEERING,BIO-MEDICAL ENGINEERING,BIOMEDENG,Biomedical Engineering,44,2,taxonomy alias row
TG-EAPCET,BIO-TECHNOLOGY,BIO-TECHNOLOGY,BIOTECH,Biotechnology,88,4,taxonomy alias row
TG-EAPCET,CHEMICAL ENGINEERING,CHEMICAL ENGINEERING,CHEMENG,Chemical Engineering,88,4,taxonomy alias row
TG-EAPCET,CIVIL ENGINEERING,CIVIL ENGINEERING,CIVILENG,Civil Engineering,1947,91,taxonomy alias row
TG-EAPCET,COMPUTER ENGINEERING,COMPUTER ENGINEERING,CSIT,Computer Science / Information Technology,11,1,taxonomy alias row
TG-EAPCET,COMPUTER ENGINEERING(SOFTWARE ENGINEERING),COMPUTER ENGINEERING(SOFTWARE ENGINEERING),CSIT,Computer Science / Information Technology,66,3,taxonomy alias row
TG-EAPCET,COMPUTER SCIENCE AND ENGINEERING,COMPUTER SCIENCE AND ENGINEERING,CSIT,Computer Science / Information Technology,3201,152,taxonomy alias row
TG-EAPCET,COMPUTER SCIENCE AND ENGINEERING (DATA SCIENCE),COMPUTER SCIENCE AND ENGINEERING (DATA SCIENCE),CSIT,Computer Science / Information Technology,1914,91,taxonomy alias row
TG-EAPCET,COMPUTER SCIENCE AND ENGINEERING (IOT),COMPUTER SCIENCE AND ENGINEERING (IOT),CSIT,Computer Science / Information Technology,176,8,taxonomy alias row
TG-EAPCET,COMPUTER SCIENCE AND INFORMATION TECHNOLOGY,COMPUTER SCIENCE AND INFORMATION TECHNOLOGY,CSIT,Computer Science / Information Technology,187,9,taxonomy alias row
TG-EAPCET,ELECTRICAL AND ELECTRONICS ENGINEERING,ELECTRICAL AND ELECTRONICS ENGINEERING,ELEC,Electrical / Electronics / Communications Engineering,2255,106,taxonomy alias row
TG-EAPCET,ELECTRONICS AND COMPUTER ENGINEERING,ELECTRONICS AND COMPUTER ENGINEERING,ELEC,Electrical / Electronics / Communications Engineering,22,1,taxonomy alias row
TG-EAPCET,FOOD TECHNOLOGY,FOOD TECHNOLOGY,FOODENG,Food Engineering,44,2,taxonomy alias row
TG-EAPCET,INFORMATION TECHNOLOGY,INFORMATION TECHNOLOGY,CSIT,Computer Science / Information Technology,869,43,taxonomy alias row
TG-EAPCET,MECHANICAL ENGINEERING,MECHANICAL ENGINEERING,MECHENG,Mechanical / Mechatronics Engineering ,1760,80,taxonomy alias row
TG-EAPCET,MINING ENGINEERING,MINING ENGINEERING,MININGENG,Mining Engineering,154,6,taxonomy alias row
TG-EAPCET,PHARMACEUTICAL ENGINEERING,PHARMACEUTICAL ENGINEERING,PHARMAENG,Pharmaceutical Engineering,44,2,taxonomy alias row
TNEA,AERONAUTICAL ENGINEERING,AERONAUTICAL ENGINEERING,AERO,Aerospace Engineering,140,36,taxonomy alias row
TNEA,AEROSPACE ENGINEERING,AEROSPACE ENGINEERING,AERO,Aerospace Engineering,19,4,taxonomy alias row
TNEA,AGRICULTURAL ENGINEERING,AGRICULTURAL ENGINEERING,AGRIENG,Agricultural Engineering,171,56,taxonomy alias row
TNEA,ARTIFICIAL INTELLIGENCE AND DATA SCIENCE (SS),ARTIFICIAL INTELLIGENCE AND DATA SCIENCE,AIML,Artificial Intelligence / Machine Learning / Data Science,13,2,taxonomy alias row
TNEA,AUTOMOBILE ENGINEERING,AUTOMOBILE ENGINEERING,AUTOENG,Automobile Engineering,82,22,taxonomy alias row
TNEA,AUTOMOBILE ENGINEERING (SS),AUTOMOBILE ENGINEERING,AUTOENG,Automobile Engineering,7,1,taxonomy alias row
TNEA,Artificial Intelligence and Data Science,Artificial Intelligence and Data Science,AIML,Artificial Intelligence / Machine Learning / Data Science,1648,331,taxonomy alias row
TNEA,Artificial Intelligence and Machine Learning,Artificial Intelligence and Machine Learning,AIML,Artificial Intelligence / Machine Learning / Data Science,78,13,taxonomy alias row
TNEA,BIO MEDICAL ENGINEERING (SS),BIO MEDICAL ENGINEERING,BIOMEDENG,Biomedical Engineering,13,2,taxonomy alias row
TNEA,BIO MEDICAL ENGINEERING,BIO MEDICAL ENGINEERING,BIOMEDENG,Biomedical Engineering,422,103,taxonomy alias row
TNEA,BIO TECHNOLOGY (SS),BIO TECHNOLOGY,BIOTECH,Biotechnology,7,1,taxonomy alias row
TNEA,BIO TECHNOLOGY,BIO TECHNOLOGY,BIOTECH,Biotechnology,203,42,taxonomy alias row
TNEA,CHEMICAL ENGINEERING,CHEMICAL ENGINEERING,CHEMENG,Chemical Engineering,121,27,taxonomy alias row
TNEA,CHEMICAL ENGINEERING (SS),CHEMICAL ENGINEERING,CHEMENG,Chemical Engineering,12,2,taxonomy alias row
TNEA,CIVIL ENGINEERING,CIVIL ENGINEERING,CIVILENG,Civil Engineering,815,223,taxonomy alias row
TNEA,CIVIL ENGINEERING (SS),CIVIL ENGINEERING,CIVILENG,Civil Engineering,16,3,taxonomy alias row
TNEA,COMPUTER SCIENCE AND DESIGN,COMPUTER SCIENCE AND DESIGN,CSIT,Computer Science / Information Technology,55,11,taxonomy alias row
TNEA,COMPUTER SCIENCE AND ENGINEERING (SS),COMPUTER SCIENCE AND ENGINEERING,CSIT,Computer Science / Information Technology,34,5,taxonomy alias row
TNEA,COMPUTER SCIENCE AND ENGINEERING,COMPUTER SCIENCE AND ENGINEERING,CSIT,Computer Science / Information Technology,2080,405,taxonomy alias row
TNEA,COMPUTER SCIENCE AND ENGINEERING (DATA SCIENCE),COMPUTER SCIENCE AND ENGINEERING (DATA SCIENCE),CSIT,Computer Science / Information Technology,32,6,taxonomy alias row
TNEA,Computer Science and Technology,Computer Science and Technology,CSIT,Computer Science / Information Technology,6,1,taxonomy alias row
TNEA,Cyber Security,Cyber Security,CYBERSEC,Cyber Security,18,3,taxonomy alias row
TNEA,ELECTRICAL AND ELECTRONICS ENGINEERING,ELECTRICAL AND ELECTRONICS ENGINEERING,ELEC,Electrical / Electronics / Communications Engineering,1272,326,taxonomy alias row
TNEA,ELECTRICAL AND ELECTRONICS ENGINEERING (SS),ELECTRICAL AND ELECTRONICS ENGINEERING,ELEC,Electrical / Electronics / Communications Engineering,17,3,taxonomy alias row
TNEA,ENVIRONMENTAL ENGINEERING,ENVIRONMENTAL ENGINEERING,ENVENG,Environmental Engineering,4,1,taxonomy alias row
TNEA,Electrical and Computer Engineering,Electrical and Computer Engineering,CSIT,Computer Science / Information Technology,26,5,taxonomy alias row
TNEA,Electronics and Computer Engineering,Electronics and Computer Engineering,ELEC,Electrical / Electronics / Communications Engineering,16,3,taxonomy alias row
TNEA,FOOD TECHNOLOGY (SS),FOOD TECHNOLOGY,FOODENG,Food Engineering,6,1,taxonomy alias row
TNEA,FOOD TECHNOLOGY,FOOD TECHNOLOGY,FOODENG,Food Engineering,91,18,taxonomy alias row
TNEA,INDUSTRIAL ENGINEERING,INDUSTRIAL ENGINEERING,INDENG,Industrial / Manufacturing / Production Engineering,7,1,taxonomy alias row
TNEA,INFORMATION TECHNOLOGY (SS),INFORMATION TECHNOLOGY,CSIT,Computer Science / Information Technology,35,5,taxonomy alias row
TNEA,INFORMATION TECHNOLOGY,INFORMATION TECHNOLOGY,CSIT,Computer Science / Information Technology,1450,292,taxonomy alias row
TNEA,INSTRUMENTATION AND CONTROL ENGINEERING (SS),INSTRUMENTATION AND CONTROL ENGINEERING,INSTRENG,Instrumentation Engineering,6,1,taxonomy alias row
TNEA,INSTRUMENTATION AND CONTROL ENGINEERING,INSTRUMENTATION AND CONTROL ENGINEERING,INSTRENG,Instrumentation Engineering,20,5,taxonomy alias row
TNEA,MANUFACTURING ENGINEERING,MANUFACTURING ENGINEERING,INDENG,Industrial / Manufacturing / Production Engineering,14,2,taxonomy alias row
TNEA,MARINE ENGINEERING,MARINE ENGINEERING,MARINE,Marine / Ocean Engineering,2,2,taxonomy alias row
TNEA,MECHANICAL ENGINEERING,MECHANICAL ENGINEERING,MECHENG,Mechanical / Mechatronics Engineering ,1324,352,taxonomy alias row
TNEA,MECHANICAL ENGINEERING (SS),MECHANICAL ENGINEERING,MECHENG,Mechanical / Mechatronics Engineering ,19,3,taxonomy alias row
TNEA,MECHANICAL ENGINEERING (SANDWICH) (SS),MECHANICAL ENGINEERING (SANDWICH),MECHENG,Mechanical / Mechatronics Engineering ,6,1,taxonomy alias row
TNEA,MINING ENGINEERING,MINING ENGINEERING,MININGENG,Mining Engineering,6,1,taxonomy alias row
TNEA,Mechatronics Engineering,Mechatronics Engineering,MECHENG,Mechanical / Mechatronics Engineering ,158,32,taxonomy alias row
TNEA,PETRO CHEMICAL TECHNOLOGY,PETRO CHEMICAL TECHNOLOGY,CHEMENG,Chemical Engineering,25,7,taxonomy alias row
TNEA,PETROLEUM ENGINEERING,PETROLEUM ENGINEERING,PETROLENG,Petroleum Engineering,15,4,taxonomy alias row
TNEA,PLASTIC TECHNOLOGY,PLASTIC TECHNOLOGY,POLYMERTECH,Polymer Technology,6,1,taxonomy alias row
TNEA,PRODUCTION ENGINEERING,PRODUCTION ENGINEERING,INDENG,Industrial / Manufacturing / Production Engineering,19,3,taxonomy alias row
TNEA,PRODUCTION ENGINEERING (SS),PRODUCTION ENGINEERING,INDENG,Industrial / Manufacturing / Production Engineering,6,1,taxonomy alias row
TNEA,ROBOTICS AND ARTIFICIAL INTELLIGENCE,ROBOTICS AND ARTIFICIAL INTELLIGENCE,AIML,Artificial Intelligence / Machine Learning / Data Science,5,2,taxonomy alias row
TNEA,ROBOTICS AND AUTOMATION (SS),ROBOTICS AND AUTOMATION,ROBOENG,Robotics Engineering,12,2,taxonomy alias row
TNEA,ROBOTICS AND AUTOMATION,ROBOTICS AND AUTOMATION,ROBOENG,Robotics Engineering,108,25,taxonomy alias row
TNEA,Safety and Fire Engineering,Safety and Fire Engineering,SAFETYENG,Safety Engineering,14,3,taxonomy alias row
TNEA,TEXTILE TECHNOLOGY,TEXTILE TECHNOLOGY,TEXTILE,Textile Engineering,26,9,taxonomy alias row
TNEA,TEXTILE TECHNOLOGY (SS),TEXTILE TECHNOLOGY,TEXTILE,Textile Engineering,6,1,taxonomy alias row
WBJEE,5G,5G,ELEC,Electrical / Electronics / Communications Engineering,1,1,taxonomy alias row
WBJEE,5G (TFW),5G,ELEC,Electrical / Electronics / Communications Engineering,2,1,taxonomy alias row
WBJEE,ARTIFICIAL INTELLIGENCE (AI) AND DATA SCIENCE,ARTIFICIAL INTELLIGENCE (AI) AND DATA SCIENCE,AIML,Artificial Intelligence / Machine Learning / Data Science,49,5,taxonomy alias row
WBJEE,ARTIFICIAL INTELLIGENCE (AI) AND DATA SCIENCE - TFW,ARTIFICIAL INTELLIGENCE (AI) AND DATA SCIENCE,AIML,Artificial Intelligence / Machine Learning / Data Science,13,5,taxonomy alias row
WBJEE,Agricultural Engineering,Agricultural Engineering,AGRIENG,Agricultural Engineering,264,7,taxonomy alias row
WBJEE,Agricultural Engineering (TFW),Agricultural Engineering,AGRIENG,Agricultural Engineering,43,7,taxonomy alias row
WBJEE,Architecture,Architecture,ARCH,Architecture,25,2,taxonomy alias row
WBJEE,Architecture (TFW),Architecture,ARCH,Architecture,2,1,taxonomy alias row
WBJEE,Artificial Intelligence And Data Science,Artificial Intelligence And Data Science,AIML,Artificial Intelligence / Machine Learning / Data Science,31,3,taxonomy alias row
WBJEE,Artificial Intelligence And Data Science (TFW),Artificial Intelligence And Data Science,AIML,Artificial Intelligence / Machine Learning / Data Science,9,2,taxonomy alias row
WBJEE,Artificial Intelligence And Machine Learning,Artificial Intelligence And Machine Learning,AIML,Artificial Intelligence / Machine Learning / Data Science,118,15,taxonomy alias row
WBJEE,Artificial Intelligence And Machine Learning (TFW),Artificial Intelligence And Machine Learning,AIML,Artificial Intelligence / Machine Learning / Data Science,54,12,taxonomy alias row
WBJEE,Automobile Engineering,Automobile Engineering,AUTOENG,Automobile Engineering,32,2,taxonomy alias row
WBJEE,Automobile Engineering (TFW),Automobile Engineering,AUTOENG,Automobile Engineering,1,1,taxonomy alias row
WBJEE,Biomedical Engineering,Biomedical Engineering,BIOMEDENG,Biomedical Engineering,62,2,taxonomy alias row
WBJEE,Biomedical Engineering (TFW),Biomedical Engineering,BIOMEDENG,Biomedical Engineering,28,2,taxonomy alias row
WBJEE,Biotechnology,Biotechnology,BIOTECH,Biotechnology,166,8,taxonomy alias row
WBJEE,Biotechnology (TFW),Biotechnology,BIOTECH,Biotechnology,42,5,taxonomy alias row
WBJEE,COMPUTER SCIENCE AND DESIGN,COMPUTER SCIENCE AND DESIGN,CSIT,Computer Science / Information Technology,3,1,taxonomy alias row
WBJEE,COMPUTER SCIENCE AND DESIGN - TFW,COMPUTER SCIENCE AND DESIGN,CSIT,Computer Science / Information Technology,3,1,taxonomy alias row
WBJEE,COMPUTER SCIENCE AND INFORMATION TECHNOLOGY,COMPUTER SCIENCE AND INFORMATION TECHNOLOGY,CSIT,Computer Science / Information Technology,43,6,taxonomy alias row
WBJEE,COMPUTER SCIENCE AND INFORMATION TECHNOLOGY-TFW,COMPUTER SCIENCE AND INFORMATION TECHNOLOGY,CSIT,Computer Science / Information Technology,14,6,taxonomy alias row
WBJEE,CYBER SECURITY,CYBER SECURITY,CYBERSEC,Cyber Security,5,1,taxonomy alias row
WBJEE,Chemical Engineering,Chemical Engineering,CHEMENG,Chemical Engineering,342,5,taxonomy alias row
WBJEE,Chemical Engineering (TFW),Chemical Engineering,CHEMENG,Chemical Engineering,49,4,taxonomy alias row
WBJEE,Civil And Environmental Engineering,Civil And Environmental Engineering,CIVILENG,Civil Engineering,75,2,taxonomy alias row
WBJEE,Civil And Environmental Engineering (TFW),Civil And Environmental Engineering,CIVILENG,Civil Engineering,3,1,taxonomy alias row
WBJEE,Civil Engineering,Civil Engineering,CIVILENG,Civil Engineering,1135,64,taxonomy alias row
WBJEE,Civil Engineering (TFW),Civil Engineering,CIVILENG,Civil Engineering,125,19,taxonomy alias row
WBJEE,Computer Science And Design,Computer Science And Design,CSIT,Computer Science / Information Technology,12,1,taxonomy alias row
WBJEE,Computer Science And Design - TFW,Computer Science And Design,CSIT,Computer Science / Information Technology,8,1,taxonomy alias row
WBJEE,Data Science,Data Science,AIML,Artificial Intelligence / Machine Learning / Data Science,21,4,taxonomy alias row
WBJEE,Data Science (TFW),Data Science,AIML,Artificial Intelligence / Machine Learning / Data Science,3,1,taxonomy alias row
WBJEE,Electrical Engineering,Electrical Engineering,ELEC,Electrical / Electronics / Communications Engineering,1841,74,taxonomy alias row
WBJEE,Electrical Engineering (TFW),Electrical Engineering,ELEC,Electrical / Electronics / Communications Engineering,297,43,taxonomy alias row
WBJEE,Food Engineering And Technology,Food Engineering And Technology,FOODENG,Food Engineering,14,1,taxonomy alias row
WBJEE,Food Engineering And Technology - TFW,Food Engineering And Technology,FOODENG,Food Engineering,2,1,taxonomy alias row
WBJEE,Food Technology,Food Technology,FOODENG,Food Engineering,212,5,taxonomy alias row
WBJEE,Food Technology (TFW),Food Technology,FOODENG,Food Engineering,29,4,taxonomy alias row
WBJEE,INDUSTRIAL ENGINEERING,INDUSTRIAL ENGINEERING,INDENG,Industrial / Manufacturing / Production Engineering,15,1,taxonomy alias row
WBJEE,INDUSTRIAL ENGINEERING (TFW),INDUSTRIAL ENGINEERING,INDENG,Industrial / Manufacturing / Production Engineering,3,1,taxonomy alias row
WBJEE,Information Technology,Information Technology,CSIT,Computer Science / Information Technology,1675,45,taxonomy alias row
WBJEE,Information Technology (TFW),Information Technology,CSIT,Computer Science / Information Technology,378,36,taxonomy alias row
WBJEE,Instrumentation Engineering,Instrumentation Engineering,INSTRENG,Instrumentation Engineering,69,1,taxonomy alias row
WBJEE,Instrumentation Engineering (TFW),Instrumentation Engineering,INSTRENG,Instrumentation Engineering,9,1,taxonomy alias row
WBJEE,Marine Engineering,Marine Engineering,MARINE,Marine / Ocean Engineering,4,1,taxonomy alias row
WBJEE,Mechanical Engineering,Mechanical Engineering,MECHENG,Mechanical / Mechatronics Engineering ,1315,61,taxonomy alias row
WBJEE,Mechanical Engineering (TFW),Mechanical Engineering,MECHENG,Mechanical / Mechatronics Engineering ,184,30,taxonomy alias row
WBJEE,Mechatronics Engineering,Mechatronics Engineering,MECHENG,Mechanical / Mechatronics Engineering ,2,1,taxonomy alias row
WBJEE,Mechatronics Engineering (TFW),Mechatronics Engineering,MECHENG,Mechanical / Mechatronics Engineering ,2,1,taxonomy alias row
WBJEE,Mining Engineering,Mining Engineering,MININGENG,Mining Engineering,75,1,taxonomy alias row
WBJEE,PRINTING ENGINEERING,PRINTING ENGINEERING,PRINTENG,Printing Engineering,53,1,taxonomy alias row
WBJEE,PRINTING ENGINEERING-TFW,PRINTING ENGINEERING,PRINTENG,Printing Engineering,7,1,taxonomy alias row
WBJEE,Printing Technology,Printing Technology,PRINTENG,Printing Engineering,14,1,taxonomy alias row
WBJEE,Printing Technology (TFW),Printing Technology,PRINTENG,Printing Engineering,2,1,taxonomy alias row
WBJEE,Production Engineering,Production Engineering,INDENG,Industrial / Manufacturing / Production Engineering,106,1,taxonomy alias row
WBJEE,Production Engineering (TFW),Production Engineering,INDENG,Industrial / Manufacturing / Production Engineering,12,1,taxonomy alias row
WBJEE,Robotics,Robotics,ROBOENG,Robotics Engineering,3,1,taxonomy alias row
WBJEE,Textile Technology,Textile Technology,TEXTILE,Textile Engineering,159,2,taxonomy alias row
WBJEE,Textile Technology (TFW),Textile Technology,TEXTILE,Textile Engineering,26,2,taxonomy alias row
JAC-Chandigarh,B.E. in Bio Technology,Biotechnology,BIOTECH,Biotechnology,37,1,same string as another exam
JAC-Chandigarh,B.E. in Bio Technology - TFW,Biotechnology,BIOTECH,Biotechnology,3,1,same string as another exam
JAC-Chandigarh,B.E. in Chemical Engineering,Chemical Engineering,CHEMENG,Chemical Engineering,43,1,same string as another exam
JAC-Chandigarh,B.E. in Civil Engineering,Civil Engineering,CIVILENG,Civil Engineering,41,1,same string as another exam
JAC-Chandigarh,B.E. in Civil Engineering - TFW,Civil Engineering,CIVILENG,Civil Engineering,1,1,same string as another exam
JAC-Chandigarh,B.E. in Computer Science & Engineering,Computer Science & Engineering,CSIT,Computer Science / Information Technology,141,3,same string as another exam
JAC-Chandigarh,B.E. in Computer Science & Engineering - TFW,Computer Science & Engineering,CSIT,Computer Science / Information Technology,9,3,same string as another exam
JAC-Chandigarh,B.E. in Electrical & Electronics Engineering,Electrical & Electronics Engineering,ELEC,Electrical / Electronics / Communications Engineering,44,1,same string as another exam
JAC-Chandigarh,B.E. in Electrical & Electronics Engineering - TFW,Electrical & Electronics Engineering,ELEC,Electrical / Electronics / Communications Engineering,5,1,same string as another exam
JAC-Chandigarh,B.E. in Electronics & Communication Engineering,Electronics & Communication Engineering,ELEC,Electrical / Electronics / Communications Engineering,129,3,same string as another exam
JAC-Chandigarh,B.E. in Electronics & Communication Engineering - TFW,Electronics & Communication Engineering,ELEC,Electrical / Electronics / Communications Engineering,14,3,same string as another exam
JAC-Chandigarh,B.E. in Food Technology,Food Technology,FOODENG,Food Engineering,32,1,same string as another exam
JAC-Chandigarh,B.E. in Information Technology,Information Technology,CSIT,Computer Science / Information Technology,86,2,same string as another exam
JAC-Chandigarh,B.E. in Information Technology - TFW,Information Technology,CSIT,Computer Science / Information Technology,7,2,same string as another exam
JAC-Chandigarh,B.E. in Mechanical Engineering,Mechanical Engineering,MECHENG,Mechanical / Mechatronics Engineering ,120,3,same string as another exam
JAC-Chandigarh,B.E. in Mechanical Engineering - TFW,Mechanical Engineering,MECHENG,Mechanical / Mechatronics Engineering ,10,3,same string as another exam
JAC-Chandigarh,Bachelor of Architecture,Architecture,ARCH,Architecture,22,1,same string as another exam
JAC-Chandigarh,Integrated B.E. (Chemical Engineering) - MBA,Chemical Engineering,CHEMENG,Chemical Engineering,38,1,same string as another exam
JAC-Chandigarh,Integrated B.E. (Chemical Engineering) - MBA - TFW,Chemical Engineering,CHEMENG,Chemical Engineering,5,1,same string as another exam
AIIMS-Nursing,B.Sc. (Hons.) Nursing,BSc Nursing,NURSING,Nursing,188,18,same string as another exam
ICAR-UG,B.F.Sc. Bachelor of Fisheries Sciences,B.F.Sc. Bachelor of Fisheries Sciences,FISH,Fishery Science,762,22,taxonomy parent by name
ICAR-UG,B.Sc. (Hons.) Agribusiness Management,B.Sc. (Hons.) Agribusiness Management,AGRIBUSMGT,Agribusiness Management,83,4,taxonomy alias row
ICAR-UG,B.Sc. (Hons.) Agriculture,B.Sc. (Hons.) Agriculture,AGRI,Agriculture,3505,50,taxonomy parent by name
ICAR-UG,B.Sc. (Hons.) Community Science,B.Sc. (Hons.) Community Science,COMMUNITYSCI,Community Science,687,18,taxonomy alias row
ICAR-UG,B.Sc. (Hons.) Food Nutrition and Dietetics,B.Sc. (Hons.) Food Nutrition and Dietetics,NUTRITION,Food Nutrition and Dietetics,246,8,taxonomy alias row
ICAR-UG,B.Sc. (Hons.) Forestry,B.Sc. (Hons.) Forestry,FOREST,Forestry,713,20,taxonomy parent by name
ICAR-UG,B.Sc. (Hons.) Horticulture,B.Sc. (Hons.) Horticulture,HORTI,Horticulture,1548,30,taxonomy parent by name
ICAR-UG,B.Sc. (Hons.) Nutural Farming,B.Sc. (Hons.) Natural Farming,AGRI,Agriculture,125,4,taxonomy parent by name
ICAR-UG,B.Sc. (Hons.) Sericulture,B.Sc. (Hons.) Sericulture,SERI,Sericulture,89,3,taxonomy parent by name
ICAR-UG,B.Tech. Agricultural Engineering,B.Tech. Agricultural Engineering,AGRIENG,Agricultural Engineering,956,27,same string as another exam
ICAR-UG,B.Tech. Bio-Technology,B.Tech. Bio-Technology,BIOTECH,Biotechnology,484,13,same string as another exam
ICAR-UG,B.Tech. Dairy Technology,B.Tech. Dairy Technology,DAIRYENG,Dairy Engineering,557,18,same string as another exam
ICAR-UG,B.Tech. Food Technology,B.Tech. Food Technology,FOODENG,Food Engineering,741,20,same string as another exam
